2026-01-30 18:31:13 [main] DEBUG org.testng.TestNG - suiteXmlPath: "C:\Users\Michael\AppData\Local\JetBrains\IdeaIC2025.2\temp-testng-customsuite.xml"
2026-01-30 18:31:14 [main] DEBUG org.springframework.boot.test.context.SpringBootTestContextBootstrapper - Neither @ContextConfiguration nor @ContextHierarchy found for test class [TestTransactionService]: using SpringBootContextLoader
2026-01-30 18:31:14 [main] DEBUG org.springframework.test.context.support.AbstractContextLoader - Could not detect default resource locations for test class [com.backendsyndicate.smashclub.payment.TestTransactionService]: no resource found for suffixes {-context.xml, Context.groovy}.
2026-01-30 18:31:14 [main] INFO  org.springframework.test.context.support.AnnotationConfigContextLoaderUtils - Could not detect default configuration classes for test class [com.backendsyndicate.smashclub.payment.TestTransactionService]: TestTransactionService does not declare any static, non-private, non-final, nested classes annotated with @Configuration.
2026-01-30 18:31:14 [main] DEBUG org.springframework.boot.test.context.SpringBootTestContextBootstrapper - Using ContextCustomizerFactory implementations for test class [TestTransactionService]: [ImportsContextCustomizerFactory, PropertyMappingContextCustomizerFactory, ExcludeFilterContextCustomizerFactory, TypeExcludeFiltersContextCustomizerFactory, DisableReactorResourceFactoryGlobalResourcesContextCustomizerFactory, DuplicateJsonObjectContextCustomizerFactory, OnFailureConditionReportContextCustomizerFactory, OverrideAutoConfigurationContextCustomizerFactory, BeanOverrideContextCustomizerFactory, MockServerContainerContextCustomizerFactory, DynamicPropertiesContextCustomizerFactory, SpringBootTestRandomPortContextCustomizerFactory]
2026-01-30 18:31:14 [main] DEBUG org.springframework.boot.test.context.SpringBootTestContextBootstrapper - Using ContextCustomizers for test class [TestTransactionService]: [PropertyMappingContextCustomizer, ExcludeFilterContextCustomizer, DuplicateJsonObjectContextCustomizer, OnFailureConditionReportContextCustomizer, DynamicPropertiesContextCustomizer, Customizer]
2026-01-30 18:31:14 [main] DEBUG org.springframework.context.annotation.ClassPathScanningCandidateComponentProvider - Identified candidate component class: file [C:\Users\Michael\IdeaProjects\smashclub\smashclub\target\classes\com\backendsyndicate\smashclub\SmashclubApplication.class]
2026-01-30 18:31:14 [main] INFO  org.springframework.boot.test.context.SpringBootTestContextBootstrapper - Found @SpringBootConfiguration com.backendsyndicate.smashclub.SmashclubApplication for test class com.backendsyndicate.smashclub.payment.TestTransactionService
2026-01-30 18:31:14 [main] DEBUG org.springframework.test.context.util.TestContextSpringFactoriesUtils - Skipping candidate TestExecutionListener [org.springframework.test.context.observation.MicrometerObservationRegistryTestExecutionListener] due to a missing dependency. Specify custom TestExecutionListener classes or make the default TestExecutionListener classes and their required dependencies available. Offending class: io.micrometer.context.ThreadLocalAccessor. MicrometerObservationRegistryTestExecutionListener requires io.micrometer:micrometer-observation:1.10.8 or higher and io.micrometer:context-propagation:1.0.3 or higher.
2026-01-30 18:31:14 [main] DEBUG org.springframework.boot.test.context.SpringBootTestContextBootstrapper - Using TestExecutionListeners for test class [TestTransactionService]: [ServletTestExecutionListener, DirtiesContextBeforeModesTestExecutionListener, ApplicationEventsTestExecutionListener, BeanOverrideTestExecutionListener, DependencyInjectionTestExecutionListener, DirtiesContextTestExecutionListener, CommonCachesTestExecutionListener, TransactionalTestExecutionListener, SqlScriptsTestExecutionListener, EventPublishingTestExecutionListener, MockitoResetTestExecutionListener]
2026-01-30 18:31:14 [main] INFO  org.testng.internal.Utils - [TestNG] Running:
  C:\Users\Michael\AppData\Local\JetBrains\IdeaIC2025.2\temp-testng-customsuite.xml

2026-01-30 18:31:14 [main] DEBUG org.springframework.test.context.support.DirtiesContextBeforeModesTestExecutionListener - Before test class: class [TestTransactionService], class annotated with @DirtiesContext [false] with mode [null]
2026-01-30 18:31:14 [main] DEBUG org.springframework.test.context.support.DependencyInjectionTestExecutionListener - Performing dependency injection for test class com.backendsyndicate.smashclub.payment.TestTransactionService
2026-01-30 18:31:15 [main] DEBUG org.springframework.core.env.PropertySourcesPropertyResolver - Found key 'spring.application.name' in PropertySource 'configurationProperties' with value of type String
2026-01-30 18:31:15 [main] DEBUG org.springframework.boot.SpringApplication - Loading source class com.backendsyndicate.smashclub.SmashclubApplication
2026-01-30 18:31:15 [main] DEBUG org.springframework.boot.web.server.servlet.context.AnnotationConfigServletWebServerApplicationContext - Refreshing org.springframework.boot.web.server.servlet.context.AnnotationConfigServletWebServerApplicationContext@6f38a289
2026-01-30 18:31:15 [background-preinit] DEBUG org.jboss.logging - Logging Provider: org.jboss.logging.Log4j2LoggerProvider
2026-01-30 18:31:15 [background-preinit] INFO  org.hibernate.validator.internal.util.Version - HV000001: Hibernate Validator 9.0.1.Final
2026-01-30 18:31:15 [background-preinit] DEBUG org.hibernate.validator.internal.xml.config.ValidationXmlParser - Trying to load META-INF/validation.xml for XML based Validator configuration.
2026-01-30 18:31:15 [background-preinit] DEBUG org.hibernate.validator.internal.xml.config.ResourceLoaderHelper - Trying to load META-INF/validation.xml via TCCL
2026-01-30 18:31:15 [main] DEBUG org.springframework.beans.factory.support.DefaultListableBeanFactory - Creating shared instance of singleton bean 'org.springframework.context.annotation.internalConfigurationAnnotationProcessor'
2026-01-30 18:31:15 [background-preinit] DEBUG org.hibernate.validator.internal.xml.config.ResourceLoaderHelper - Trying to load META-INF/validation.xml via Hibernate Validator's class loader
2026-01-30 18:31:15 [background-preinit] DEBUG org.hibernate.validator.internal.xml.config.ValidationXmlParser - No META-INF/validation.xml found. Using annotation based configuration only.
2026-01-30 18:31:15 [background-preinit] DEBUG org.hibernate.validator.internal.engine.resolver.TraversableResolvers - Found jakarta.persistence.Persistence on classpath containing 'getPersistenceUtil'. Assuming Jakarta Persistence environment. Trying to instantiate Jakarta Persistence aware TraversableResolver
2026-01-30 18:31:15 [background-preinit] DEBUG org.hibernate.validator.internal.engine.resolver.TraversableResolvers - Instantiated Jakarta Persistence aware TraversableResolver of type org.hibernate.validator.internal.engine.resolver.JPATraversableResolver.
2026-01-30 18:31:15 [main] DEBUG org.springframework.beans.factory.support.DefaultListableBeanFactory - Creating shared instance of singleton bean 'org.springframework.boot.autoconfigure.internalCachingMetadataReaderFactory'
2026-01-30 18:31:15 [background-preinit] DEBUG org.hibernate.validator.messageinterpolation.ResourceBundleMessageInterpolator - Loaded expression factory via original TCCL
2026-01-30 18:31:15 [main] DEBUG org.springframework.context.annotation.ClassPathBeanDefinitionScanner - Identified candidate component class: file [C:\Users\Michael\IdeaProjects\smashclub\smashclub\target\classes\com\backendsyndicate\smashclub\auth\controller\AuthController.class]
2026-01-30 18:31:15 [main] DEBUG org.springframework.context.annotation.ClassPathBeanDefinitionScanner - Identified candidate component class: file [C:\Users\Michael\IdeaProjects\smashclub\smashclub\target\classes\com\backendsyndicate\smashclub\auth\service\AuthService.class]
2026-01-30 18:31:15 [main] DEBUG org.springframework.context.annotation.ClassPathBeanDefinitionScanner - Identified candidate component class: file [C:\Users\Michael\IdeaProjects\smashclub\smashclub\target\classes\com\backendsyndicate\smashclub\common\config\LogConfig.class]
2026-01-30 18:31:15 [main] DEBUG org.springframework.context.annotation.ClassPathBeanDefinitionScanner - Identified candidate component class: file [C:\Users\Michael\IdeaProjects\smashclub\smashclub\target\classes\com\backendsyndicate\smashclub\common\config\MainConfig.class]
2026-01-30 18:31:15 [main] DEBUG org.springframework.context.annotation.ClassPathBeanDefinitionScanner - Identified candidate component class: file [C:\Users\Michael\IdeaProjects\smashclub\smashclub\target\classes\com\backendsyndicate\smashclub\common\config\SMTPConfig.class]
2026-01-30 18:31:15 [main] DEBUG org.springframework.context.annotation.ClassPathBeanDefinitionScanner - Identified candidate component class: file [C:\Users\Michael\IdeaProjects\smashclub\smashclub\target\classes\com\backendsyndicate\smashclub\common\handler\GlobalExceptionHandler.class]
2026-01-30 18:31:15 [main] DEBUG org.springframework.context.annotation.ClassPathBeanDefinitionScanner - Identified candidate component class: file [C:\Users\Michael\IdeaProjects\smashclub\smashclub\target\classes\com\backendsyndicate\smashclub\common\security\SecurityConfiguration.class]
2026-01-30 18:31:15 [main] DEBUG org.springframework.context.annotation.ClassPathBeanDefinitionScanner - Identified candidate component class: file [C:\Users\Michael\IdeaProjects\smashclub\smashclub\target\classes\com\backendsyndicate\smashclub\payment\controller\TransactionController.class]
2026-01-30 18:31:15 [main] DEBUG org.springframework.context.annotation.ClassPathBeanDefinitionScanner - Identified candidate component class: file [C:\Users\Michael\IdeaProjects\smashclub\smashclub\target\classes\com\backendsyndicate\smashclub\payment\controller\WalletController.class]
2026-01-30 18:31:15 [main] DEBUG org.springframework.context.annotation.ClassPathBeanDefinitionScanner - Identified candidate component class: file [C:\Users\Michael\IdeaProjects\smashclub\smashclub\target\classes\com\backendsyndicate\smashclub\payment\service\helper\PaymentHelper.class]
2026-01-30 18:31:15 [main] DEBUG org.springframework.context.annotation.ClassPathBeanDefinitionScanner - Identified candidate component class: file [C:\Users\Michael\IdeaProjects\smashclub\smashclub\target\classes\com\backendsyndicate\smashclub\payment\service\PaymentService.class]
2026-01-30 18:31:15 [main] DEBUG org.springframework.context.annotation.ClassPathBeanDefinitionScanner - Identified candidate component class: file [C:\Users\Michael\IdeaProjects\smashclub\smashclub\target\classes\com\backendsyndicate\smashclub\payment\service\TransactionService.class]
2026-01-30 18:31:15 [main] DEBUG org.springframework.context.annotation.ClassPathBeanDefinitionScanner - Identified candidate component class: file [C:\Users\Michael\IdeaProjects\smashclub\smashclub\target\classes\com\backendsyndicate\smashclub\payment\service\WalletService.class]
2026-01-30 18:31:15 [background-preinit] DEBUG org.hibernate.validator.internal.engine.ValidatorFactoryConfigurationHelper - HV000252: Using org.hibernate.validator.internal.engine.DefaultPropertyNodeNameProvider as property node name provider.
2026-01-30 18:31:15 [background-preinit] DEBUG org.hibernate.validator.internal.engine.ValidatorFactoryConfigurationHelper - HV000234: Using org.hibernate.validator.messageinterpolation.ResourceBundleMessageInterpolator as ValidatorFactory-scoped message interpolator.
2026-01-30 18:31:15 [background-preinit] DEBUG org.hibernate.validator.internal.engine.ValidatorFactoryConfigurationHelper - HV000234: Using org.hibernate.validator.internal.engine.resolver.JPATraversableResolver as ValidatorFactory-scoped traversable resolver.
2026-01-30 18:31:15 [background-preinit] DEBUG org.hibernate.validator.internal.engine.ValidatorFactoryConfigurationHelper - HV000234: Using org.hibernate.validator.internal.util.ExecutableParameterNameProvider as ValidatorFactory-scoped parameter name provider.
2026-01-30 18:31:15 [background-preinit] DEBUG org.hibernate.validator.internal.engine.ValidatorFactoryConfigurationHelper - HV000234: Using org.hibernate.validator.internal.engine.DefaultClockProvider as ValidatorFactory-scoped clock provider.
2026-01-30 18:31:15 [background-preinit] DEBUG org.hibernate.validator.internal.engine.ValidatorFactoryConfigurationHelper - HV000234: Using org.hibernate.validator.internal.engine.scripting.DefaultScriptEvaluatorFactory as ValidatorFactory-scoped script evaluator factory.
2026-01-30 18:31:16 [main] INFO  org.springframework.data.repository.config.RepositoryConfigurationDelegate - Bootstrapping Spring Data JPA repositories in DEFAULT mode.
2026-01-30 18:31:16 [main] DEBUG org.springframework.beans.factory.support.DefaultListableBeanFactory - Creating shared instance of singleton bean 'org.springframework.boot.autoconfigure.AutoConfigurationPackages'
2026-01-30 18:31:16 [main] DEBUG org.springframework.boot.autoconfigure.AutoConfigurationPackages - @EnableAutoConfiguration was declared on a class in the package 'com.backendsyndicate.smashclub'. Automatic @Repository and @Entity scanning is enabled.
2026-01-30 18:31:16 [main] DEBUG org.springframework.data.repository.config.RepositoryConfigurationDelegate - Scanning for JPA repositories in packages com.backendsyndicate.smashclub.
2026-01-30 18:31:16 [main] DEBUG org.springframework.data.repository.config.RepositoryComponentProvider - Identified candidate component class: file [C:\Users\Michael\IdeaProjects\smashclub\smashclub\target\classes\com\backendsyndicate\smashclub\payment\repo\RefundRequestRepo.class]
2026-01-30 18:31:16 [main] DEBUG org.springframework.data.repository.config.RepositoryComponentProvider - Identified candidate component class: file [C:\Users\Michael\IdeaProjects\smashclub\smashclub\target\classes\com\backendsyndicate\smashclub\payment\repo\TransactionLogRepo.class]
2026-01-30 18:31:16 [main] DEBUG org.springframework.data.repository.config.RepositoryComponentProvider - Identified candidate component class: file [C:\Users\Michael\IdeaProjects\smashclub\smashclub\target\classes\com\backendsyndicate\smashclub\payment\repo\TransactionRepo.class]
2026-01-30 18:31:16 [main] DEBUG org.springframework.data.repository.config.RepositoryComponentProvider - Identified candidate component class: file [C:\Users\Michael\IdeaProjects\smashclub\smashclub\target\classes\com\backendsyndicate\smashclub\payment\repo\WalletLogRepo.class]
2026-01-30 18:31:16 [main] DEBUG org.springframework.data.repository.config.RepositoryComponentProvider - Identified candidate component class: file [C:\Users\Michael\IdeaProjects\smashclub\smashclub\target\classes\com\backendsyndicate\smashclub\payment\repo\WalletRepo.class]
2026-01-30 18:31:16 [main] INFO  org.springframework.data.repository.config.RepositoryConfigurationDelegate - Finished Spring Data repository scanning in 114 ms. Found 5 JPA repository interfaces.
2026-01-30 18:31:16 [main] DEBUG org.springframework.beans.factory.support.DefaultListableBeanFactory - Creating shared instance of singleton bean 'springSecurityPathPatternParserBeanDefinitionRegistryPostProcessor'
2026-01-30 18:31:17 [main] DEBUG org.springframework.beans.factory.support.DefaultListableBeanFactory - Creating shared instance of singleton bean 'propertySourcesPlaceholderConfigurer'
2026-01-30 18:31:17 [main] DEBUG org.springframework.beans.factory.support.DefaultListableBeanFactory - Creating shared instance of singleton bean 'org.springframework.boot.sql.init.dependency.DatabaseInitializationDependencyConfigurer$DependsOnDatabaseInitializationPostProcessor'
2026-01-30 18:31:17 [main] DEBUG org.springframework.beans.factory.support.DefaultListableBeanFactory - Creating shared instance of singleton bean 'org.springframework.context.event.internalEventListenerProcessor'
2026-01-30 18:31:17 [main] DEBUG org.springframework.beans.factory.support.DefaultListableBeanFactory - Creating shared instance of singleton bean 'conversionServicePostProcessor'
2026-01-30 18:31:17 [main] DEBUG org.springframework.beans.factory.support.DefaultListableBeanFactory - Creating shared instance of singleton bean 'bootstrapExecutorAliasPostProcessor'
2026-01-30 18:31:17 [main] DEBUG org.springframework.beans.factory.support.DefaultListableBeanFactory - Creating shared instance of singleton bean 'preserveErrorControllerTargetClassPostProcessor'
2026-01-30 18:31:17 [main] DEBUG org.springframework.beans.factory.support.DefaultListableBeanFactory - Creating shared instance of singleton bean 'org.springframework.context.event.internalEventListenerFactory'
2026-01-30 18:31:17 [main] DEBUG org.springframework.beans.factory.support.DefaultListableBeanFactory - Creating shared instance of singleton bean 'org.springframework.transaction.config.internalTransactionalEventListenerFactory'
2026-01-30 18:31:17 [main] DEBUG org.springframework.beans.factory.support.DefaultListableBeanFactory - Creating shared instance of singleton bean 'org.springframework.context.annotation.internalAutowiredAnnotationProcessor'
2026-01-30 18:31:17 [main] DEBUG org.springframework.beans.factory.support.DefaultListableBeanFactory - Creating shared instance of singleton bean 'org.springframework.context.annotation.internalCommonAnnotationProcessor'
2026-01-30 18:31:17 [main] DEBUG org.springframework.beans.factory.support.DefaultListableBeanFactory - Creating shared instance of singleton bean 'org.springframework.context.annotation.internalPersistenceAnnotationProcessor'
2026-01-30 18:31:17 [main] DEBUG org.springframework.beans.factory.support.DefaultListableBeanFactory - Creating shared instance of singleton bean 'org.springframework.boot.context.properties.ConfigurationPropertiesBindingPostProcessor'
2026-01-30 18:31:17 [main] DEBUG org.springframework.beans.factory.support.DefaultListableBeanFactory - Creating shared instance of singleton bean 'org.springframework.boot.context.internalConfigurationPropertiesBinder'
2026-01-30 18:31:17 [main] DEBUG org.springframework.beans.factory.support.DefaultListableBeanFactory - Creating shared instance of singleton bean 'org.springframework.aop.config.internalAutoProxyCreator'
2026-01-30 18:31:17 [main] DEBUG org.springframework.beans.factory.support.DefaultListableBeanFactory - Creating shared instance of singleton bean 'org.springframework.aop.framework.autoproxy.defaultProxyConfig'
2026-01-30 18:31:17 [main] DEBUG org.springframework.beans.factory.support.DefaultListableBeanFactory - Creating shared instance of singleton bean 'methodValidationPostProcessor'
2026-01-30 18:31:17 [main] DEBUG org.springframework.beans.factory.support.DefaultListableBeanFactory - Autowiring by type from bean name 'methodValidationPostProcessor' via factory method to bean named 'environment'
2026-01-30 18:31:17 [main] DEBUG org.springframework.beans.factory.support.DefaultListableBeanFactory - Creating shared instance of singleton bean 'org.springframework.boot.context.properties.EnableConfigurationPropertiesRegistrar.methodValidationExcludeFilter'
2026-01-30 18:31:17 [main] DEBUG org.springframework.beans.factory.support.DefaultListableBeanFactory - Creating shared instance of singleton bean 'persistenceExceptionTranslationPostProcessor'
2026-01-30 18:31:17 [main] DEBUG org.springframework.beans.factory.support.DefaultListableBeanFactory - Autowiring by type from bean name 'persistenceExceptionTranslationPostProcessor' via factory method to bean named 'environment'
2026-01-30 18:31:17 [main] DEBUG org.springframework.beans.factory.support.DefaultListableBeanFactory - Creating shared instance of singleton bean 'projectingArgumentResolverBeanPostProcessor'
2026-01-30 18:31:17 [main] DEBUG org.springframework.beans.factory.support.DefaultListableBeanFactory - Creating shared instance of singleton bean 'preFilterAuthorizationAdvisor'
2026-01-30 18:31:17 [main] DEBUG org.springframework.beans.factory.support.DefaultListableBeanFactory - Creating shared instance of singleton bean 'preFilterAuthorizationMethodInterceptor'
2026-01-30 18:31:17 [main] DEBUG org.springframework.beans.factory.support.DefaultListableBeanFactory - Creating shared instance of singleton bean 'preAuthorizeAuthorizationAdvisor'
2026-01-30 18:31:17 [main] DEBUG org.springframework.beans.factory.support.DefaultListableBeanFactory - Creating shared instance of singleton bean 'preAuthorizeAuthorizationMethodInterceptor'
2026-01-30 18:31:17 [main] DEBUG org.springframework.beans.factory.support.DefaultListableBeanFactory - Creating shared instance of singleton bean 'postFilterAuthorizationAdvisor'
2026-01-30 18:31:17 [main] DEBUG org.springframework.beans.factory.support.DefaultListableBeanFactory - Creating shared instance of singleton bean 'postFilterAuthorizationMethodInterceptor'
2026-01-30 18:31:17 [main] DEBUG org.springframework.beans.factory.support.DefaultListableBeanFactory - Creating shared instance of singleton bean 'postAuthorizeAuthorizationAdvisor'
2026-01-30 18:31:17 [main] DEBUG org.springframework.beans.factory.support.DefaultListableBeanFactory - Creating shared instance of singleton bean 'postAuthorizeAuthorizationMethodInterceptor'
2026-01-30 18:31:17 [main] DEBUG org.springframework.beans.factory.support.DefaultListableBeanFactory - Creating shared instance of singleton bean 'authorizeReturnObjectAdvisor'
2026-01-30 18:31:17 [main] DEBUG org.springframework.beans.factory.support.DefaultListableBeanFactory - Creating shared instance of singleton bean 'authorizeReturnObjectMethodInterceptor'
2026-01-30 18:31:17 [main] DEBUG org.springframework.beans.factory.support.DefaultListableBeanFactory - Creating shared instance of singleton bean 'org.springframework.transaction.config.internalTransactionAdvisor'
2026-01-30 18:31:17 [main] DEBUG org.springframework.beans.factory.support.DefaultListableBeanFactory - Creating shared instance of singleton bean 'org.springframework.transaction.annotation.ProxyTransactionManagementConfiguration'
2026-01-30 18:31:17 [main] DEBUG org.springframework.beans.factory.support.DefaultListableBeanFactory - Creating shared instance of singleton bean 'transactionAttributeSource'
2026-01-30 18:31:17 [main] DEBUG org.springframework.beans.factory.support.DefaultListableBeanFactory - Creating shared instance of singleton bean 'transactionInterceptor'
2026-01-30 18:31:17 [main] DEBUG org.springframework.beans.factory.support.DefaultListableBeanFactory - Autowiring by type from bean name 'transactionInterceptor' via factory method to bean named 'transactionAttributeSource'
2026-01-30 18:31:17 [main] DEBUG org.springframework.beans.factory.support.DefaultListableBeanFactory - Autowiring by type from bean name 'org.springframework.transaction.config.internalTransactionAdvisor' via factory method to bean named 'transactionAttributeSource'
2026-01-30 18:31:17 [main] DEBUG org.springframework.beans.factory.support.DefaultListableBeanFactory - Autowiring by type from bean name 'org.springframework.transaction.config.internalTransactionAdvisor' via factory method to bean named 'transactionInterceptor'
2026-01-30 18:31:17 [main] DEBUG org.springframework.beans.factory.support.DefaultListableBeanFactory - Creating shared instance of singleton bean 'webServerFactoryCustomizerBeanPostProcessor'
2026-01-30 18:31:17 [main] DEBUG org.springframework.beans.factory.support.DefaultListableBeanFactory - Creating shared instance of singleton bean 'errorPageRegistrarBeanPostProcessor'
2026-01-30 18:31:17 [main] DEBUG org.springframework.beans.factory.support.DefaultListableBeanFactory - Creating shared instance of singleton bean 'tomcatServletWebServerFactory'
2026-01-30 18:31:17 [main] DEBUG org.springframework.beans.factory.support.DefaultListableBeanFactory - Creating shared instance of singleton bean 'org.springframework.boot.tomcat.autoconfigure.servlet.TomcatServletWebServerAutoConfiguration'
2026-01-30 18:31:17 [main] DEBUG org.springframework.beans.factory.support.DefaultListableBeanFactory - Creating shared instance of singleton bean 'server.tomcat-org.springframework.boot.tomcat.autoconfigure.TomcatServerProperties'
2026-01-30 18:31:17 [main] DEBUG org.springframework.beans.factory.support.DefaultListableBeanFactory - Creating shared instance of singleton bean 'org.springframework.boot.context.properties.BoundConfigurationProperties'
2026-01-30 18:31:17 [main] DEBUG org.springframework.beans.factory.support.DefaultListableBeanFactory - Autowiring by type from bean name 'org.springframework.boot.tomcat.autoconfigure.servlet.TomcatServletWebServerAutoConfiguration' via constructor to bean named 'server.tomcat-org.springframework.boot.tomcat.autoconfigure.TomcatServerProperties'
2026-01-30 18:31:17 [main] DEBUG org.springframework.beans.factory.support.DefaultListableBeanFactory - Creating shared instance of singleton bean 'servletWebServerFactoryCustomizer'
2026-01-30 18:31:17 [main] DEBUG org.springframework.beans.factory.support.DefaultListableBeanFactory - Creating shared instance of singleton bean 'org.springframework.boot.web.server.autoconfigure.servlet.ServletWebServerConfiguration'
2026-01-30 18:31:17 [main] DEBUG org.springframework.beans.factory.support.DefaultListableBeanFactory - Creating shared instance of singleton bean 'server-org.springframework.boot.web.server.autoconfigure.ServerProperties'
2026-01-30 18:31:17 [main] DEBUG org.springframework.beans.factory.support.DefaultListableBeanFactory - Autowiring by type from bean name 'servletWebServerFactoryCustomizer' via factory method to bean named 'server-org.springframework.boot.web.server.autoconfigure.ServerProperties'
2026-01-30 18:31:17 [main] DEBUG org.springframework.beans.factory.support.DefaultListableBeanFactory - Creating shared instance of singleton bean 'sslBundleRegistry'
2026-01-30 18:31:17 [main] DEBUG org.springframework.beans.factory.support.DefaultListableBeanFactory - Creating shared instance of singleton bean 'org.springframework.boot.autoconfigure.ssl.SslAutoConfiguration'
2026-01-30 18:31:17 [main] DEBUG org.springframework.beans.factory.support.DefaultListableBeanFactory - Creating shared instance of singleton bean 'spring.ssl-org.springframework.boot.autoconfigure.ssl.SslProperties'
2026-01-30 18:31:17 [main] DEBUG org.springframework.beans.factory.support.DefaultListableBeanFactory - Autowiring by type from bean name 'org.springframework.boot.autoconfigure.ssl.SslAutoConfiguration' via constructor to bean named 'org.springframework.boot.web.server.servlet.context.AnnotationConfigServletWebServerApplicationContext@6f38a289'
2026-01-30 18:31:17 [main] DEBUG org.springframework.beans.factory.support.DefaultListableBeanFactory - Autowiring by type from bean name 'org.springframework.boot.autoconfigure.ssl.SslAutoConfiguration' via constructor to bean named 'spring.ssl-org.springframework.boot.autoconfigure.ssl.SslProperties'
2026-01-30 18:31:17 [main] DEBUG org.springframework.beans.factory.support.DefaultListableBeanFactory - Creating shared instance of singleton bean 'sslPropertiesSslBundleRegistrar'
2026-01-30 18:31:17 [main] DEBUG org.springframework.beans.factory.support.DefaultListableBeanFactory - Creating shared instance of singleton bean 'fileWatcher'
2026-01-30 18:31:17 [main] DEBUG org.springframework.beans.factory.support.DefaultListableBeanFactory - Autowiring by type from bean name 'sslPropertiesSslBundleRegistrar' via factory method to bean named 'fileWatcher'
2026-01-30 18:31:17 [main] DEBUG org.springframework.beans.factory.support.DefaultListableBeanFactory - Creating shared instance of singleton bean 'webSocketWebServerCustomizer'
2026-01-30 18:31:17 [main] DEBUG org.springframework.beans.factory.support.DefaultListableBeanFactory - Creating shared instance of singleton bean 'org.springframework.boot.tomcat.autoconfigure.TomcatWebServerConfiguration$TomcatWebSocketConfiguration'
2026-01-30 18:31:17 [main] DEBUG org.springframework.beans.factory.support.DefaultListableBeanFactory - Creating shared instance of singleton bean 'tomcatWebServerFactoryCustomizer'
2026-01-30 18:31:17 [main] DEBUG org.springframework.beans.factory.support.DefaultListableBeanFactory - Creating shared instance of singleton bean 'org.springframework.boot.tomcat.autoconfigure.TomcatWebServerConfiguration'
2026-01-30 18:31:17 [main] DEBUG org.springframework.beans.factory.support.DefaultListableBeanFactory - Creating shared instance of singleton bean 'spring.web-org.springframework.boot.autoconfigure.web.WebProperties'
2026-01-30 18:31:17 [main] DEBUG org.springframework.beans.factory.support.DefaultListableBeanFactory - Autowiring by type from bean name 'tomcatWebServerFactoryCustomizer' via factory method to bean named 'environment'
2026-01-30 18:31:17 [main] DEBUG org.springframework.beans.factory.support.DefaultListableBeanFactory - Autowiring by type from bean name 'tomcatWebServerFactoryCustomizer' via factory method to bean named 'server-org.springframework.boot.web.server.autoconfigure.ServerProperties'
2026-01-30 18:31:17 [main] DEBUG org.springframework.beans.factory.support.DefaultListableBeanFactory - Autowiring by type from bean name 'tomcatWebServerFactoryCustomizer' via factory method to bean named 'server.tomcat-org.springframework.boot.tomcat.autoconfigure.TomcatServerProperties'
2026-01-30 18:31:17 [main] DEBUG org.springframework.beans.factory.support.DefaultListableBeanFactory - Autowiring by type from bean name 'tomcatWebServerFactoryCustomizer' via factory method to bean named 'spring.web-org.springframework.boot.autoconfigure.web.WebProperties'
2026-01-30 18:31:17 [main] DEBUG org.springframework.beans.factory.support.DefaultListableBeanFactory - Creating shared instance of singleton bean 'tomcatServletWebServerFactoryCustomizer'
2026-01-30 18:31:17 [main] DEBUG org.springframework.beans.factory.support.DefaultListableBeanFactory - Autowiring by type from bean name 'tomcatServletWebServerFactoryCustomizer' via factory method to bean named 'server.tomcat-org.springframework.boot.tomcat.autoconfigure.TomcatServerProperties'
2026-01-30 18:31:17 [main] DEBUG org.springframework.beans.factory.support.DefaultListableBeanFactory - Creating shared instance of singleton bean 'errorPageCustomizer'
2026-01-30 18:31:17 [main] DEBUG org.springframework.beans.factory.support.DefaultListableBeanFactory - Creating shared instance of singleton bean 'org.springframework.boot.webmvc.autoconfigure.error.ErrorMvcAutoConfiguration'
2026-01-30 18:31:17 [main] DEBUG org.springframework.beans.factory.support.DefaultListableBeanFactory - Autowiring by type from bean name 'org.springframework.boot.webmvc.autoconfigure.error.ErrorMvcAutoConfiguration' via constructor to bean named 'spring.web-org.springframework.boot.autoconfigure.web.WebProperties'
2026-01-30 18:31:17 [main] DEBUG org.springframework.beans.factory.support.DefaultListableBeanFactory - Creating shared instance of singleton bean 'dispatcherServletRegistration'
2026-01-30 18:31:17 [main] DEBUG org.springframework.beans.factory.support.DefaultListableBeanFactory - Creating shared instance of singleton bean 'org.springframework.boot.webmvc.autoconfigure.DispatcherServletAutoConfiguration$DispatcherServletRegistrationConfiguration'
2026-01-30 18:31:17 [main] DEBUG org.springframework.beans.factory.support.DefaultListableBeanFactory - Creating shared instance of singleton bean 'dispatcherServlet'
2026-01-30 18:31:17 [main] DEBUG org.springframework.beans.factory.support.DefaultListableBeanFactory - Creating shared instance of singleton bean 'org.springframework.boot.webmvc.autoconfigure.DispatcherServletAutoConfiguration$DispatcherServletConfiguration'
2026-01-30 18:31:17 [main] DEBUG org.springframework.beans.factory.support.DefaultListableBeanFactory - Creating shared instance of singleton bean 'spring.mvc-org.springframework.boot.webmvc.autoconfigure.WebMvcProperties'
2026-01-30 18:31:17 [main] DEBUG org.springframework.beans.factory.support.DefaultListableBeanFactory - Autowiring by type from bean name 'dispatcherServlet' via factory method to bean named 'spring.mvc-org.springframework.boot.webmvc.autoconfigure.WebMvcProperties'
2026-01-30 18:31:17 [main] DEBUG org.springframework.beans.factory.support.DefaultListableBeanFactory - Autowiring by type from bean name 'dispatcherServletRegistration' via factory method to bean named 'dispatcherServlet'
2026-01-30 18:31:17 [main] DEBUG org.springframework.beans.factory.support.DefaultListableBeanFactory - Autowiring by type from bean name 'dispatcherServletRegistration' via factory method to bean named 'spring.mvc-org.springframework.boot.webmvc.autoconfigure.WebMvcProperties'
2026-01-30 18:31:17 [main] DEBUG org.springframework.beans.factory.support.DefaultListableBeanFactory - Creating shared instance of singleton bean 'multipartConfigElement'
2026-01-30 18:31:17 [main] DEBUG org.springframework.beans.factory.support.DefaultListableBeanFactory - Creating shared instance of singleton bean 'org.springframework.boot.servlet.autoconfigure.MultipartAutoConfiguration'
2026-01-30 18:31:17 [main] DEBUG org.springframework.beans.factory.support.DefaultListableBeanFactory - Creating shared instance of singleton bean 'spring.servlet.multipart-org.springframework.boot.servlet.autoconfigure.MultipartProperties'
2026-01-30 18:31:17 [main] DEBUG org.springframework.beans.factory.support.DefaultListableBeanFactory - Autowiring by type from bean name 'org.springframework.boot.servlet.autoconfigure.MultipartAutoConfiguration' via constructor to bean named 'spring.servlet.multipart-org.springframework.boot.servlet.autoconfigure.MultipartProperties'
2026-01-30 18:31:17 [main] DEBUG org.springframework.beans.factory.support.DefaultListableBeanFactory - Autowiring by type from bean name 'errorPageCustomizer' via factory method to bean named 'dispatcherServletRegistration'
2026-01-30 18:31:18 [main] DEBUG org.springframework.boot.tomcat.servlet.TomcatServletWebServerFactory - Code archive: C:\Users\Michael\.m2\repository\org\springframework\boot\spring-boot-web-server\4.0.1\spring-boot-web-server-4.0.1.jar
2026-01-30 18:31:18 [main] DEBUG org.springframework.boot.tomcat.servlet.TomcatServletWebServerFactory - Code archive: C:\Users\Michael\.m2\repository\org\springframework\boot\spring-boot-web-server\4.0.1\spring-boot-web-server-4.0.1.jar
2026-01-30 18:31:18 [main] DEBUG org.springframework.boot.tomcat.servlet.TomcatServletWebServerFactory - None of the document roots [src/main/webapp, public, static] point to a directory and will be ignored.
2026-01-30 18:31:18 [main] INFO  org.springframework.boot.tomcat.TomcatWebServer - Tomcat initialized with port 8080 (http)
2026-01-30 18:31:18 [main] INFO  org.apache.coyote.http11.Http11NioProtocol - Initializing ProtocolHandler ["http-nio-8080"]
2026-01-30 18:31:18 [main] DEBUG org.apache.catalina.util.LifecycleBase - Setting state for [Connector["http-nio-8080"]] to [INITIALIZED]
2026-01-30 18:31:18 [main] DEBUG org.apache.catalina.util.LifecycleBase - Setting state for [StandardService[Tomcat]] to [INITIALIZED]
2026-01-30 18:31:18 [main] DEBUG org.apache.catalina.util.LifecycleBase - Setting state for [StandardServer[-1]] to [INITIALIZED]
2026-01-30 18:31:18 [main] DEBUG org.apache.catalina.util.LifecycleBase - Setting state for [StandardServer[-1]] to [STARTING_PREP]
2026-01-30 18:31:18 [main] DEBUG org.apache.catalina.util.LifecycleBase - Setting state for [StandardServer[-1]] to [STARTING]
2026-01-30 18:31:18 [main] DEBUG org.apache.catalina.util.LifecycleBase - Setting state for [org.apache.catalina.deploy.NamingResourcesImpl@2dc21583] to [STARTING_PREP]
2026-01-30 18:31:18 [main] DEBUG org.apache.catalina.util.LifecycleBase - Setting state for [org.apache.catalina.deploy.NamingResourcesImpl@2dc21583] to [STARTING]
2026-01-30 18:31:18 [main] DEBUG org.apache.catalina.util.LifecycleBase - Setting state for [org.apache.catalina.deploy.NamingResourcesImpl@2dc21583] to [STARTED]
2026-01-30 18:31:18 [main] DEBUG org.apache.catalina.util.LifecycleBase - Setting state for [StandardService[Tomcat]] to [STARTING_PREP]
2026-01-30 18:31:18 [main] INFO  org.apache.catalina.core.StandardService - Starting service [Tomcat]
2026-01-30 18:31:18 [main] DEBUG org.apache.catalina.util.LifecycleBase - Setting state for [StandardService[Tomcat]] to [STARTING]
2026-01-30 18:31:18 [main] DEBUG org.apache.catalina.util.LifecycleBase - Setting state for [StandardEngine[Tomcat]] to [STARTING_PREP]
2026-01-30 18:31:18 [main] INFO  org.apache.catalina.core.StandardEngine - Starting Servlet engine: [Apache Tomcat/11.0.15]
2026-01-30 18:31:18 [main] DEBUG org.apache.catalina.util.LifecycleBase - Setting state for [SimpleRealm[StandardEngine[Tomcat]]] to [INITIALIZING]
2026-01-30 18:31:18 [main] DEBUG org.apache.catalina.util.LifecycleBase - Setting state for [SimpleRealm[StandardEngine[Tomcat]]] to [INITIALIZED]
2026-01-30 18:31:18 [main] DEBUG org.apache.catalina.util.LifecycleBase - Setting state for [SimpleRealm[StandardEngine[Tomcat]]] to [STARTING_PREP]
2026-01-30 18:31:18 [main] DEBUG org.apache.catalina.util.LifecycleBase - Setting state for [SimpleRealm[StandardEngine[Tomcat]]] to [STARTING]
2026-01-30 18:31:18 [main] DEBUG org.apache.catalina.util.LifecycleBase - Setting state for [SimpleRealm[StandardEngine[Tomcat]]] to [STARTED]
2026-01-30 18:31:18 [main] DEBUG org.apache.catalina.util.LifecycleBase - Setting state for [StandardEngine[Tomcat].StandardHost[localhost]] to [INITIALIZING]
2026-01-30 18:31:18 [main] DEBUG org.apache.catalina.util.LifecycleBase - Setting state for [StandardEngine[Tomcat].StandardHost[localhost]] to [INITIALIZED]
2026-01-30 18:31:18 [main] DEBUG org.apache.catalina.util.LifecycleBase - Setting state for [StandardEngine[Tomcat].StandardHost[localhost]] to [STARTING_PREP]
2026-01-30 18:31:18 [main] DEBUG org.apache.catalina.util.LifecycleBase - Setting state for [StandardEngine[Tomcat].StandardHost[localhost].TomcatEmbeddedContext[]] to [INITIALIZING]
2026-01-30 18:31:18 [main] DEBUG org.apache.catalina.util.LifecycleBase - Setting state for [StandardEngine[Tomcat].StandardHost[localhost].TomcatEmbeddedContext[]] to [INITIALIZED]
2026-01-30 18:31:18 [main] DEBUG org.apache.catalina.util.LifecycleBase - Setting state for [StandardEngine[Tomcat].StandardHost[localhost].TomcatEmbeddedContext[]] to [STARTING_PREP]
2026-01-30 18:31:18 [main] DEBUG org.apache.catalina.util.LifecycleBase - Setting state for [org.apache.catalina.webresources.StandardRoot@1b94c789] to [INITIALIZING]
2026-01-30 18:31:18 [main] DEBUG org.apache.catalina.util.LifecycleBase - Setting state for [org.apache.catalina.webresources.JarResourceSet@69d2e517] to [INITIALIZING]
2026-01-30 18:31:18 [main] DEBUG org.apache.catalina.util.LifecycleBase - Setting state for [org.apache.catalina.webresources.JarResourceSet@69d2e517] to [INITIALIZED]
2026-01-30 18:31:18 [main] DEBUG org.apache.catalina.util.LifecycleBase - Setting state for [org.apache.catalina.webresources.StandardRoot@1b94c789] to [INITIALIZED]
2026-01-30 18:31:18 [main] DEBUG org.apache.catalina.util.LifecycleBase - Setting state for [org.apache.catalina.webresources.StandardRoot@1b94c789] to [STARTING_PREP]
2026-01-30 18:31:18 [main] DEBUG org.apache.catalina.util.LifecycleBase - Setting state for [org.apache.catalina.webresources.DirResourceSet@64757d56] to [INITIALIZING]
2026-01-30 18:31:18 [main] DEBUG org.apache.catalina.util.LifecycleBase - Setting state for [org.apache.catalina.webresources.DirResourceSet@64757d56] to [INITIALIZED]
2026-01-30 18:31:18 [main] DEBUG org.apache.catalina.util.LifecycleBase - Setting state for [org.apache.catalina.webresources.DirResourceSet@64757d56] to [STARTING_PREP]
2026-01-30 18:31:18 [main] DEBUG org.apache.catalina.util.LifecycleBase - Setting state for [org.apache.catalina.webresources.DirResourceSet@64757d56] to [STARTING]
2026-01-30 18:31:18 [main] DEBUG org.apache.catalina.util.LifecycleBase - Setting state for [org.apache.catalina.webresources.DirResourceSet@64757d56] to [STARTED]
2026-01-30 18:31:18 [main] DEBUG org.apache.catalina.util.LifecycleBase - Setting state for [org.apache.catalina.webresources.JarResourceSet@69d2e517] to [STARTING_PREP]
2026-01-30 18:31:18 [main] DEBUG org.apache.catalina.util.LifecycleBase - Setting state for [org.apache.catalina.webresources.JarResourceSet@69d2e517] to [STARTING]
2026-01-30 18:31:18 [main] DEBUG org.apache.catalina.util.LifecycleBase - Setting state for [org.apache.catalina.webresources.JarResourceSet@69d2e517] to [STARTED]
2026-01-30 18:31:18 [main] DEBUG org.apache.catalina.util.LifecycleBase - Setting state for [org.apache.catalina.webresources.StandardRoot@1b94c789] to [STARTING]
2026-01-30 18:31:18 [main] DEBUG org.apache.catalina.util.LifecycleBase - Setting state for [org.apache.catalina.webresources.StandardRoot@1b94c789] to [STARTED]
2026-01-30 18:31:18 [main] DEBUG org.apache.catalina.util.LifecycleBase - Setting state for [WebappLoader[StandardEngine[Tomcat].StandardHost[localhost].TomcatEmbeddedContext[]]] to [INITIALIZING]
2026-01-30 18:31:18 [main] DEBUG org.apache.catalina.util.LifecycleBase - Setting state for [WebappLoader[StandardEngine[Tomcat].StandardHost[localhost].TomcatEmbeddedContext[]]] to [INITIALIZED]
2026-01-30 18:31:18 [main] DEBUG org.apache.catalina.util.LifecycleBase - Setting state for [WebappLoader[StandardEngine[Tomcat].StandardHost[localhost].TomcatEmbeddedContext[]]] to [STARTING_PREP]
2026-01-30 18:31:18 [main] DEBUG org.apache.catalina.loader.WebappLoader - Starting this Loader
2026-01-30 18:31:18 [main] DEBUG org.apache.catalina.webresources.Cache - Increased cache size by [531] for item [org.apache.catalina.webresources.CachedResource@5611bba] at [/WEB-INF/classes] making total cache size [531]
2026-01-30 18:31:18 [main] DEBUG org.apache.catalina.util.LifecycleBase - Setting state for [WebappLoader[StandardEngine[Tomcat].StandardHost[localhost].TomcatEmbeddedContext[]]] to [STARTING]
2026-01-30 18:31:18 [main] DEBUG org.apache.catalina.util.LifecycleBase - Setting state for [WebappLoader[StandardEngine[Tomcat].StandardHost[localhost].TomcatEmbeddedContext[]]] to [STARTED]
2026-01-30 18:31:18 [main] DEBUG org.apache.catalina.util.LifecycleBase - Setting state for [StandardPipeline[StandardEngine[Tomcat].StandardHost[localhost].TomcatEmbeddedContext[]]] to [INITIALIZING]
2026-01-30 18:31:18 [main] DEBUG org.apache.catalina.util.LifecycleBase - Setting state for [StandardPipeline[StandardEngine[Tomcat].StandardHost[localhost].TomcatEmbeddedContext[]]] to [INITIALIZED]
2026-01-30 18:31:18 [main] DEBUG org.apache.catalina.util.LifecycleBase - Setting state for [StandardPipeline[StandardEngine[Tomcat].StandardHost[localhost].TomcatEmbeddedContext[]]] to [STARTING_PREP]
2026-01-30 18:31:18 [main] DEBUG org.apache.catalina.util.LifecycleBase - Setting state for [NonLoginAuthenticator[StandardEngine[Tomcat].StandardHost[localhost].TomcatEmbeddedContext[]]] to [INITIALIZING]
2026-01-30 18:31:18 [main] DEBUG org.apache.catalina.util.LifecycleBase - Setting state for [NonLoginAuthenticator[StandardEngine[Tomcat].StandardHost[localhost].TomcatEmbeddedContext[]]] to [INITIALIZED]
2026-01-30 18:31:18 [main] DEBUG org.apache.catalina.util.LifecycleBase - Setting state for [NonLoginAuthenticator[StandardEngine[Tomcat].StandardHost[localhost].TomcatEmbeddedContext[]]] to [STARTING_PREP]
2026-01-30 18:31:18 [main] DEBUG org.apache.catalina.util.LifecycleBase - Setting state for [NonLoginAuthenticator[StandardEngine[Tomcat].StandardHost[localhost].TomcatEmbeddedContext[]]] to [STARTING]
2026-01-30 18:31:18 [main] DEBUG org.apache.catalina.util.LifecycleBase - Setting state for [NonLoginAuthenticator[StandardEngine[Tomcat].StandardHost[localhost].TomcatEmbeddedContext[]]] to [STARTED]
2026-01-30 18:31:18 [main] DEBUG org.apache.catalina.util.LifecycleBase - Setting state for [StandardContextValve[StandardEngine[Tomcat].StandardHost[localhost].TomcatEmbeddedContext[]]] to [INITIALIZING]
2026-01-30 18:31:18 [main] DEBUG org.apache.catalina.util.LifecycleBase - Setting state for [StandardContextValve[StandardEngine[Tomcat].StandardHost[localhost].TomcatEmbeddedContext[]]] to [INITIALIZED]
2026-01-30 18:31:18 [main] DEBUG org.apache.catalina.util.LifecycleBase - Setting state for [StandardContextValve[StandardEngine[Tomcat].StandardHost[localhost].TomcatEmbeddedContext[]]] to [STARTING_PREP]
2026-01-30 18:31:18 [main] DEBUG org.apache.catalina.util.LifecycleBase - Setting state for [StandardContextValve[StandardEngine[Tomcat].StandardHost[localhost].TomcatEmbeddedContext[]]] to [STARTING]
2026-01-30 18:31:18 [main] DEBUG org.apache.catalina.util.LifecycleBase - Setting state for [StandardContextValve[StandardEngine[Tomcat].StandardHost[localhost].TomcatEmbeddedContext[]]] to [STARTED]
2026-01-30 18:31:18 [main] DEBUG org.apache.catalina.util.LifecycleBase - Setting state for [StandardPipeline[StandardEngine[Tomcat].StandardHost[localhost].TomcatEmbeddedContext[]]] to [STARTING]
2026-01-30 18:31:18 [main] DEBUG org.apache.catalina.util.LifecycleBase - Setting state for [StandardPipeline[StandardEngine[Tomcat].StandardHost[localhost].TomcatEmbeddedContext[]]] to [STARTED]
2026-01-30 18:31:18 [main] DEBUG org.apache.catalina.core.StandardContext - No manager found. Checking if cluster manager should be used. Cluster configured: [false], Application distributable: [false]
2026-01-30 18:31:18 [main] DEBUG org.apache.catalina.core.StandardContext - Configured a manager of class [org.apache.catalina.session.StandardManager]
2026-01-30 18:31:18 [main] DEBUG org.apache.catalina.util.LifecycleBase - Setting state for [org.apache.catalina.deploy.NamingResourcesImpl@32d0d7eb] to [INITIALIZING]
2026-01-30 18:31:18 [main] DEBUG org.apache.catalina.util.LifecycleBase - Setting state for [org.apache.catalina.deploy.NamingResourcesImpl@32d0d7eb] to [INITIALIZED]
2026-01-30 18:31:18 [main] DEBUG org.apache.catalina.util.LifecycleBase - Setting state for [org.apache.catalina.deploy.NamingResourcesImpl@32d0d7eb] to [STARTING_PREP]
2026-01-30 18:31:18 [main] DEBUG org.apache.catalina.util.LifecycleBase - Setting state for [org.apache.catalina.deploy.NamingResourcesImpl@32d0d7eb] to [STARTING]
2026-01-30 18:31:18 [main] DEBUG org.apache.catalina.util.LifecycleBase - Setting state for [org.apache.catalina.deploy.NamingResourcesImpl@32d0d7eb] to [STARTED]
2026-01-30 18:31:18 [main] DEBUG org.springframework.boot.web.context.servlet.WebApplicationContextInitializer - Published root WebApplicationContext as ServletContext attribute with name [org.springframework.web.context.WebApplicationContext.ROOT]
2026-01-30 18:31:18 [main] INFO  org.springframework.boot.web.context.servlet.WebApplicationContextInitializer - Root WebApplicationContext: initialization completed in 2795 ms
2026-01-30 18:31:18 [main] DEBUG org.springframework.beans.factory.support.DefaultListableBeanFactory - Creating shared instance of singleton bean 'securityFilterChainRegistration'
2026-01-30 18:31:18 [main] DEBUG org.springframework.beans.factory.support.DefaultListableBeanFactory - Creating shared instance of singleton bean 'org.springframework.boot.security.autoconfigure.web.servlet.SecurityFilterAutoConfiguration'
2026-01-30 18:31:18 [main] DEBUG org.springframework.beans.factory.support.DefaultListableBeanFactory - Creating shared instance of singleton bean 'spring.security.filter-org.springframework.boot.security.autoconfigure.web.servlet.SecurityFilterProperties'
2026-01-30 18:31:18 [main] DEBUG org.springframework.beans.factory.support.DefaultListableBeanFactory - Autowiring by type from bean name 'securityFilterChainRegistration' via factory method to bean named 'spring.security.filter-org.springframework.boot.security.autoconfigure.web.servlet.SecurityFilterProperties'
2026-01-30 18:31:18 [main] DEBUG org.springframework.beans.factory.support.DefaultListableBeanFactory - Creating shared instance of singleton bean 'requestContextFilter'
2026-01-30 18:31:18 [main] DEBUG org.springframework.beans.factory.support.DefaultListableBeanFactory - Creating shared instance of singleton bean 'formContentFilter'
2026-01-30 18:31:18 [main] DEBUG org.springframework.beans.factory.support.DefaultListableBeanFactory - Creating shared instance of singleton bean 'org.springframework.boot.webmvc.autoconfigure.WebMvcAutoConfiguration'
2026-01-30 18:31:18 [main] DEBUG org.springframework.beans.factory.support.DefaultListableBeanFactory - Creating shared instance of singleton bean 'characterEncodingFilter'
2026-01-30 18:31:18 [main] DEBUG org.springframework.beans.factory.support.DefaultListableBeanFactory - Creating shared instance of singleton bean 'org.springframework.boot.servlet.autoconfigure.HttpEncodingAutoConfiguration'
2026-01-30 18:31:18 [main] DEBUG org.springframework.beans.factory.support.DefaultListableBeanFactory - Creating shared instance of singleton bean 'spring.servlet.encoding-org.springframework.boot.servlet.autoconfigure.ServletEncodingProperties'
2026-01-30 18:31:18 [main] DEBUG org.springframework.beans.factory.support.DefaultListableBeanFactory - Autowiring by type from bean name 'characterEncodingFilter' via factory method to bean named 'spring.servlet.encoding-org.springframework.boot.servlet.autoconfigure.ServletEncodingProperties'
2026-01-30 18:31:18 [main] DEBUG org.springframework.boot.web.servlet.ServletContextInitializerBeans - Mapping filters: springSecurityFilterChain urls=[/*] order=-100, characterEncodingFilter urls=[/*] order=-2147483648, formContentFilter urls=[/*] order=-9900, requestContextFilter urls=[/*] order=-105
2026-01-30 18:31:18 [main] DEBUG org.springframework.boot.web.servlet.ServletContextInitializerBeans - Mapping servlets: dispatcherServlet urls=[/]
2026-01-30 18:31:18 [main] DEBUG org.apache.catalina.core.ContainerBase - Add container child [StandardWrapper[dispatcherServlet]] to container [StandardEngine[Tomcat].StandardHost[localhost].TomcatEmbeddedContext[]]
2026-01-30 18:31:18 [main] DEBUG org.apache.catalina.util.LifecycleBase - Setting state for [StandardEngine[Tomcat].StandardHost[localhost].TomcatEmbeddedContext[].StandardWrapper[dispatcherServlet]] to [INITIALIZING]
2026-01-30 18:31:18 [main] DEBUG org.apache.catalina.util.LifecycleBase - Setting state for [StandardEngine[Tomcat].StandardHost[localhost].TomcatEmbeddedContext[].StandardWrapper[dispatcherServlet]] to [INITIALIZED]
2026-01-30 18:31:18 [main] DEBUG org.apache.catalina.util.LifecycleBase - Setting state for [StandardEngine[Tomcat].StandardHost[localhost].TomcatEmbeddedContext[].StandardWrapper[dispatcherServlet]] to [STARTING_PREP]
2026-01-30 18:31:18 [main] DEBUG org.apache.catalina.util.LifecycleBase - Setting state for [StandardPipeline[StandardEngine[Tomcat].StandardHost[localhost].TomcatEmbeddedContext[].StandardWrapper[dispatcherServlet]]] to [INITIALIZING]
2026-01-30 18:31:18 [main] DEBUG org.apache.catalina.util.LifecycleBase - Setting state for [StandardPipeline[StandardEngine[Tomcat].StandardHost[localhost].TomcatEmbeddedContext[].StandardWrapper[dispatcherServlet]]] to [INITIALIZED]
2026-01-30 18:31:18 [main] DEBUG org.apache.catalina.util.LifecycleBase - Setting state for [StandardPipeline[StandardEngine[Tomcat].StandardHost[localhost].TomcatEmbeddedContext[].StandardWrapper[dispatcherServlet]]] to [STARTING_PREP]
2026-01-30 18:31:18 [main] DEBUG org.apache.catalina.util.LifecycleBase - Setting state for [StandardWrapperValve[StandardEngine[Tomcat].StandardHost[localhost].TomcatEmbeddedContext[].StandardWrapper[dispatcherServlet]]] to [INITIALIZING]
2026-01-30 18:31:18 [main] DEBUG org.apache.catalina.util.LifecycleBase - Setting state for [StandardWrapperValve[StandardEngine[Tomcat].StandardHost[localhost].TomcatEmbeddedContext[].StandardWrapper[dispatcherServlet]]] to [INITIALIZED]
2026-01-30 18:31:18 [main] DEBUG org.apache.catalina.util.LifecycleBase - Setting state for [StandardWrapperValve[StandardEngine[Tomcat].StandardHost[localhost].TomcatEmbeddedContext[].StandardWrapper[dispatcherServlet]]] to [STARTING_PREP]
2026-01-30 18:31:18 [main] DEBUG org.apache.catalina.util.LifecycleBase - Setting state for [StandardWrapperValve[StandardEngine[Tomcat].StandardHost[localhost].TomcatEmbeddedContext[].StandardWrapper[dispatcherServlet]]] to [STARTING]
2026-01-30 18:31:18 [main] DEBUG org.apache.catalina.util.LifecycleBase - Setting state for [StandardWrapperValve[StandardEngine[Tomcat].StandardHost[localhost].TomcatEmbeddedContext[].StandardWrapper[dispatcherServlet]]] to [STARTED]
2026-01-30 18:31:18 [main] DEBUG org.apache.catalina.util.LifecycleBase - Setting state for [StandardPipeline[StandardEngine[Tomcat].StandardHost[localhost].TomcatEmbeddedContext[].StandardWrapper[dispatcherServlet]]] to [STARTING]
2026-01-30 18:31:18 [main] DEBUG org.apache.catalina.util.LifecycleBase - Setting state for [StandardPipeline[StandardEngine[Tomcat].StandardHost[localhost].TomcatEmbeddedContext[].StandardWrapper[dispatcherServlet]]] to [STARTED]
2026-01-30 18:31:18 [main] DEBUG org.apache.catalina.util.LifecycleBase - Setting state for [StandardEngine[Tomcat].StandardHost[localhost].TomcatEmbeddedContext[].StandardWrapper[dispatcherServlet]] to [STARTING]
2026-01-30 18:31:18 [main] DEBUG org.apache.catalina.util.LifecycleBase - Setting state for [StandardEngine[Tomcat].StandardHost[localhost].TomcatEmbeddedContext[].StandardWrapper[dispatcherServlet]] to [STARTED]
2026-01-30 18:31:18 [main] DEBUG org.apache.catalina.util.LifecycleBase - Setting state for [StandardManager[StandardEngine[Tomcat].StandardHost[localhost].TomcatEmbeddedContext[]]] to [INITIALIZING]
2026-01-30 18:31:18 [main] DEBUG org.apache.catalina.util.LifecycleBase - Setting state for [StandardManager[StandardEngine[Tomcat].StandardHost[localhost].TomcatEmbeddedContext[]]] to [INITIALIZED]
2026-01-30 18:31:18 [main] DEBUG org.apache.catalina.util.LifecycleBase - Setting state for [StandardManager[StandardEngine[Tomcat].StandardHost[localhost].TomcatEmbeddedContext[]]] to [STARTING_PREP]
2026-01-30 18:31:18 [main] DEBUG org.apache.catalina.util.LifecycleBase - Setting state for [org.springframework.boot.tomcat.LazySessionIdGenerator@4f7bb8df] to [INITIALIZING]
2026-01-30 18:31:18 [main] DEBUG org.apache.catalina.util.LifecycleBase - Setting state for [org.springframework.boot.tomcat.LazySessionIdGenerator@4f7bb8df] to [INITIALIZED]
2026-01-30 18:31:18 [main] DEBUG org.apache.catalina.util.LifecycleBase - Setting state for [org.springframework.boot.tomcat.LazySessionIdGenerator@4f7bb8df] to [STARTING_PREP]
2026-01-30 18:31:18 [main] DEBUG org.apache.catalina.util.LifecycleBase - Setting state for [org.springframework.boot.tomcat.LazySessionIdGenerator@4f7bb8df] to [STARTING]
2026-01-30 18:31:18 [main] DEBUG org.apache.catalina.util.LifecycleBase - Setting state for [org.springframework.boot.tomcat.LazySessionIdGenerator@4f7bb8df] to [STARTED]
2026-01-30 18:31:18 [main] DEBUG org.apache.catalina.util.LifecycleBase - Setting state for [StandardManager[StandardEngine[Tomcat].StandardHost[localhost].TomcatEmbeddedContext[]]] to [STARTING]
2026-01-30 18:31:18 [main] DEBUG org.apache.catalina.util.LifecycleBase - Setting state for [StandardManager[StandardEngine[Tomcat].StandardHost[localhost].TomcatEmbeddedContext[]]] to [STARTED]
2026-01-30 18:31:18 [main] DEBUG org.springframework.boot.servlet.filter.OrderedRequestContextFilter - Filter 'requestContextFilter' configured for use
2026-01-30 18:31:18 [main] DEBUG org.springframework.boot.servlet.filter.OrderedCharacterEncodingFilter - Filter 'characterEncodingFilter' configured for use
2026-01-30 18:31:18 [main] DEBUG org.springframework.boot.web.servlet.DelegatingFilterProxyRegistrationBean$1 - Filter 'springSecurityFilterChain' configured for use
2026-01-30 18:31:18 [main] DEBUG org.springframework.boot.servlet.filter.OrderedFormContentFilter - Filter 'formContentFilter' configured for use
2026-01-30 18:31:18 [main] DEBUG org.apache.catalina.util.LifecycleBase - Setting state for [StandardEngine[Tomcat].StandardHost[localhost].TomcatEmbeddedContext[]] to [STARTING]
2026-01-30 18:31:18 [main] DEBUG org.apache.catalina.util.LifecycleBase - Setting state for [StandardEngine[Tomcat].StandardHost[localhost].TomcatEmbeddedContext[]] to [STARTED]
2026-01-30 18:31:18 [main] DEBUG org.apache.catalina.util.LifecycleBase - Setting state for [StandardPipeline[StandardEngine[Tomcat].StandardHost[localhost]]] to [INITIALIZING]
2026-01-30 18:31:18 [main] DEBUG org.apache.catalina.util.LifecycleBase - Setting state for [StandardPipeline[StandardEngine[Tomcat].StandardHost[localhost]]] to [INITIALIZED]
2026-01-30 18:31:18 [main] DEBUG org.apache.catalina.util.LifecycleBase - Setting state for [StandardPipeline[StandardEngine[Tomcat].StandardHost[localhost]]] to [STARTING_PREP]
2026-01-30 18:31:18 [main] DEBUG org.apache.catalina.util.LifecycleBase - Setting state for [ErrorReportValve[StandardEngine[Tomcat].StandardHost[localhost]]] to [INITIALIZING]
2026-01-30 18:31:18 [main] DEBUG org.apache.catalina.util.LifecycleBase - Setting state for [ErrorReportValve[StandardEngine[Tomcat].StandardHost[localhost]]] to [INITIALIZED]
2026-01-30 18:31:18 [main] DEBUG org.apache.catalina.util.LifecycleBase - Setting state for [ErrorReportValve[StandardEngine[Tomcat].StandardHost[localhost]]] to [STARTING_PREP]
2026-01-30 18:31:18 [main] DEBUG org.apache.catalina.util.LifecycleBase - Setting state for [ErrorReportValve[StandardEngine[Tomcat].StandardHost[localhost]]] to [STARTING]
2026-01-30 18:31:18 [main] DEBUG org.apache.catalina.util.LifecycleBase - Setting state for [ErrorReportValve[StandardEngine[Tomcat].StandardHost[localhost]]] to [STARTED]
2026-01-30 18:31:18 [main] DEBUG org.apache.catalina.util.LifecycleBase - Setting state for [StandardHostValve[StandardEngine[Tomcat].StandardHost[localhost]]] to [INITIALIZING]
2026-01-30 18:31:18 [main] DEBUG org.apache.catalina.util.LifecycleBase - Setting state for [StandardHostValve[StandardEngine[Tomcat].StandardHost[localhost]]] to [INITIALIZED]
2026-01-30 18:31:18 [main] DEBUG org.apache.catalina.util.LifecycleBase - Setting state for [StandardHostValve[StandardEngine[Tomcat].StandardHost[localhost]]] to [STARTING_PREP]
2026-01-30 18:31:18 [main] DEBUG org.apache.catalina.util.LifecycleBase - Setting state for [StandardHostValve[StandardEngine[Tomcat].StandardHost[localhost]]] to [STARTING]
2026-01-30 18:31:18 [main] DEBUG org.apache.catalina.util.LifecycleBase - Setting state for [StandardHostValve[StandardEngine[Tomcat].StandardHost[localhost]]] to [STARTED]
2026-01-30 18:31:18 [main] DEBUG org.apache.catalina.util.LifecycleBase - Setting state for [StandardPipeline[StandardEngine[Tomcat].StandardHost[localhost]]] to [STARTING]
2026-01-30 18:31:18 [main] DEBUG org.apache.catalina.util.LifecycleBase - Setting state for [StandardPipeline[StandardEngine[Tomcat].StandardHost[localhost]]] to [STARTED]
2026-01-30 18:31:18 [main] DEBUG org.apache.catalina.util.LifecycleBase - Setting state for [StandardEngine[Tomcat].StandardHost[localhost]] to [STARTING]
2026-01-30 18:31:18 [main] DEBUG org.apache.catalina.util.LifecycleBase - Setting state for [StandardEngine[Tomcat].StandardHost[localhost]] to [STARTED]
2026-01-30 18:31:18 [main] DEBUG org.apache.catalina.util.LifecycleBase - Setting state for [StandardPipeline[StandardEngine[Tomcat]]] to [INITIALIZING]
2026-01-30 18:31:18 [main] DEBUG org.apache.catalina.util.LifecycleBase - Setting state for [StandardPipeline[StandardEngine[Tomcat]]] to [INITIALIZED]
2026-01-30 18:31:18 [main] DEBUG org.apache.catalina.util.LifecycleBase - Setting state for [StandardPipeline[StandardEngine[Tomcat]]] to [STARTING_PREP]
2026-01-30 18:31:18 [main] DEBUG org.apache.catalina.util.LifecycleBase - Setting state for [StandardEngineValve[StandardEngine[Tomcat]]] to [INITIALIZING]
2026-01-30 18:31:18 [main] DEBUG org.apache.catalina.util.LifecycleBase - Setting state for [StandardEngineValve[StandardEngine[Tomcat]]] to [INITIALIZED]
2026-01-30 18:31:18 [main] DEBUG org.apache.catalina.util.LifecycleBase - Setting state for [StandardEngineValve[StandardEngine[Tomcat]]] to [STARTING_PREP]
2026-01-30 18:31:18 [main] DEBUG org.apache.catalina.util.LifecycleBase - Setting state for [StandardEngineValve[StandardEngine[Tomcat]]] to [STARTING]
2026-01-30 18:31:18 [main] DEBUG org.apache.catalina.util.LifecycleBase - Setting state for [StandardEngineValve[StandardEngine[Tomcat]]] to [STARTED]
2026-01-30 18:31:18 [main] DEBUG org.apache.catalina.util.LifecycleBase - Setting state for [StandardPipeline[StandardEngine[Tomcat]]] to [STARTING]
2026-01-30 18:31:18 [main] DEBUG org.apache.catalina.util.LifecycleBase - Setting state for [StandardPipeline[StandardEngine[Tomcat]]] to [STARTED]
2026-01-30 18:31:18 [main] DEBUG org.apache.catalina.util.LifecycleBase - Setting state for [StandardEngine[Tomcat]] to [STARTING]
2026-01-30 18:31:18 [main] DEBUG org.apache.catalina.util.LifecycleBase - Setting state for [StandardEngine[Tomcat]] to [STARTED]
2026-01-30 18:31:18 [main] DEBUG org.apache.catalina.util.LifecycleBase - Setting state for [org.apache.catalina.mapper.MapperListener@42f9873e] to [STARTING_PREP]
2026-01-30 18:31:18 [main] DEBUG org.apache.catalina.util.LifecycleBase - Setting state for [org.apache.catalina.mapper.MapperListener@42f9873e] to [STARTING]
2026-01-30 18:31:18 [main] DEBUG org.apache.catalina.mapper.Mapper - Registered host [localhost]
2026-01-30 18:31:18 [main] DEBUG org.apache.catalina.mapper.MapperListener - Register Wrapper [dispatcherServlet] in Context [] for service [StandardService[Tomcat]]
2026-01-30 18:31:18 [main] DEBUG org.apache.catalina.mapper.MapperListener - Register Context [] for service [StandardService[Tomcat]]
2026-01-30 18:31:18 [main] DEBUG org.apache.catalina.mapper.MapperListener - Register host [localhost] at domain [null] for service [StandardService[Tomcat]]
2026-01-30 18:31:18 [main] DEBUG org.apache.catalina.util.LifecycleBase - Setting state for [org.apache.catalina.mapper.MapperListener@42f9873e] to [STARTED]
2026-01-30 18:31:18 [main] DEBUG org.apache.catalina.util.LifecycleBase - Setting state for [StandardService[Tomcat]] to [STARTED]
2026-01-30 18:31:18 [main] DEBUG org.apache.catalina.util.LifecycleBase - Setting state for [StandardServer[-1]] to [STARTED]
2026-01-30 18:31:18 [main] DEBUG org.springframework.beans.factory.support.DefaultListableBeanFactory - Creating shared instance of singleton bean 'applicationTaskExecutor'
2026-01-30 18:31:18 [main] DEBUG org.springframework.beans.factory.support.DefaultListableBeanFactory - Creating shared instance of singleton bean 'org.springframework.boot.autoconfigure.task.TaskExecutorConfigurations$TaskExecutorConfiguration'
2026-01-30 18:31:18 [main] DEBUG org.springframework.beans.factory.support.DefaultListableBeanFactory - Creating shared instance of singleton bean 'threadPoolTaskExecutorBuilder'
2026-01-30 18:31:18 [main] DEBUG org.springframework.beans.factory.support.DefaultListableBeanFactory - Creating shared instance of singleton bean 'org.springframework.boot.autoconfigure.task.TaskExecutorConfigurations$ThreadPoolTaskExecutorBuilderConfiguration'
2026-01-30 18:31:18 [main] DEBUG org.springframework.beans.factory.support.DefaultListableBeanFactory - Creating shared instance of singleton bean 'spring.task.execution-org.springframework.boot.autoconfigure.task.TaskExecutionProperties'
2026-01-30 18:31:18 [main] DEBUG org.springframework.beans.factory.support.DefaultListableBeanFactory - Autowiring by type from bean name 'threadPoolTaskExecutorBuilder' via factory method to bean named 'spring.task.execution-org.springframework.boot.autoconfigure.task.TaskExecutionProperties'
2026-01-30 18:31:18 [main] DEBUG org.springframework.beans.factory.support.DefaultListableBeanFactory - Autowiring by type from bean name 'applicationTaskExecutor' via factory method to bean named 'threadPoolTaskExecutorBuilder'
2026-01-30 18:31:18 [main] DEBUG org.springframework.scheduling.concurrent.ThreadPoolTaskExecutor - Initializing ExecutorService 'applicationTaskExecutor'
2026-01-30 18:31:18 [main] DEBUG org.springframework.beans.factory.support.DefaultListableBeanFactory - Creating shared instance of singleton bean 'org.springframework.test.context.support.internalDynamicPropertyRegistrarBeanInitializer'
2026-01-30 18:31:18 [main] DEBUG org.springframework.beans.factory.support.DefaultListableBeanFactory - Creating shared instance of singleton bean 'dataSourceScriptDatabaseInitializer'
2026-01-30 18:31:18 [main] DEBUG org.springframework.beans.factory.support.DefaultListableBeanFactory - Creating shared instance of singleton bean 'org.springframework.boot.jdbc.autoconfigure.DataSourceInitializationAutoConfiguration'
2026-01-30 18:31:18 [main] DEBUG org.springframework.beans.factory.support.DefaultListableBeanFactory - Creating shared instance of singleton bean 'getDataSource'
2026-01-30 18:31:18 [main] DEBUG org.springframework.beans.factory.support.DefaultListableBeanFactory - Creating shared instance of singleton bean 'mainConfig'
2026-01-30 18:31:18 [main] DEBUG org.springframework.core.env.PropertySourcesPropertyResolver - Found key 'spring.request.cache.limit' in PropertySource 'environmentProperties' with value of type String
2026-01-30 18:31:18 [main] DEBUG org.springframework.boot.context.properties.source.ConfigurationPropertySourcesPropertyResolver$DefaultResolver - Found key 'spring.datasource.driverClassName' in PropertySource 'Config resource 'class path resource [application.properties]' via location 'optional:classpath:/'' with value of type String
2026-01-30 18:31:18 [main] DEBUG com.zaxxer.hikari.util.UtilityElf - Class com.microsoft.sqlserver.jdbc.SQLServerDriver found in Thread context class loader jdk.internal.loader.ClassLoaders$AppClassLoader@1d44bcfa
2026-01-30 18:31:19 [main] DEBUG org.springframework.beans.factory.support.DefaultListableBeanFactory - Creating shared instance of singleton bean 'spring.sql.init-org.springframework.boot.sql.autoconfigure.init.SqlInitializationProperties'
2026-01-30 18:31:19 [main] DEBUG org.springframework.beans.factory.support.DefaultListableBeanFactory - Autowiring by type from bean name 'dataSourceScriptDatabaseInitializer' via factory method to bean named 'getDataSource'
2026-01-30 18:31:19 [main] DEBUG org.springframework.beans.factory.support.DefaultListableBeanFactory - Autowiring by type from bean name 'dataSourceScriptDatabaseInitializer' via factory method to bean named 'spring.sql.init-org.springframework.boot.sql.autoconfigure.init.SqlInitializationProperties'
2026-01-30 18:31:19 [main] DEBUG org.springframework.beans.factory.support.DefaultListableBeanFactory - Creating shared instance of singleton bean 'entityManagerFactory'
2026-01-30 18:31:19 [main] DEBUG org.springframework.beans.factory.support.DefaultListableBeanFactory - Creating shared instance of singleton bean 'org.springframework.boot.hibernate.autoconfigure.HibernateJpaConfiguration'
2026-01-30 18:31:19 [main] DEBUG org.springframework.beans.factory.support.DefaultListableBeanFactory - Creating shared instance of singleton bean 'spring.jpa-org.springframework.boot.jpa.autoconfigure.JpaProperties'
2026-01-30 18:31:19 [main] DEBUG org.springframework.beans.factory.support.DefaultListableBeanFactory - Creating shared instance of singleton bean 'spring.jpa.hibernate-org.springframework.boot.hibernate.autoconfigure.HibernateProperties'
2026-01-30 18:31:19 [main] DEBUG org.springframework.beans.factory.support.DefaultListableBeanFactory - Autowiring by type from bean name 'org.springframework.boot.hibernate.autoconfigure.HibernateJpaConfiguration' via constructor to bean named 'getDataSource'
2026-01-30 18:31:19 [main] DEBUG org.springframework.beans.factory.support.DefaultListableBeanFactory - Autowiring by type from bean name 'org.springframework.boot.hibernate.autoconfigure.HibernateJpaConfiguration' via constructor to bean named 'spring.jpa-org.springframework.boot.jpa.autoconfigure.JpaProperties'
2026-01-30 18:31:19 [main] DEBUG org.springframework.beans.factory.support.DefaultListableBeanFactory - Autowiring by type from bean name 'org.springframework.boot.hibernate.autoconfigure.HibernateJpaConfiguration' via constructor to bean named 'org.springframework.beans.factory.support.DefaultListableBeanFactory@26586b74'
2026-01-30 18:31:19 [main] DEBUG org.springframework.beans.factory.support.DefaultListableBeanFactory - Autowiring by type from bean name 'org.springframework.boot.hibernate.autoconfigure.HibernateJpaConfiguration' via constructor to bean named 'spring.jpa.hibernate-org.springframework.boot.hibernate.autoconfigure.HibernateProperties'
2026-01-30 18:31:19 [main] DEBUG org.springframework.beans.factory.support.DefaultListableBeanFactory - Creating shared instance of singleton bean 'hikariPoolDataSourceMetadataProvider'
2026-01-30 18:31:19 [main] DEBUG org.springframework.beans.factory.support.DefaultListableBeanFactory - Creating shared instance of singleton bean 'org.springframework.boot.jdbc.autoconfigure.DataSourcePoolMetadataProvidersConfiguration$HikariPoolDataSourceMetadataProviderConfiguration'
2026-01-30 18:31:19 [main] DEBUG org.springframework.beans.factory.support.DefaultListableBeanFactory - Creating shared instance of singleton bean 'entityManagerFactoryBuilder'
2026-01-30 18:31:19 [main] DEBUG org.springframework.beans.factory.support.DefaultListableBeanFactory - Creating shared instance of singleton bean 'jpaVendorAdapter'
2026-01-30 18:31:19 [main] DEBUG org.springframework.beans.factory.support.DefaultListableBeanFactory - Autowiring by type from bean name 'entityManagerFactoryBuilder' via factory method to bean named 'jpaVendorAdapter'
2026-01-30 18:31:19 [main] DEBUG org.springframework.beans.factory.support.DefaultListableBeanFactory - Creating shared instance of singleton bean 'persistenceManagedTypes'
2026-01-30 18:31:19 [main] DEBUG org.springframework.beans.factory.support.DefaultListableBeanFactory - Autowiring by type from bean name 'persistenceManagedTypes' via factory method to bean named 'org.springframework.beans.factory.support.DefaultListableBeanFactory@26586b74'
2026-01-30 18:31:19 [main] DEBUG org.springframework.beans.factory.support.DefaultListableBeanFactory - Autowiring by type from bean name 'persistenceManagedTypes' via factory method to bean named 'org.springframework.boot.web.server.servlet.context.AnnotationConfigServletWebServerApplicationContext@6f38a289'
2026-01-30 18:31:19 [main] DEBUG org.springframework.beans.factory.support.DefaultListableBeanFactory - Autowiring by type from bean name 'entityManagerFactory' via factory method to bean named 'entityManagerFactoryBuilder'
2026-01-30 18:31:19 [main] DEBUG org.springframework.beans.factory.support.DefaultListableBeanFactory - Autowiring by type from bean name 'entityManagerFactory' via factory method to bean named 'persistenceManagedTypes'
2026-01-30 18:31:19 [main] DEBUG org.springframework.orm.jpa.LocalContainerEntityManagerFactoryBean - Building JPA container EntityManagerFactory for persistence unit 'default'
2026-01-30 18:31:19 [main] DEBUG org.hibernate.orm.jpa - HHH008541: PersistenceUnitInfo [
	name: default
	persistence provider classname: null
	classloader: jdk.internal.loader.ClassLoaders$AppClassLoader@1d44bcfa
	excludeUnlistedClasses: true
	JTA datasource: null
	Non JTA datasource: HikariDataSource (null)
	Transaction type: RESOURCE_LOCAL
	PU root URL: file:/C:/Users/Michael/IdeaProjects/smashclub/smashclub/target/test-classes/
	Shared Cache Mode: UNSPECIFIED
	Validation Mode: AUTO
	Jar files URLs []
	Managed classes names [
		com.backendsyndicate.smashclub.admin.model.ActivityLog
		com.backendsyndicate.smashclub.admin.model.AdminMenu
		com.backendsyndicate.smashclub.admin.model.AdminPermission
		com.backendsyndicate.smashclub.admin.model.AdminRole
		com.backendsyndicate.smashclub.admin.model.AdminSession
		com.backendsyndicate.smashclub.admin.model.AdminUser
		com.backendsyndicate.smashclub.admin.model.ErrorLog
		com.backendsyndicate.smashclub.auth.model.EmailVerificationTokens
		com.backendsyndicate.smashclub.auth.model.LoginOtpTokens
		com.backendsyndicate.smashclub.auth.model.PasswordResetTokens
		com.backendsyndicate.smashclub.auth.model.Sessions
		com.backendsyndicate.smashclub.auth.model.User
		com.backendsyndicate.smashclub.booking.model.Booking
		com.backendsyndicate.smashclub.booking.model.Coach
		com.backendsyndicate.smashclub.booking.model.CoachDetail
		com.backendsyndicate.smashclub.booking.model.Court
		com.backendsyndicate.smashclub.booking.model.Equipment
		com.backendsyndicate.smashclub.booking.model.EquipmentCategory
		com.backendsyndicate.smashclub.booking.model.EquipmentDetail
		com.backendsyndicate.smashclub.ecommerce.model.Cart
		com.backendsyndicate.smashclub.ecommerce.model.CartItem
		com.backendsyndicate.smashclub.ecommerce.model.Order
		com.backendsyndicate.smashclub.ecommerce.model.OrderItem
		com.backendsyndicate.smashclub.ecommerce.model.Product
		com.backendsyndicate.smashclub.ecommerce.model.ProductVariant
		com.backendsyndicate.smashclub.payment.model.PaymentLog
		com.backendsyndicate.smashclub.payment.model.RefundRequest
		com.backendsyndicate.smashclub.payment.model.Transaction
		com.backendsyndicate.smashclub.payment.model.TransactionLog
		com.backendsyndicate.smashclub.payment.model.Wallet
		com.backendsyndicate.smashclub.payment.model.WalletLog]
	Mapping files names []
	Properties []
2026-01-30 18:31:19 [main] DEBUG org.hibernate.orm.service - HHH010455: Adding integrator: org.hibernate.boot.beanvalidation.BeanValidationIntegrator
2026-01-30 18:31:19 [main] DEBUG org.hibernate.orm.service - HHH010455: Adding integrator: org.hibernate.cache.internal.CollectionCacheInvalidator
2026-01-30 18:31:19 [main] INFO  org.hibernate.orm.core - HHH000001: Hibernate ORM core version 7.2.0.Final
2026-01-30 18:31:19 [main] DEBUG org.hibernate.orm.core - HHH000206: 'hibernate.properties' not found
2026-01-30 18:31:19 [main] DEBUG org.springframework.orm.jpa.hibernate.SpringBeanContainer - Falling back to Hibernate's default producer after bean creation failure for interface org.hibernate.engine.jdbc.connections.spi.MultiTenantConnectionProvider: org.springframework.beans.factory.BeanCreationException: Error creating bean with name 'org.hibernate.engine.jdbc.connections.spi.MultiTenantConnectionProvider': Failed to instantiate [org.hibernate.engine.jdbc.connections.spi.MultiTenantConnectionProvider]: Specified class is an interface
2026-01-30 18:31:19 [main] DEBUG org.hibernate.orm.cache - HHH90001031: Cannot default RegionFactory since no RegionFactory strategies were registered
2026-01-30 18:31:19 [main] DEBUG org.hibernate.orm.cache - HHH90001029: Second-level cache disabled
2026-01-30 18:31:20 [main] INFO  org.springframework.orm.jpa.persistenceunit.SpringPersistenceUnitInfo - No LoadTimeWeaver setup: ignoring JPA class transformer
2026-01-30 18:31:20 [main] DEBUG com.zaxxer.hikari.HikariConfig - HikariPool-1 - configuration:
2026-01-30 18:31:20 [main] DEBUG com.zaxxer.hikari.HikariConfig - allowPoolSuspension.............false
2026-01-30 18:31:20 [main] DEBUG com.zaxxer.hikari.HikariConfig - autoCommit......................true
2026-01-30 18:31:20 [main] DEBUG com.zaxxer.hikari.HikariConfig - catalog.........................none
2026-01-30 18:31:20 [main] DEBUG com.zaxxer.hikari.HikariConfig - connectionInitSql...............none
2026-01-30 18:31:20 [main] DEBUG com.zaxxer.hikari.HikariConfig - connectionTestQuery.............none
2026-01-30 18:31:20 [main] DEBUG com.zaxxer.hikari.HikariConfig - connectionTimeout...............30000
2026-01-30 18:31:20 [main] DEBUG com.zaxxer.hikari.HikariConfig - credentials.....................com.zaxxer.hikari.util.Credentials@4f1a5b93
2026-01-30 18:31:20 [main] DEBUG com.zaxxer.hikari.HikariConfig - credentialsProvider.............none
2026-01-30 18:31:20 [main] DEBUG com.zaxxer.hikari.HikariConfig - credentialsProviderClassName....none
2026-01-30 18:31:20 [main] DEBUG com.zaxxer.hikari.HikariConfig - dataSource......................none
2026-01-30 18:31:20 [main] DEBUG com.zaxxer.hikari.HikariConfig - dataSourceClassName.............none
2026-01-30 18:31:20 [main] DEBUG com.zaxxer.hikari.HikariConfig - dataSourceJNDI..................none
2026-01-30 18:31:20 [main] DEBUG com.zaxxer.hikari.HikariConfig - dataSourceProperties............{password=<masked>}
2026-01-30 18:31:20 [main] DEBUG com.zaxxer.hikari.HikariConfig - driverClassName................."com.microsoft.sqlserver.jdbc.SQLServerDriver"
2026-01-30 18:31:20 [main] DEBUG com.zaxxer.hikari.HikariConfig - exceptionOverride...............none
2026-01-30 18:31:20 [main] DEBUG com.zaxxer.hikari.HikariConfig - exceptionOverrideClassName......none
2026-01-30 18:31:20 [main] DEBUG com.zaxxer.hikari.HikariConfig - healthCheckProperties...........{}
2026-01-30 18:31:20 [main] DEBUG com.zaxxer.hikari.HikariConfig - healthCheckRegistry.............none
2026-01-30 18:31:20 [main] DEBUG com.zaxxer.hikari.HikariConfig - idleTimeout.....................600000
2026-01-30 18:31:20 [main] DEBUG com.zaxxer.hikari.HikariConfig - initializationFailTimeout.......1
2026-01-30 18:31:20 [main] DEBUG com.zaxxer.hikari.HikariConfig - isolateInternalQueries..........false
2026-01-30 18:31:20 [main] DEBUG com.zaxxer.hikari.HikariConfig - jdbcUrl.........................jdbc:sqlserver://localhost:1433;databaseName=BEB29;trustServerSertificate=true
2026-01-30 18:31:20 [main] DEBUG com.zaxxer.hikari.HikariConfig - keepaliveTime...................120000
2026-01-30 18:31:20 [main] DEBUG com.zaxxer.hikari.HikariConfig - leakDetectionThreshold..........0
2026-01-30 18:31:20 [main] DEBUG com.zaxxer.hikari.HikariConfig - maxLifetime.....................1800000
2026-01-30 18:31:20 [main] DEBUG com.zaxxer.hikari.HikariConfig - maximumPoolSize.................10
2026-01-30 18:31:20 [main] DEBUG com.zaxxer.hikari.HikariConfig - metricRegistry..................none
2026-01-30 18:31:20 [main] DEBUG com.zaxxer.hikari.HikariConfig - metricsTrackerFactory...........none
2026-01-30 18:31:20 [main] DEBUG com.zaxxer.hikari.HikariConfig - minimumIdle.....................10
2026-01-30 18:31:20 [main] DEBUG com.zaxxer.hikari.HikariConfig - password........................<masked>
2026-01-30 18:31:20 [main] DEBUG com.zaxxer.hikari.HikariConfig - poolName........................"HikariPool-1"
2026-01-30 18:31:20 [main] DEBUG com.zaxxer.hikari.HikariConfig - readOnly........................false
2026-01-30 18:31:20 [main] DEBUG com.zaxxer.hikari.HikariConfig - registerMbeans..................false
2026-01-30 18:31:20 [main] DEBUG com.zaxxer.hikari.HikariConfig - scheduledExecutor...............none
2026-01-30 18:31:20 [main] DEBUG com.zaxxer.hikari.HikariConfig - schema..........................none
2026-01-30 18:31:20 [main] DEBUG com.zaxxer.hikari.HikariConfig - threadFactory...................internal
2026-01-30 18:31:20 [main] DEBUG com.zaxxer.hikari.HikariConfig - transactionIsolation............default
2026-01-30 18:31:20 [main] DEBUG com.zaxxer.hikari.HikariConfig - username........................"sa"
2026-01-30 18:31:20 [main] DEBUG com.zaxxer.hikari.HikariConfig - validationTimeout...............5000
2026-01-30 18:31:20 [main] INFO  com.zaxxer.hikari.HikariDataSource - HikariPool-1 - Starting...
2026-01-30 18:31:20 [main] DEBUG jdk.event.security - X509Certificate: Alg:SHA256withRSA, Serial:40:1a:c4:64:21:b3:13:21:03:0e:bb:e4:12:1a:c5:1d, Subject:CN=VeriSign Universal Root Certification Authority, OU="(c) 2008 VeriSign, Inc. - For authorized use only", OU=VeriSign Trust Network, O="VeriSign, Inc.", C=US, Issuer:CN=VeriSign Universal Root Certification Authority, OU="(c) 2008 VeriSign, Inc. - For authorized use only", OU=VeriSign Trust Network, O="VeriSign, Inc.", C=US, Key type:RSA, Length:2048, Cert Id:-1976681486, Valid from:4/2/08, 7:00 AM, Valid until:12/2/37, 6:59 AM
2026-01-30 18:31:20 [main] DEBUG jdk.event.security - X509Certificate: Alg:SHA256withRSA, Serial:7c:1b:35:35:4a:e7:db:74:e7:41:5f:11:69:ca:6b:a8, Subject:CN=Symantec Class 3 SHA256 Code Signing CA - G2, OU=Symantec Trust Network, O=Symantec Corporation, C=US, Issuer:CN=VeriSign Universal Root Certification Authority, OU="(c) 2008 VeriSign, Inc. - For authorized use only", OU=VeriSign Trust Network, O="VeriSign, Inc.", C=US, Key type:RSA, Length:2048, Cert Id:920743424, Valid from:7/22/14, 7:00 AM, Valid until:7/22/24, 6:59 AM
2026-01-30 18:31:20 [main] DEBUG jdk.event.security - X509Certificate: Alg:SHA256withRSA, Serial:4f:ee:99:d3:32:2a:02:ac:3f:fd:e2:f5:2b:e2:4a:4c, Subject:CN=Microsoft Corporation, OU=Java Signing (SHA2), O=Microsoft Corporation, L=REDMOND, ST=Washington, C=US, Issuer:CN=Symantec Class 3 SHA256 Code Signing CA - G2, OU=Symantec Trust Network, O=Symantec Corporation, C=US, Key type:RSA, Length:4096, Cert Id:-260461596, Valid from:11/10/18, 7:00 AM, Valid until:10/28/21, 6:59 AM
2026-01-30 18:31:20 [main] DEBUG jdk.event.security - X509Certificate: Alg:SHA256withRSA, Serial:7b:05:b1:d4:49:68:51:44:f7:c9:89:d2:9c:19:9d:12, Subject:CN=Symantec SHA256 TimeStamping CA, OU=Symantec Trust Network, O=Symantec Corporation, C=US, Issuer:CN=VeriSign Universal Root Certification Authority, OU="(c) 2008 VeriSign, Inc. - For authorized use only", OU=VeriSign Trust Network, O="VeriSign, Inc.", C=US, Key type:RSA, Length:2048, Cert Id:679469769, Valid from:1/12/16, 7:00 AM, Valid until:1/12/31, 6:59 AM
2026-01-30 18:31:20 [main] DEBUG jdk.event.security - X509Certificate: Alg:SHA256withRSA, Serial:7b:d4:e5:af:ba:cc:07:3f:a1:01:23:04:22:41:4d:12, Subject:CN=Symantec SHA256 TimeStamping Signer - G3, OU=Symantec Trust Network, O=Symantec Corporation, C=US, Issuer:CN=Symantec SHA256 TimeStamping CA, OU=Symantec Trust Network, O=Symantec Corporation, C=US, Key type:RSA, Length:2048, Cert Id:-1917605033, Valid from:12/23/17, 7:00 AM, Valid until:3/23/29, 6:59 AM
2026-01-30 18:31:20 [main] DEBUG com.microsoft.sqlserver.jdbc.internals.SQLServerDriver - Property:serverName Value:localhost
2026-01-30 18:31:20 [main] DEBUG com.microsoft.sqlserver.jdbc.internals.SQLServerDriver - Property:portNumber Value:1433
2026-01-30 18:31:20 [main] DEBUG com.microsoft.sqlserver.jdbc.internals.SQLServerDriver - Property:databaseName Value:BEB29
2026-01-30 18:31:20 [main] DEBUG com.zaxxer.hikari.pool.PoolBase - HikariPool-1 - Attempting to create/setup new connection (5cbec8a8-90bf-4045-900d-8c705cb8d757)
2026-01-30 18:31:20 [main] DEBUG com.microsoft.sqlserver.jdbc.internals.SQLServerDriver - Property:serverName Value:localhost
2026-01-30 18:31:20 [main] DEBUG com.microsoft.sqlserver.jdbc.internals.SQLServerDriver - Property:portNumber Value:1433
2026-01-30 18:31:20 [main] DEBUG com.microsoft.sqlserver.jdbc.internals.SQLServerDriver - Property:databaseName Value:BEB29
2026-01-30 18:31:20 [main] DEBUG com.microsoft.sqlserver.jdbc.internals.SQLServerConnection - ConnectionID:1 created by (SQLServerDriver:1)
2026-01-30 18:31:20 [main] DEBUG com.microsoft.sqlserver.jdbc.internals.SQLServerConnection - ConnectionID:1 This attempt server name: localhost port: 1433 InstanceName: null useParallel: false
2026-01-30 18:31:20 [main] DEBUG com.microsoft.sqlserver.jdbc.internals.SQLServerConnection - ConnectionID:1 This attempt endtime: 1769772684299
2026-01-30 18:31:20 [main] DEBUG com.microsoft.sqlserver.jdbc.internals.SQLServerConnection - ConnectionID:1 This attempt No: 0
2026-01-30 18:31:20 [main] DEBUG com.microsoft.sqlserver.jdbc.internals.SQLServerConnection - ConnectionID:1 Connecting with server: localhost port: 1433 Timeout slice: 3746 Timeout Full: 30
2026-01-30 18:31:20 [main] DEBUG com.microsoft.sqlserver.jdbc.internals.SQLServerConnection - ConnectionID:1 ClientConnectionId: 8f73a750-5efd-43dc-a3ef-7114019b6fc7 Server returned major version:17
2026-01-30 18:31:20 [main] DEBUG jdk.event.security - X509Certificate: Alg:SHA256withRSA, Serial:42:00:45:0e:63:91:fa:87:4b:a3:75:ed:ee:09:bc:b4, Subject:CN=SSL_Self_Signed_Fallback, Issuer:CN=SSL_Self_Signed_Fallback, Key type:RSA, Length:3072, Cert Id:-2003894245, Valid from:1/30/26, 12:50 AM, Valid until:1/30/56, 12:50 AM
2026-01-30 18:31:20 [main] DEBUG jdk.event.security -  TLSHandshake: localhost:1433, TLSv1.2, TLS_ECDHE_RSA_WITH_AES_256_GCM_SHA384, -2003894245
2026-01-30 18:31:21 [main] DEBUG com.microsoft.sqlserver.jdbc.internals.SQLServerStatement - SQLServerStatement:1 created by (ConnectionID:1 ClientConnectionId: 8f73a750-5efd-43dc-a3ef-7114019b6fc7)
2026-01-30 18:31:21 [main] DEBUG com.microsoft.sqlserver.jdbc.internals.SQLServerStatement - SQLServerStatement:1 Executing (not server cursor) SELECT 1
2026-01-30 18:31:21 [main] DEBUG com.microsoft.sqlserver.jdbc.internals.SQLServerResultSet - SQLServerResultSet:1 created by (SQLServerStatement:1)
2026-01-30 18:31:21 [main] DEBUG com.zaxxer.hikari.pool.PoolBase - HikariPool-1 - Established new connection (5cbec8a8-90bf-4045-900d-8c705cb8d757)
2026-01-30 18:31:21 [main] INFO  com.zaxxer.hikari.pool.HikariPool - HikariPool-1 - Added connection ConnectionID:1 ClientConnectionId: 8f73a750-5efd-43dc-a3ef-7114019b6fc7
2026-01-30 18:31:21 [main] INFO  com.zaxxer.hikari.HikariDataSource - HikariPool-1 - Start completed.
2026-01-30 18:31:21 [main] DEBUG com.microsoft.sqlserver.jdbc.internals.SQLServerDatabaseMetaData -  SQLServerDatabaseMetaData:1 created by (ConnectionID:1 ClientConnectionId: 8f73a750-5efd-43dc-a3ef-7114019b6fc7)
2026-01-30 18:31:21 [main] DEBUG org.hibernate.orm.jdbc - HHH100017: Database:
	name: Microsoft SQL Server
	version: 17.00.1000
	major: 17
	minor: 0
2026-01-30 18:31:21 [main] DEBUG org.hibernate.orm.jdbc - HHH100018: Driver:
	name: Microsoft JDBC Driver 9.2 for SQL Server
	version: 9.2.1.0
	major: 9
	minor: 2
	JDBC version: 4.3
2026-01-30 18:31:21 [main] DEBUG com.microsoft.sqlserver.jdbc.internals.SQLServerStatement - SQLServerStatement:2 created by (ConnectionID:1 ClientConnectionId: 8f73a750-5efd-43dc-a3ef-7114019b6fc7)
2026-01-30 18:31:21 [main] DEBUG com.microsoft.sqlserver.jdbc.internals.SQLServerStatement - SQLServerStatement:2 Executing (not server cursor) SELECT compatibility_level FROM sys.databases where name = db_name();
2026-01-30 18:31:21 [main] DEBUG com.microsoft.sqlserver.jdbc.internals.SQLServerResultSet - SQLServerResultSet:2 created by (SQLServerStatement:2)
2026-01-30 18:31:21 [HikariPool-1:housekeeper] DEBUG com.zaxxer.hikari.pool.HikariPool - HikariPool-1 - Pool stats (total=1/10, idle=0/10, active=1, waiting=0)
2026-01-30 18:31:21 [HikariPool-1:connection-adder] DEBUG com.zaxxer.hikari.pool.PoolBase - HikariPool-1 - Attempting to create/setup new connection (76b8a836-0f23-4006-9e4f-a31e37aa5228)
2026-01-30 18:31:21 [HikariPool-1:connection-adder] DEBUG com.microsoft.sqlserver.jdbc.internals.SQLServerDriver - Property:serverName Value:localhost
2026-01-30 18:31:21 [HikariPool-1:connection-adder] DEBUG com.microsoft.sqlserver.jdbc.internals.SQLServerDriver - Property:portNumber Value:1433
2026-01-30 18:31:21 [HikariPool-1:connection-adder] DEBUG com.microsoft.sqlserver.jdbc.internals.SQLServerDriver - Property:databaseName Value:BEB29
2026-01-30 18:31:21 [HikariPool-1:connection-adder] DEBUG com.microsoft.sqlserver.jdbc.internals.SQLServerConnection - ConnectionID:2 created by (SQLServerDriver:1)
2026-01-30 18:31:21 [HikariPool-1:connection-adder] DEBUG com.microsoft.sqlserver.jdbc.internals.SQLServerConnection - ConnectionID:2 This attempt server name: localhost port: 1433 InstanceName: null useParallel: false
2026-01-30 18:31:21 [HikariPool-1:connection-adder] DEBUG com.microsoft.sqlserver.jdbc.internals.SQLServerConnection - ConnectionID:2 This attempt endtime: 1769772684940
2026-01-30 18:31:21 [HikariPool-1:connection-adder] DEBUG com.microsoft.sqlserver.jdbc.internals.SQLServerConnection - ConnectionID:2 This attempt No: 0
2026-01-30 18:31:21 [HikariPool-1:connection-adder] DEBUG com.microsoft.sqlserver.jdbc.internals.SQLServerConnection - ConnectionID:2 Connecting with server: localhost port: 1433 Timeout slice: 3750 Timeout Full: 30
2026-01-30 18:31:21 [HikariPool-1:connection-adder] DEBUG com.microsoft.sqlserver.jdbc.internals.SQLServerConnection - ConnectionID:2 ClientConnectionId: d23c3542-6da0-4c1d-988b-471f91d65c15 Server returned major version:17
2026-01-30 18:31:21 [main] WARN  org.hibernate.orm.core - HHH000511: The 10.0.0 version for [org.hibernate.dialect.SQLServerDialect] is no longer supported, hence certain features may not work properly.The minimum supported version is 12.0.0. Check the community dialects project for available legacy versions.
2026-01-30 18:31:21 [HikariPool-1:connection-adder] DEBUG jdk.event.security - X509Certificate: Alg:SHA256withRSA, Serial:42:00:45:0e:63:91:fa:87:4b:a3:75:ed:ee:09:bc:b4, Subject:CN=SSL_Self_Signed_Fallback, Issuer:CN=SSL_Self_Signed_Fallback, Key type:RSA, Length:3072, Cert Id:-2003894245, Valid from:1/30/26, 12:50 AM, Valid until:1/30/56, 12:50 AM
2026-01-30 18:31:21 [main] DEBUG org.hibernate.orm.dialect - HHH035001: Using dialect: org.hibernate.dialect.SQLServerDialect, version: 10.0
2026-01-30 18:31:21 [main] DEBUG org.hibernate.engine.jdbc.env.spi.IdentifierHelperBuilder - IdentifierCaseStrategy for both quoted and unquoted identifiers was set to the same strategy [MIXED]; that will likely lead to problems in schema update and validation if using quoted identifiers
2026-01-30 18:31:21 [main] DEBUG com.microsoft.sqlserver.jdbc.internals.SQLServerStatement - SQLServerStatement:3 created by (ConnectionID:1 ClientConnectionId: 8f73a750-5efd-43dc-a3ef-7114019b6fc7)
2026-01-30 18:31:21 [main] DEBUG com.microsoft.sqlserver.jdbc.internals.SQLServerStatement - SQLServerStatement:3 Executing (not server cursor) SELECT SCHEMA_NAME()
2026-01-30 18:31:21 [main] DEBUG com.microsoft.sqlserver.jdbc.internals.SQLServerResultSet - SQLServerResultSet:3 created by (SQLServerStatement:3)
2026-01-30 18:31:21 [HikariPool-1:connection-adder] DEBUG jdk.event.security -  TLSHandshake: localhost:1433, TLSv1.2, TLS_ECDHE_RSA_WITH_AES_256_GCM_SHA384, -2003894245
2026-01-30 18:31:21 [main] DEBUG com.microsoft.sqlserver.jdbc.internals.SQLServerStatement - SQLServerStatement:4 created by (ConnectionID:1 ClientConnectionId: 8f73a750-5efd-43dc-a3ef-7114019b6fc7)
2026-01-30 18:31:21 [main] DEBUG com.microsoft.sqlserver.jdbc.internals.SQLServerClob - SQLServerClob:1 created by (ConnectionID:1 ClientConnectionId: 8f73a750-5efd-43dc-a3ef-7114019b6fc7)
2026-01-30 18:31:21 [main] DEBUG com.microsoft.sqlserver.jdbc.internals.SQLServerNClob - SQLServerNClob:2 created by (ConnectionID:1 ClientConnectionId: 8f73a750-5efd-43dc-a3ef-7114019b6fc7)
2026-01-30 18:31:21 [main] DEBUG org.hibernate.orm.jdbc - HHH100122: Using default JDBC fetch size: 128
2026-01-30 18:31:21 [main] INFO  org.hibernate.orm.connections.pooling - HHH10001005: Database info:
	Database JDBC URL [jdbc:sqlserver://localhost:1433;maxResultBuffer=-1;sendTemporalDataTypesAsStringForBulkCopy=true;delayLoadingLobs=true;useFmtOnly=false;useBulkCopyForBatchInsert=false;cancelQueryTimeout=-1;sslProtocol=TLS;jaasConfigurationName=SQLJDBCDriver;statementPoolingCacheSize=0;serverPreparedStatementDiscardThreshold=10;enablePrepareOnFirstPreparedStatementCall=false;fips=false;socketTimeout=0;authentication=NotSpecified;authenticationScheme=nativeAuthentication;xopenStates=false;sendTimeAsDatetime=true;trustStoreType=JKS;trustServerCertificate=false;TransparentNetworkIPResolution=true;serverNameAsACE=false;sendStringParametersAsUnicode=true;selectMethod=direct;responseBuffering=adaptive;queryTimeout=-1;packetSize=8000;multiSubnetFailover=false;loginTimeout=30;lockTimeout=-1;lastUpdateCount=true;encrypt=false;disableStatementPooling=true;databaseName=BEB29;columnEncryptionSetting=Disabled;applicationName=Microsoft JDBC Driver for SQL Server;applicationIntent=readwrite;]
	Database driver: Microsoft JDBC Driver 9.2 for SQL Server
	Database dialect: SQLServerDialect
	Database version: 10.0
	Default catalog/schema: BEB29/dbo
	Autocommit mode: undefined/unknown
	Isolation level: READ_COMMITTED [default READ_COMMITTED]
	JDBC fetch size: 128
	Pool: DataSourceConnectionProvider
	Minimum pool size: undefined/unknown
	Maximum pool size: undefined/unknown
2026-01-30 18:31:21 [HikariPool-1:connection-adder] DEBUG com.zaxxer.hikari.pool.PoolBase - HikariPool-1 - Established new connection (76b8a836-0f23-4006-9e4f-a31e37aa5228)
2026-01-30 18:31:21 [HikariPool-1:connection-adder] DEBUG com.zaxxer.hikari.pool.HikariPool - HikariPool-1 - Added connection ConnectionID:2 ClientConnectionId: d23c3542-6da0-4c1d-988b-471f91d65c15
2026-01-30 18:31:21 [HikariPool-1:connection-adder] DEBUG com.zaxxer.hikari.pool.HikariPool - HikariPool-1 - After adding stats (total=2/10, idle=2/10, active=0, waiting=0)
2026-01-30 18:31:21 [HikariPool-1:connection-adder] DEBUG com.zaxxer.hikari.pool.PoolBase - HikariPool-1 - Attempting to create/setup new connection (26980106-a641-4ec3-8b88-6a2f5da999fc)
2026-01-30 18:31:21 [HikariPool-1:connection-adder] DEBUG com.microsoft.sqlserver.jdbc.internals.SQLServerDriver - Property:serverName Value:localhost
2026-01-30 18:31:21 [HikariPool-1:connection-adder] DEBUG com.microsoft.sqlserver.jdbc.internals.SQLServerDriver - Property:portNumber Value:1433
2026-01-30 18:31:21 [HikariPool-1:connection-adder] DEBUG com.microsoft.sqlserver.jdbc.internals.SQLServerDriver - Property:databaseName Value:BEB29
2026-01-30 18:31:21 [HikariPool-1:connection-adder] DEBUG com.microsoft.sqlserver.jdbc.internals.SQLServerConnection - ConnectionID:3 created by (SQLServerDriver:1)
2026-01-30 18:31:21 [HikariPool-1:connection-adder] DEBUG com.microsoft.sqlserver.jdbc.internals.SQLServerConnection - ConnectionID:3 This attempt server name: localhost port: 1433 InstanceName: null useParallel: false
2026-01-30 18:31:21 [HikariPool-1:connection-adder] DEBUG com.microsoft.sqlserver.jdbc.internals.SQLServerConnection - ConnectionID:3 This attempt endtime: 1769772685183
2026-01-30 18:31:21 [HikariPool-1:connection-adder] DEBUG com.microsoft.sqlserver.jdbc.internals.SQLServerConnection - ConnectionID:3 This attempt No: 0
2026-01-30 18:31:21 [HikariPool-1:connection-adder] DEBUG com.microsoft.sqlserver.jdbc.internals.SQLServerConnection - ConnectionID:3 Connecting with server: localhost port: 1433 Timeout slice: 3749 Timeout Full: 30
2026-01-30 18:31:21 [HikariPool-1:connection-adder] DEBUG com.microsoft.sqlserver.jdbc.internals.SQLServerConnection - ConnectionID:3 ClientConnectionId: 6b3bd975-af76-45fa-8d6a-00316930adeb Server returned major version:17
2026-01-30 18:31:21 [HikariPool-1:connection-adder] DEBUG jdk.event.security - X509Certificate: Alg:SHA256withRSA, Serial:42:00:45:0e:63:91:fa:87:4b:a3:75:ed:ee:09:bc:b4, Subject:CN=SSL_Self_Signed_Fallback, Issuer:CN=SSL_Self_Signed_Fallback, Key type:RSA, Length:3072, Cert Id:-2003894245, Valid from:1/30/26, 12:50 AM, Valid until:1/30/56, 12:50 AM
2026-01-30 18:31:21 [HikariPool-1:connection-adder] DEBUG jdk.event.security -  TLSHandshake: localhost:1433, TLSv1.2, TLS_ECDHE_RSA_WITH_AES_256_GCM_SHA384, -2003894245
2026-01-30 18:31:21 [HikariPool-1:connection-adder] DEBUG com.zaxxer.hikari.pool.PoolBase - HikariPool-1 - Established new connection (26980106-a641-4ec3-8b88-6a2f5da999fc)
2026-01-30 18:31:21 [HikariPool-1:connection-adder] DEBUG com.zaxxer.hikari.pool.HikariPool - HikariPool-1 - Added connection ConnectionID:3 ClientConnectionId: 6b3bd975-af76-45fa-8d6a-00316930adeb
2026-01-30 18:31:21 [HikariPool-1:connection-adder] DEBUG com.zaxxer.hikari.pool.HikariPool - HikariPool-1 - After adding stats (total=3/10, idle=3/10, active=0, waiting=0)
2026-01-30 18:31:21 [HikariPool-1:connection-adder] DEBUG com.zaxxer.hikari.pool.PoolBase - HikariPool-1 - Attempting to create/setup new connection (53cf0a9d-fc00-4a94-a2d5-4ee2b9c555d1)
2026-01-30 18:31:21 [HikariPool-1:connection-adder] DEBUG com.microsoft.sqlserver.jdbc.internals.SQLServerDriver - Property:serverName Value:localhost
2026-01-30 18:31:21 [HikariPool-1:connection-adder] DEBUG com.microsoft.sqlserver.jdbc.internals.SQLServerDriver - Property:portNumber Value:1433
2026-01-30 18:31:21 [HikariPool-1:connection-adder] DEBUG com.microsoft.sqlserver.jdbc.internals.SQLServerDriver - Property:databaseName Value:BEB29
2026-01-30 18:31:21 [HikariPool-1:connection-adder] DEBUG com.microsoft.sqlserver.jdbc.internals.SQLServerConnection - ConnectionID:4 created by (SQLServerDriver:1)
2026-01-30 18:31:21 [HikariPool-1:connection-adder] DEBUG com.microsoft.sqlserver.jdbc.internals.SQLServerConnection - ConnectionID:4 This attempt server name: localhost port: 1433 InstanceName: null useParallel: false
2026-01-30 18:31:21 [HikariPool-1:connection-adder] DEBUG com.microsoft.sqlserver.jdbc.internals.SQLServerConnection - ConnectionID:4 This attempt endtime: 1769772685429
2026-01-30 18:31:21 [HikariPool-1:connection-adder] DEBUG com.microsoft.sqlserver.jdbc.internals.SQLServerConnection - ConnectionID:4 This attempt No: 0
2026-01-30 18:31:21 [HikariPool-1:connection-adder] DEBUG com.microsoft.sqlserver.jdbc.internals.SQLServerConnection - ConnectionID:4 Connecting with server: localhost port: 1433 Timeout slice: 3749 Timeout Full: 30
2026-01-30 18:31:21 [HikariPool-1:connection-adder] DEBUG com.microsoft.sqlserver.jdbc.internals.SQLServerConnection - ConnectionID:4 ClientConnectionId: 64dfa025-0fc6-4f2b-bd01-7eb11385fe6e Server returned major version:17
2026-01-30 18:31:21 [HikariPool-1:connection-adder] DEBUG jdk.event.security - X509Certificate: Alg:SHA256withRSA, Serial:42:00:45:0e:63:91:fa:87:4b:a3:75:ed:ee:09:bc:b4, Subject:CN=SSL_Self_Signed_Fallback, Issuer:CN=SSL_Self_Signed_Fallback, Key type:RSA, Length:3072, Cert Id:-2003894245, Valid from:1/30/26, 12:50 AM, Valid until:1/30/56, 12:50 AM
2026-01-30 18:31:21 [HikariPool-1:connection-adder] DEBUG jdk.event.security -  TLSHandshake: localhost:1433, TLSv1.2, TLS_ECDHE_RSA_WITH_AES_256_GCM_SHA384, -2003894245
2026-01-30 18:31:21 [main] DEBUG org.springframework.orm.jpa.hibernate.SpringBeanContainer - Falling back to Hibernate's default producer after bean creation failure for interface org.hibernate.context.spi.CurrentTenantIdentifierResolver: org.springframework.beans.factory.NoSuchBeanDefinitionException: No qualifying bean of type 'org.hibernate.context.spi.CurrentTenantIdentifierResolver<?>' available
2026-01-30 18:31:21 [main] DEBUG org.springframework.orm.jpa.hibernate.SpringBeanContainer - Falling back to Hibernate's default producer after bean creation failure for interface org.hibernate.context.spi.TenantSchemaMapper: org.springframework.beans.factory.NoSuchBeanDefinitionException: No qualifying bean of type 'org.hibernate.context.spi.TenantSchemaMapper<?>' available
2026-01-30 18:31:21 [main] DEBUG org.hibernate.orm.factory - HHH90020001: Instantiating factory [91637650-1a3f-47de-9fd5-f1d3c6e7c9dc] with settings: {java.specification.version=17, sun.cpu.isalist=amd64, hibernate.resource.beans.container=org.springframework.orm.jpa.hibernate.SpringBeanContainer@87df88d, hibernate.connection.handling_mode=DELAYED_ACQUISITION_AND_HOLD, sun.jnu.encoding=Cp1252, hibernate.implicit_naming_strategy=org.springframework.boot.hibernate.SpringImplicitNamingStrategy, java.class.path=C:\Program Files\JetBrains\IntelliJ IDEA Community Edition 2025.2.5\lib\idea_rt.jar;C:\Program Files\JetBrains\IntelliJ IDEA Community Edition 2025.2.5\plugins\testng\lib\testng-rt.jar;C:\Users\Michael\IdeaProjects\smashclub\smashclub\target\test-classes;C:\Users\Michael\IdeaProjects\smashclub\smashclub\target\classes;C:\Users\Michael\.m2\repository\org\springframework\boot\spring-boot-starter\4.0.1\spring-boot-starter-4.0.1.jar;C:\Users\Michael\.m2\repository\org\springframework\boot\spring-boot-autoconfigure\4.0.1\spring-boot-autoconfigure-4.0.1.jar;C:\Users\Michael\.m2\repository\org\springframework\boot\spring-boot\4.0.1\spring-boot-4.0.1.jar;C:\Users\Michael\.m2\repository\org\springframework\spring-context\7.0.2\spring-context-7.0.2.jar;C:\Users\Michael\.m2\repository\jakarta\annotation\jakarta.annotation-api\3.0.0\jakarta.annotation-api-3.0.0.jar;C:\Users\Michael\.m2\repository\org\yaml\snakeyaml\2.5\snakeyaml-2.5.jar;C:\Users\Michael\.m2\repository\org\springframework\boot\spring-boot-starter-test\4.0.1\spring-boot-starter-test-4.0.1.jar;C:\Users\Michael\.m2\repository\org\springframework\boot\spring-boot-test\4.0.1\spring-boot-test-4.0.1.jar;C:\Users\Michael\.m2\repository\org\springframework\boot\spring-boot-test-autoconfigure\4.0.1\spring-boot-test-autoconfigure-4.0.1.jar;C:\Users\Michael\.m2\repository\com\jayway\jsonpath\json-path\2.10.0\json-path-2.10.0.jar;C:\Users\Michael\.m2\repository\jakarta\xml\bind\jakarta.xml.bind-api\4.0.4\jakarta.xml.bind-api-4.0.4.jar;C:\Users\Michael\.m2\repository\jakarta\activation\jakarta.activation-api\2.1.4\jakarta.activation-api-2.1.4.jar;C:\Users\Michael\.m2\repository\net\minidev\json-smart\2.6.0\json-smart-2.6.0.jar;C:\Users\Michael\.m2\repository\net\minidev\accessors-smart\2.6.0\accessors-smart-2.6.0.jar;C:\Users\Michael\.m2\repository\org\ow2\asm\asm\9.7.1\asm-9.7.1.jar;C:\Users\Michael\.m2\repository\org\assertj\assertj-core\3.27.6\assertj-core-3.27.6.jar;C:\Users\Michael\.m2\repository\net\bytebuddy\byte-buddy\1.17.8\byte-buddy-1.17.8.jar;C:\Users\Michael\.m2\repository\org\awaitility\awaitility\4.3.0\awaitility-4.3.0.jar;C:\Users\Michael\.m2\repository\org\hamcrest\hamcrest\3.0\hamcrest-3.0.jar;C:\Users\Michael\.m2\repository\org\junit\jupiter\junit-jupiter\6.0.1\junit-jupiter-6.0.1.jar;C:\Users\Michael\.m2\repository\org\junit\jupiter\junit-jupiter-api\6.0.1\junit-jupiter-api-6.0.1.jar;C:\Users\Michael\.m2\repository\org\opentest4j\opentest4j\1.3.0\opentest4j-1.3.0.jar;C:\Users\Michael\.m2\repository\org\junit\platform\junit-platform-commons\6.0.1\junit-platform-commons-6.0.1.jar;C:\Users\Michael\.m2\repository\org\apiguardian\apiguardian-api\1.1.2\apiguardian-api-1.1.2.jar;C:\Users\Michael\.m2\repository\org\junit\jupiter\junit-jupiter-params\6.0.1\junit-jupiter-params-6.0.1.jar;C:\Users\Michael\.m2\repository\org\junit\jupiter\junit-jupiter-engine\6.0.1\junit-jupiter-engine-6.0.1.jar;C:\Users\Michael\.m2\repository\org\junit\platform\junit-platform-engine\6.0.1\junit-platform-engine-6.0.1.jar;C:\Users\Michael\.m2\repository\org\mockito\mockito-core\5.20.0\mockito-core-5.20.0.jar;C:\Users\Michael\.m2\repository\net\bytebuddy\byte-buddy-agent\1.17.8\byte-buddy-agent-1.17.8.jar;C:\Users\Michael\.m2\repository\org\objenesis\objenesis\3.3\objenesis-3.3.jar;C:\Users\Michael\.m2\repository\org\mockito\mockito-junit-jupiter\5.20.0\mockito-junit-jupiter-5.20.0.jar;C:\Users\Michael\.m2\repository\org\skyscreamer\jsonassert\1.5.3\jsonassert-1.5.3.jar;C:\Users\Michael\.m2\repository\com\vaadin\external\google\android-json\0.0.20131108.vaadin1\android-json-0.0.20131108.vaadin1.jar;C:\Users\Michael\.m2\repository\org\springframework\spring-core\7.0.2\spring-core-7.0.2.jar;C:\Users\Michael\.m2\repository\commons-logging\commons-logging\1.3.5\commons-logging-1.3.5.jar;C:\Users\Michael\.m2\repository\org\jspecify\jspecify\1.0.0\jspecify-1.0.0.jar;C:\Users\Michael\.m2\repository\org\springframework\spring-test\7.0.2\spring-test-7.0.2.jar;C:\Users\Michael\.m2\repository\org\xmlunit\xmlunit-core\2.10.4\xmlunit-core-2.10.4.jar;C:\Users\Michael\.m2\repository\org\springframework\boot\spring-boot-starter-web\4.0.1\spring-boot-starter-web-4.0.1.jar;C:\Users\Michael\.m2\repository\org\springframework\boot\spring-boot-starter-jackson\4.0.1\spring-boot-starter-jackson-4.0.1.jar;C:\Users\Michael\.m2\repository\org\springframework\boot\spring-boot-jackson\4.0.1\spring-boot-jackson-4.0.1.jar;C:\Users\Michael\.m2\repository\tools\jackson\core\jackson-databind\3.0.3\jackson-databind-3.0.3.jar;C:\Users\Michael\.m2\repository\com\fasterxml\jackson\core\jackson-annotations\2.20\jackson-annotations-2.20.jar;C:\Users\Michael\.m2\repository\tools\jackson\core\jackson-core\3.0.3\jackson-core-3.0.3.jar;C:\Users\Michael\.m2\repository\org\springframework\boot\spring-boot-starter-tomcat\4.0.1\spring-boot-starter-tomcat-4.0.1.jar;C:\Users\Michael\.m2\repository\org\springframework\boot\spring-boot-starter-tomcat-runtime\4.0.1\spring-boot-starter-tomcat-runtime-4.0.1.jar;C:\Users\Michael\.m2\repository\org\springframework\boot\spring-boot-web-server\4.0.1\spring-boot-web-server-4.0.1.jar;C:\Users\Michael\.m2\repository\org\apache\tomcat\embed\tomcat-embed-core\11.0.15\tomcat-embed-core-11.0.15.jar;C:\Users\Michael\.m2\repository\org\apache\tomcat\embed\tomcat-embed-websocket\11.0.15\tomcat-embed-websocket-11.0.15.jar;C:\Users\Michael\.m2\repository\org\springframework\boot\spring-boot-tomcat\4.0.1\spring-boot-tomcat-4.0.1.jar;C:\Users\Michael\.m2\repository\org\springframework\boot\spring-boot-http-converter\4.0.1\spring-boot-http-converter-4.0.1.jar;C:\Users\Michael\.m2\repository\org\springframework\spring-web\7.0.2\spring-web-7.0.2.jar;C:\Users\Michael\.m2\repository\io\micrometer\micrometer-observation\1.16.1\micrometer-observation-1.16.1.jar;C:\Users\Michael\.m2\repository\io\micrometer\micrometer-commons\1.16.1\micrometer-commons-1.16.1.jar;C:\Users\Michael\.m2\repository\org\springframework\boot\spring-boot-webmvc\4.0.1\spring-boot-webmvc-4.0.1.jar;C:\Users\Michael\.m2\repository\org\springframework\boot\spring-boot-servlet\4.0.1\spring-boot-servlet-4.0.1.jar;C:\Users\Michael\.m2\repository\org\springframework\spring-webmvc\7.0.2\spring-webmvc-7.0.2.jar;C:\Users\Michael\.m2\repository\org\springframework\spring-expression\7.0.2\spring-expression-7.0.2.jar;C:\Users\Michael\.m2\repository\org\springframework\boot\spring-boot-starter-security\4.0.1\spring-boot-starter-security-4.0.1.jar;C:\Users\Michael\.m2\repository\org\springframework\boot\spring-boot-security\4.0.1\spring-boot-security-4.0.1.jar;C:\Users\Michael\.m2\repository\org\springframework\security\spring-security-config\7.0.2\spring-security-config-7.0.2.jar;C:\Users\Michael\.m2\repository\org\springframework\security\spring-security-core\7.0.2\spring-security-core-7.0.2.jar;C:\Users\Michael\.m2\repository\org\springframework\security\spring-security-crypto\7.0.2\spring-security-crypto-7.0.2.jar;C:\Users\Michael\.m2\repository\org\springframework\security\spring-security-web\7.0.2\spring-security-web-7.0.2.jar;C:\Users\Michael\.m2\repository\org\springframework\spring-aop\7.0.2\spring-aop-7.0.2.jar;C:\Users\Michael\.m2\repository\org\springframework\spring-beans\7.0.2\spring-beans-7.0.2.jar;C:\Users\Michael\.m2\repository\org\springframework\boot\spring-boot-starter-data-jpa\4.0.1\spring-boot-starter-data-jpa-4.0.1.jar;C:\Users\Michael\.m2\repository\org\springframework\boot\spring-boot-starter-jdbc\4.0.1\spring-boot-starter-jdbc-4.0.1.jar;C:\Users\Michael\.m2\repository\com\zaxxer\HikariCP\7.0.2\HikariCP-7.0.2.jar;C:\Users\Michael\.m2\repository\org\springframework\boot\spring-boot-data-jpa\4.0.1\spring-boot-data-jpa-4.0.1.jar;C:\Users\Michael\.m2\repository\org\springframework\boot\spring-boot-data-commons\4.0.1\spring-boot-data-commons-4.0.1.jar;C:\Users\Michael\.m2\repository\org\springframework\boot\spring-boot-persistence\4.0.1\spring-boot-persistence-4.0.1.jar;C:\Users\Michael\.m2\repository\org\springframework\data\spring-data-commons\4.0.1\spring-data-commons-4.0.1.jar;C:\Users\Michael\.m2\repository\org\springframework\boot\spring-boot-hibernate\4.0.1\spring-boot-hibernate-4.0.1.jar;C:\Users\Michael\.m2\repository\org\springframework\boot\spring-boot-jpa\4.0.1\spring-boot-jpa-4.0.1.jar;C:\Users\Michael\.m2\repository\jakarta\persistence\jakarta.persistence-api\3.2.0\jakarta.persistence-api-3.2.0.jar;C:\Users\Michael\.m2\repository\org\hibernate\orm\hibernate-core\7.2.0.Final\hibernate-core-7.2.0.Final.jar;C:\Users\Michael\.m2\repository\jakarta\transaction\jakarta.transaction-api\2.0.1\jakarta.transaction-api-2.0.1.jar;C:\Users\Michael\.m2\repository\org\hibernate\models\hibernate-models\1.0.1\hibernate-models-1.0.1.jar;C:\Users\Michael\.m2\repository\org\glassfish\jaxb\jaxb-runtime\4.0.6\jaxb-runtime-4.0.6.jar;C:\Users\Michael\.m2\repository\org\glassfish\jaxb\jaxb-core\4.0.6\jaxb-core-4.0.6.jar;C:\Users\Michael\.m2\repository\org\eclipse\angus\angus-activation\2.0.3\angus-activation-2.0.3.jar;C:\Users\Michael\.m2\repository\org\glassfish\jaxb\txw2\4.0.6\txw2-4.0.6.jar;C:\Users\Michael\.m2\repository\com\sun\istack\istack-commons-runtime\4.1.2\istack-commons-runtime-4.1.2.jar;C:\Users\Michael\.m2\repository\jakarta\inject\jakarta.inject-api\2.0.1\jakarta.inject-api-2.0.1.jar;C:\Users\Michael\.m2\repository\org\springframework\spring-orm\7.0.2\spring-orm-7.0.2.jar;C:\Users\Michael\.m2\repository\org\springframework\data\spring-data-jpa\4.0.1\spring-data-jpa-4.0.1.jar;C:\Users\Michael\.m2\repository\org\springframework\spring-tx\7.0.2\spring-tx-7.0.2.jar;C:\Users\Michael\.m2\repository\org\antlr\antlr4-runtime\4.13.2\antlr4-runtime-4.13.2.jar;C:\Users\Michael\.m2\repository\org\springframework\spring-aspects\7.0.2\spring-aspects-7.0.2.jar;C:\Users\Michael\.m2\repository\org\aspectj\aspectjweaver\1.9.25.1\aspectjweaver-1.9.25.1.jar;C:\Users\Michael\.m2\repository\org\springframework\boot\spring-boot-jdbc\4.0.1\spring-boot-jdbc-4.0.1.jar;C:\Users\Michael\.m2\repository\org\springframework\boot\spring-boot-sql\4.0.1\spring-boot-sql-4.0.1.jar;C:\Users\Michael\.m2\repository\org\springframework\boot\spring-boot-transaction\4.0.1\spring-boot-transaction-4.0.1.jar;C:\Users\Michael\.m2\repository\org\springframework\spring-jdbc\7.0.2\spring-jdbc-7.0.2.jar;C:\Users\Michael\.m2\repository\org\projectlombok\lombok\1.18.42\lombok-1.18.42.jar;C:\Users\Michael\.m2\repository\org\springframework\boot\spring-boot-starter-validation\4.0.1\spring-boot-starter-validation-4.0.1.jar;C:\Users\Michael\.m2\repository\org\springframework\boot\spring-boot-validation\4.0.1\spring-boot-validation-4.0.1.jar;C:\Users\Michael\.m2\repository\org\apache\tomcat\embed\tomcat-embed-el\11.0.15\tomcat-embed-el-11.0.15.jar;C:\Users\Michael\.m2\repository\org\hibernate\validator\hibernate-validator\9.0.1.Final\hibernate-validator-9.0.1.Final.jar;C:\Users\Michael\.m2\repository\jakarta\validation\jakarta.validation-api\3.1.1\jakarta.validation-api-3.1.1.jar;C:\Users\Michael\.m2\repository\org\jboss\logging\jboss-logging\3.6.1.Final\jboss-logging-3.6.1.Final.jar;C:\Users\Michael\.m2\repository\com\fasterxml\classmate\1.7.1\classmate-1.7.1.jar;C:\Users\Michael\.m2\repository\com\h2database\h2\2.4.240\h2-2.4.240.jar;C:\Users\Michael\.m2\repository\io\rest-assured\rest-assured\5.1.1\rest-assured-5.1.1.jar;C:\Users\Michael\.m2\repository\org\apache\groovy\groovy\5.0.3\groovy-5.0.3.jar;C:\Users\Michael\.m2\repository\org\apache\groovy\groovy-xml\5.0.3\groovy-xml-5.0.3.jar;C:\Users\Michael\.m2\repository\org\apache\httpcomponents\httpclient\4.5.13\httpclient-4.5.13.jar;C:\Users\Michael\.m2\repository\org\apache\httpcomponents\httpcore\4.4.16\httpcore-4.4.16.jar;C:\Users\Michael\.m2\repository\commons-codec\commons-codec\1.19.0\commons-codec-1.19.0.jar;C:\Users\Michael\.m2\repository\org\apache\httpcomponents\httpmime\4.5.13\httpmime-4.5.13.jar;C:\Users\Michael\.m2\repository\org\ccil\cowan\tagsoup\tagsoup\1.2.1\tagsoup-1.2.1.jar;C:\Users\Michael\.m2\repository\io\rest-assured\json-path\5.1.1\json-path-5.1.1.jar;C:\Users\Michael\.m2\repository\org\apache\groovy\groovy-json\5.0.3\groovy-json-5.0.3.jar;C:\Users\Michael\.m2\repository\io\rest-assured\rest-assured-common\5.1.1\rest-assured-common-5.1.1.jar;C:\Users\Michael\.m2\repository\io\rest-assured\xml-path\5.1.1\xml-path-5.1.1.jar;C:\Users\Michael\.m2\repository\org\testng\testng\7.10.2\testng-7.10.2.jar;C:\Users\Michael\.m2\repository\org\slf4j\slf4j-api\2.0.17\slf4j-api-2.0.17.jar;C:\Users\Michael\.m2\repository\com\beust\jcommander\1.82\jcommander-1.82.jar;C:\Users\Michael\.m2\repository\org\webjars\jquery\3.7.1\jquery-3.7.1.jar;C:\Users\Michael\.m2\repository\com\github\javafaker\javafaker\1.0.2\javafaker-1.0.2.jar;C:\Users\Michael\.m2\repository\org\apache\commons\commons-lang3\3.19.0\commons-lang3-3.19.0.jar;C:\Users\Michael\.m2\repository\org\yaml\snakeyaml\1.23\snakeyaml-1.23-android.jar;C:\Users\Michael\.m2\repository\com\github\mifmif\generex\1.0.2\generex-1.0.2.jar;C:\Users\Michael\.m2\repository\dk\brics\automaton\automaton\1.11-8\automaton-1.11-8.jar;C:\Users\Michael\.m2\repository\com\microsoft\sqlserver\mssql-jdbc\9.2.1.jre11\mssql-jdbc-9.2.1.jre11.jar;C:\Users\Michael\.m2\repository\org\bouncycastle\bcprov-jdk15to18\1.70\bcprov-jdk15to18-1.70.jar;C:\Users\Michael\.m2\repository\org\mindrot\jbcrypt\0.4\jbcrypt-0.4.jar;C:\Users\Michael\.m2\repository\com\googlecode\json-simple\json-simple\1.1.1\json-simple-1.1.1.jar;C:\Users\Michael\.m2\repository\junit\junit\4.13.2\junit-4.13.2.jar;C:\Users\Michael\.m2\repository\org\hamcrest\hamcrest-core\3.0\hamcrest-core-3.0.jar;C:\Users\Michael\.m2\repository\org\modelmapper\modelmapper\3.2.2\modelmapper-3.2.2.jar;C:\Users\Michael\.m2\repository\org\apache\poi\poi-ooxml\5.5.1\poi-ooxml-5.5.1.jar;C:\Users\Michael\.m2\repository\org\apache\poi\poi\5.5.1\poi-5.5.1.jar;C:\Users\Michael\.m2\repository\org\apache\commons\commons-math3\3.6.1\commons-math3-3.6.1.jar;C:\Users\Michael\.m2\repository\com\zaxxer\SparseBitSet\1.3\SparseBitSet-1.3.jar;C:\Users\Michael\.m2\repository\org\apache\poi\poi-ooxml-lite\5.5.1\poi-ooxml-lite-5.5.1.jar;C:\Users\Michael\.m2\repository\org\apache\xmlbeans\xmlbeans\5.3.0\xmlbeans-5.3.0.jar;C:\Users\Michael\.m2\repository\org\apache\commons\commons-compress\1.28.0\commons-compress-1.28.0.jar;C:\Users\Michael\.m2\repository\commons-io\commons-io\2.21.0\commons-io-2.21.0.jar;C:\Users\Michael\.m2\repository\com\github\virtuald\curvesapi\1.08\curvesapi-1.08.jar;C:\Users\Michael\.m2\repository\org\apache\logging\log4j\log4j-api\2.25.3\log4j-api-2.25.3.jar;C:\Users\Michael\.m2\repository\org\apache\commons\commons-collections4\4.5.0\commons-collections4-4.5.0.jar;C:\Users\Michael\.m2\repository\javax\xml\bind\jaxb-api\2.3.1\jaxb-api-2.3.1.jar;C:\Users\Michael\.m2\repository\javax\activation\javax.activation-api\1.2.0\javax.activation-api-1.2.0.jar;C:\Users\Michael\.m2\repository\org\springframework\boot\spring-boot-starter-log4j2\4.0.1\spring-boot-starter-log4j2-4.0.1.jar;C:\Users\Michael\.m2\repository\org\apache\logging\log4j\log4j-slf4j2-impl\2.25.3\log4j-slf4j2-impl-2.25.3.jar;C:\Users\Michael\.m2\repository\org\apache\logging\log4j\log4j-core\2.25.3\log4j-core-2.25.3.jar;C:\Users\Michael\.m2\repository\org\apache\logging\log4j\log4j-jul\2.25.3\log4j-jul-2.25.3.jar, kotlinx.coroutines.debug.enable.mutable.state.flows.stack.trace=true, java.vm.vendor=Oracle Corporation, sun.arch.data.model=64, idea.test.cyclic.buffer.size=1048576, user.variant=, java.vendor.url=https://java.oracle.com/, catalina.useNaming=false, user.timezone=Asia/Jakarta, jakarta.persistence.sharedCache.mode=UNSPECIFIED, java.vm.specification.version=17, os.name=Windows 11, APPLICATION_NAME=smashclub, jakarta.persistence.nonJtaDataSource=HikariDataSource (HikariPool-1), sun.java.launcher=SUN_STANDARD, user.country=ID, sun.boot.library.path=C:\Program Files\Java\jdk-17\bin, sun.java.command=com.intellij.rt.testng.RemoteTestNGStarter -usedefaultlisteners false -socket63737 @w@C:\Users\Michael\AppData\Local\Temp\idea_working_dirs_testng.tmp -temp C:\Users\Michael\AppData\Local\Temp\idea_testng.tmp, javax.persistence.nonJtaDataSource=HikariDataSource (HikariPool-1), hibernate.transaction.jta.platform=org.hibernate.engine.transaction.jta.platform.internal.NoJtaPlatform@4f3b11e6, jdk.debug=release, sun.cpu.endian=little, hibernate.cdi.extensions=true, user.home=C:\Users\Michael, user.language=en, java.specification.vendor=Oracle Corporation, java.version.date=2025-10-21, java.home=C:\Program Files\Java\jdk-17, file.separator=\, java.vm.compressedOopsMode=Zero based, line.separator=
, hibernate.persistenceUnitName=default, java.vm.specification.vendor=Oracle Corporation, java.specification.name=Java Platform API Specification, intellij.debug.agent=true, FILE_LOG_CHARSET=UTF-8, hibernate.transaction.coordinator_class=class org.hibernate.resource.transaction.backend.jdbc.internal.JdbcResourceLocalTransactionCoordinatorBuilderImpl, java.awt.headless=true, jakarta.persistence.validation.mode=AUTO, hibernate.hbm2ddl.auto=create, user.script=, sun.management.compiler=HotSpot 64-Bit Tiered Compilers, java.runtime.version=17.0.17+8-LTS-360, user.name=Michael, path.separator=;, kotlinx.coroutines.debug.enable.creation.stack.trace=false, os.version=10.0, java.runtime.name=Java(TM) SE Runtime Environment, file.encoding=UTF-8, java.vm.name=Java HotSpot(TM) 64-Bit Server VM, hibernate.show_sql=true, java.vendor.url.bug=https://bugreport.java.com/bugreport/, java.io.tmpdir=C:\Users\Michael\AppData\Local\Temp\, catalina.home=C:\Users\Michael\AppData\Local\Temp\tomcat.8080.17243393908778569719, java.version=17.0.17, jboss.modules.system.pkgs=com.intellij.rt, hibernate.physical_naming_strategy=org.hibernate.boot.model.naming.PhysicalNamingStrategyStandardImpl, user.dir=C:\Users\Michael\IdeaProjects\smashclub\smashclub, os.arch=amd64, java.vm.specification.name=Java Virtual Machine Specification, PID=34672, hibernate.default_schema=smashclub, sun.os.patch.level=, CONSOLE_LOG_CHARSET=UTF-8, catalina.base=C:\Users\Michael\AppData\Local\Temp\tomcat.8080.17243393908778569719, hibernate.boot.CfgXmlAccessService.key=org.hibernate.boot.registry.StandardServiceRegistryBuilder$1@28da5c4d, native.encoding=Cp1252, kotlinx.coroutines.debug.enable.flows.stack.trace=true, java.library.path=C:\Program Files\Java\jdk-17\bin;C:\WINDOWS\Sun\Java\bin;C:\WINDOWS\system32;C:\WINDOWS;C:\Program Files\Common Files\Oracle\Java\javapath;C:\ProgramData\Oracle\Java\javapath;C:\Windows\system32;C:\Windows;C:\Windows\System32\Wbem;C:\Windows\System32\WindowsPowerShell\v1.0\;C:\Windows\System32\OpenSSH\;C:\Program Files (x86)\NVIDIA Corporation\PhysX\Common;C:\Program Files\php-7.4.12;C:\Program Files\Microsoft\Web Platform Installer\;C:\Program Files\Git\cmd;C:\ProgramData\ComposerSetup\bin;C:\Users\Michael\AppData\Local\Programs\Python\Python39;C:\Users\Michael\AppData\Roaming\Python\Python39\Scripts;C:\Program Files\Docker\Docker\resources\bin;C:\ProgramData\DockerDesktop\version-bin;C:\platform-tools;C:\Program Files\Java\jdk1.8.0_351\bin;C:\Program Files\OpenSSL-Win64\bin;C:\Users\Michael\AppData\Roaming\nvm;C:\Program Files\nodejs;C:\WINDOWS\system32;C:\WINDOWS;C:\WINDOWS\System32\Wbem;C:\WINDOWS\System32\WindowsPowerShell\v1.0\;C:\WINDOWS\System32\OpenSSH\;C:\Program Files\PuTTY\;C:\Program Files\NVIDIA Corporation\NVIDIA App\NvDLISR;C:\Program Files\GIMP 3;C:\Program Files\Microsoft SQL Server\150\Tools\Binn\;C:\Program Files\Microsoft SQL Server\Client SDK\ODBC\170\Tools\Binn\;C:\Program Files (x86)\Windows Kits\10\Windows Performance Toolkit\;C:\Program Files\dotnet\;C:\Program Files (x86)\Microsoft SQL Server\170\Tools\Binn\;C:\Program Files\Microsoft SQL Server\170\Tools\Binn\;C:\Program Files\Microsoft SQL Server\Client SDK\ODBC\180\Tools\Binn\;C:\Program Files\Microsoft SQL Server\170\DTS\Binn\;C:\Program Files\apache-maven-3.9.11\bin;C:\Program Files (x86)\Microsoft SQL Server\150\DTS\Binn\;C:\Program Files\Azure Data Studio\bin;C:\Users\Michael\AppData\Local\Programs\Python\Python39\Scripts\;C:\Users\Michael\AppData\Local\Programs\Python\Python39\;C:\Users\Michael\AppData\Local\Microsoft\WindowsApps;C:\Users\Michael\AppData\Local\Programs\Microsoft VS Code\bin;C:\Users\Michael\AppData\Roaming\Composer\vendor\bin;C:\Users\Michael\AppData\Roaming\nvm;C:\Program Files\nodejs;C:\Users\Michael\AppData\Local\Android\Sdk;C:\Users\Michael\AppData\Local\Android\Sdk\platform-tools;C:\Users\Michael\AppData\Local\Android\Sdk\cmdline-tools\latest\bin;C:\Users\Michael\AppData\Local\Android\Sdk\build-tools\32.1.0-rc1;C:\Users\Michael\AppData\Local\Android\Sdk\emulator\bin64;C:\flutter\bin;C:\Users\Michael\AppData\Local\Pub\Cache\bin;C:\Program Files\GIMP 3\bin;C:\Users\Michael\.dotnet\tools;C:\Program Files\GDAL 3.7.3\bin;C:\Program Files\JetBrains\IntelliJ IDEA Community Edition 2025.2.5\bin;C:\Program Files\Azure Data Studio\bin;C:\Users\Michael\AppData\Local\Programs\Antigravity\bin;., java.vendor=Oracle Corporation, java.vm.info=mixed mode, sharing, java.vm.version=17.0.17+8-LTS-360, java.specification.maintenance.version=1, sun.io.unicode.encoding=UnicodeLittle, hibernate.archive.scanner=org.hibernate.boot.archive.scan.internal.DisabledScanner, hibernate.connection.datasource=HikariDataSource (HikariPool-1), debugger.agent.enable.coroutines=true, java.class.version=61.0, LOGGED_APPLICATION_NAME=[smashclub] }
2026-01-30 18:31:21 [main] DEBUG org.hibernate.validator.internal.xml.config.ValidationXmlParser - Trying to load META-INF/validation.xml for XML based Validator configuration.
2026-01-30 18:31:21 [main] DEBUG org.hibernate.validator.internal.xml.config.ResourceLoaderHelper - Trying to load META-INF/validation.xml via TCCL
2026-01-30 18:31:21 [main] DEBUG org.hibernate.validator.internal.xml.config.ResourceLoaderHelper - Trying to load META-INF/validation.xml via Hibernate Validator's class loader
2026-01-30 18:31:21 [main] DEBUG org.hibernate.validator.internal.xml.config.ValidationXmlParser - No META-INF/validation.xml found. Using annotation based configuration only.
2026-01-30 18:31:21 [main] DEBUG org.hibernate.validator.internal.engine.resolver.TraversableResolvers - Found jakarta.persistence.Persistence on classpath containing 'getPersistenceUtil'. Assuming Jakarta Persistence environment. Trying to instantiate Jakarta Persistence aware TraversableResolver
2026-01-30 18:31:21 [main] DEBUG org.hibernate.validator.internal.engine.resolver.TraversableResolvers - Instantiated Jakarta Persistence aware TraversableResolver of type org.hibernate.validator.internal.engine.resolver.JPATraversableResolver.
2026-01-30 18:31:21 [main] DEBUG org.hibernate.validator.messageinterpolation.ResourceBundleMessageInterpolator - Loaded expression factory via original TCCL
2026-01-30 18:31:21 [main] DEBUG org.hibernate.validator.internal.engine.ValidatorFactoryConfigurationHelper - HV000252: Using org.hibernate.validator.internal.engine.DefaultPropertyNodeNameProvider as property node name provider.
2026-01-30 18:31:21 [main] DEBUG org.hibernate.validator.internal.engine.ValidatorFactoryConfigurationHelper - HV000234: Using org.hibernate.validator.messageinterpolation.ResourceBundleMessageInterpolator as ValidatorFactory-scoped message interpolator.
2026-01-30 18:31:21 [main] DEBUG org.hibernate.validator.internal.engine.ValidatorFactoryConfigurationHelper - HV000234: Using org.hibernate.validator.internal.engine.resolver.JPATraversableResolver as ValidatorFactory-scoped traversable resolver.
2026-01-30 18:31:21 [main] DEBUG org.hibernate.validator.internal.engine.ValidatorFactoryConfigurationHelper - HV000234: Using org.hibernate.validator.internal.util.ExecutableParameterNameProvider as ValidatorFactory-scoped parameter name provider.
2026-01-30 18:31:21 [main] DEBUG org.hibernate.validator.internal.engine.ValidatorFactoryConfigurationHelper - HV000234: Using org.hibernate.validator.internal.engine.DefaultClockProvider as ValidatorFactory-scoped clock provider.
2026-01-30 18:31:21 [main] DEBUG org.hibernate.validator.internal.engine.ValidatorFactoryConfigurationHelper - HV000234: Using org.hibernate.validator.internal.engine.scripting.DefaultScriptEvaluatorFactory as ValidatorFactory-scoped script evaluator factory.
2026-01-30 18:31:22 [HikariPool-1:connection-adder] DEBUG com.zaxxer.hikari.pool.PoolBase - HikariPool-1 - Established new connection (53cf0a9d-fc00-4a94-a2d5-4ee2b9c555d1)
2026-01-30 18:31:22 [HikariPool-1:connection-adder] DEBUG com.zaxxer.hikari.pool.HikariPool - HikariPool-1 - Added connection ConnectionID:4 ClientConnectionId: 64dfa025-0fc6-4f2b-bd01-7eb11385fe6e
2026-01-30 18:31:22 [HikariPool-1:connection-adder] DEBUG com.zaxxer.hikari.pool.HikariPool - HikariPool-1 - After adding stats (total=4/10, idle=4/10, active=0, waiting=0)
2026-01-30 18:31:22 [HikariPool-1:connection-adder] DEBUG com.zaxxer.hikari.pool.PoolBase - HikariPool-1 - Attempting to create/setup new connection (44056c46-0f89-4e4b-adf3-a7cd3f2e5cad)
2026-01-30 18:31:22 [HikariPool-1:connection-adder] DEBUG com.microsoft.sqlserver.jdbc.internals.SQLServerDriver - Property:serverName Value:localhost
2026-01-30 18:31:22 [HikariPool-1:connection-adder] DEBUG com.microsoft.sqlserver.jdbc.internals.SQLServerDriver - Property:portNumber Value:1433
2026-01-30 18:31:22 [HikariPool-1:connection-adder] DEBUG com.microsoft.sqlserver.jdbc.internals.SQLServerDriver - Property:databaseName Value:BEB29
2026-01-30 18:31:22 [HikariPool-1:connection-adder] DEBUG com.microsoft.sqlserver.jdbc.internals.SQLServerConnection - ConnectionID:5 created by (SQLServerDriver:1)
2026-01-30 18:31:22 [HikariPool-1:connection-adder] DEBUG com.microsoft.sqlserver.jdbc.internals.SQLServerConnection - ConnectionID:5 This attempt server name: localhost port: 1433 InstanceName: null useParallel: false
2026-01-30 18:31:22 [HikariPool-1:connection-adder] DEBUG com.microsoft.sqlserver.jdbc.internals.SQLServerConnection - ConnectionID:5 This attempt endtime: 1769772685790
2026-01-30 18:31:22 [HikariPool-1:connection-adder] DEBUG com.microsoft.sqlserver.jdbc.internals.SQLServerConnection - ConnectionID:5 This attempt No: 0
2026-01-30 18:31:22 [HikariPool-1:connection-adder] DEBUG com.microsoft.sqlserver.jdbc.internals.SQLServerConnection - ConnectionID:5 Connecting with server: localhost port: 1433 Timeout slice: 3750 Timeout Full: 30
2026-01-30 18:31:22 [HikariPool-1:connection-adder] DEBUG com.microsoft.sqlserver.jdbc.internals.SQLServerConnection - ConnectionID:5 ClientConnectionId: 8a593cf8-0d06-4a37-86e8-fd7d302661df Server returned major version:17
2026-01-30 18:31:22 [HikariPool-1:connection-adder] DEBUG jdk.event.security - X509Certificate: Alg:SHA256withRSA, Serial:42:00:45:0e:63:91:fa:87:4b:a3:75:ed:ee:09:bc:b4, Subject:CN=SSL_Self_Signed_Fallback, Issuer:CN=SSL_Self_Signed_Fallback, Key type:RSA, Length:3072, Cert Id:-2003894245, Valid from:1/30/26, 12:50 AM, Valid until:1/30/56, 12:50 AM
2026-01-30 18:31:22 [HikariPool-1:connection-adder] DEBUG jdk.event.security -  TLSHandshake: localhost:1433, TLSv1.2, TLS_ECDHE_RSA_WITH_AES_256_GCM_SHA384, -2003894245
2026-01-30 18:31:22 [main] DEBUG org.hibernate.HQL_FUNCTIONS - Available HQL Functions:
	abs(NUMERIC arg)
	Double acos(NUMERIC arg)
	Boolean any(BOOLEAN arg)
	Integer ascii(STRING arg)
	Double asin(NUMERIC arg)
	Double atan(NUMERIC arg)
	Double atan2(NUMERIC arg0, NUMERIC arg1)
	avg(NUMERIC arg)
	Integer bit_length(STRING_OR_CLOB arg)
	bitand(arg0, arg1)
	bitnot(arg)
	bitor(arg0, arg1)
	bitxor(arg0, arg1)
	cast(arg as Type)
	ceiling(NUMERIC arg)
	Character char(INTEGER arg)
	Integer character_length(STRING_OR_CLOB arg)
	Integer charindex(STRING pattern, STRING string[, INTEGER start])
	Character chr(INTEGER arg)
	coalesce(arg0[, arg1[, ...]])
	String collate(STRING string as COLLATION collation)
	String concat(arg0[, arg1[, ...]])
	Double cos(NUMERIC arg)
	Double cosh(NUMERIC arg)
	Double cot(NUMERIC arg)
	Long count([distinct ]{arg|*})
	Double cume_dist([arg0[, ...]])
	Date current date
	Time current time
	Timestamp current timestamp
	Date current_date
	Instant current_instant
	Time current_time
	Timestamp current_timestamp
	dateadd(TEMPORAL_UNIT field, INTEGER magnitude, TEMPORAL datetime)
	Long|Double datediff(TEMPORAL_UNIT field, TEMPORAL start, TEMPORAL end)
	Date datefromparts(INTEGER arg0, INTEGER arg1, INTEGER arg2)
	String datename(TEMPORAL_UNIT field, TEMPORAL arg)
	datepart(TEMPORAL_UNIT field, TEMPORAL arg)
	Timestamp datetime2fromparts(INTEGER arg0, INTEGER arg1, INTEGER arg2, INTEGER arg3, INTEGER arg4, INTEGER arg5, INTEGER arg6, INTEGER arg7)
	Timestamp datetimefromparts(INTEGER arg0, INTEGER arg1, INTEGER arg2, INTEGER arg3, INTEGER arg4, INTEGER arg5, INTEGER arg6)
	Timestamp datetimeoffsetfromparts(INTEGER arg0, INTEGER arg1, INTEGER arg2, INTEGER arg3, INTEGER arg4, INTEGER arg5, INTEGER arg6, INTEGER arg7, INTEGER arg8, INTEGER arg9)
	Integer day(DATE arg)
	Double degrees(NUMERIC arg)
	Long dense_rank([arg0[, ...]])
	Date eomonth(DATE arg0[, INTEGER arg1])
	Boolean every(BOOLEAN arg)
	Double exp(NUMERIC arg)
	extract(TEMPORAL_UNIT field from TEMPORAL arg)
	first_valueANY value
	floor(NUMERIC arg)
	String format(TEMPORAL datetime as STRING pattern)
	greatest(COMPARABLE arg0[, COMPARABLE arg1[, ...]])
	String hex(arg)
	ifnull(arg0, arg1)
	Instant instant
	lagANY value[, INTEGER offset[, ANY default]]
	Date last_date(DATE arg0[, INTEGER arg1])
	last_valueANY value
	leadANY value[, INTEGER offset[, ANY default]]
	least(COMPARABLE arg0[, COMPARABLE arg1[, ...]])
	String left(STRING string, INTEGER length)
	Integer len(STRING_OR_CLOB arg)
	Integer length(STRING_OR_CLOB arg)
	Double ln(NUMERIC arg)
	LocalDate local date
	LocalDateTime local datetime
	LocalTime local time
	LocalDate local_date
	LocalDateTime local_datetime
	LocalTime local_time
	Integer locate(STRING pattern, STRING string[, INTEGER start])
	Double log(NUMERIC base, NUMERIC arg)
	Double log10(NUMERIC arg)
	String lower(STRING string)
	String lpad(string, length[, padding])
	String ltrim(STRING string)
	max(COMPARABLE arg)
	byte[] md5(arg)
	Double median(NUMERIC arg)
	min(COMPARABLE arg)
	Integer mod(INTEGER arg0, INTEGER arg1)
	Integer month(DATE arg)
	nth_valueANY value, INTEGER nth
	nullif(arg0, arg1)
	Integer octet_length(STRING_OR_CLOB arg)
	OffsetDateTime offset datetime
	OffsetDateTime offset_datetime
	Integer ordinal(ENUM arg)
	String overlay(STRING string placing STRING replacement from INTEGER start[ for INTEGER length])
	String pad(STRING string with INTEGER length {leading|trailing}[ STRING character])
	Double percent_rank([arg0[, ...]])
	percentile_cont(NUMERIC arg)
	percentile_disc(NUMERIC arg)
	Double pi
	Integer position(STRING pattern in STRING string)
	Double power(NUMERIC arg0, NUMERIC arg1)
	Double radians(NUMERIC arg)
	Double rand([INTEGER seed])
	Long rank([arg0[, ...]])
	String repeat(STRING string, INTEGER times)
	String replace(STRING string, STRING pattern, STRING replacement)
	String replicate(STRING string, INTEGER times)
	String reverse(STRING arg)
	String right(STRING string, INTEGER length)
	round(NUMERIC number[, INTEGER places])
	Long row_number()
	String rpad(string, length[, padding])
	String rtrim(STRING string)
	byte[] sha(arg)
	Integer sign(NUMERIC arg)
	Double sin(NUMERIC arg)
	Double sinh(NUMERIC arg)
	Timestamp smalldatetimefromparts(INTEGER arg0, INTEGER arg1, INTEGER arg2, INTEGER arg3, INTEGER arg4)
	String space(INTEGER arg)
	sql
	Double sqrt(NUMERIC arg)
	square(NUMERIC arg)
	Double stddev_pop(NUMERIC arg)
	Double stddev_samp(NUMERIC arg)
	Double stdev(NUMERIC arg)
	Double stdevp(NUMERIC arg)
	String str(arg0[, arg1, arg2])
	String string(ENUM arg)
	String substring(STRING string{ from|,} INTEGER start[{ for|,} INTEGER length])
	sum(arg)
	Double tan(NUMERIC arg)
	Double tanh(NUMERIC arg)
	Time timefromparts(INTEGER arg0, INTEGER arg1, INTEGER arg2, INTEGER arg3, INTEGER arg4)
	timestampadd(TEMPORAL_UNIT field, INTEGER magnitude, TEMPORAL datetime)
	Long|Double timestampdiff(TEMPORAL_UNIT field, TEMPORAL start, TEMPORAL end)
	String translate(STRING arg0, STRING arg1, STRING arg2)
	String trim([[{leading|trailing|both} ][STRING arg0 ]from] STRING arg1)
	trunc( ... )
	truncate( ... )
	String upper(STRING string)
	Double var(NUMERIC arg)
	Double var_pop(NUMERIC arg)
	Double var_samp(NUMERIC arg)
	Double varp(NUMERIC arg)
	String xmlagg( ... )
	String xmlcomment(STRING arg)
	String xmlconcat( ... )
	String xmlelement( ... )
	Boolean xmlexists( ... )
	String xmlforest( ... )
	String xmlpi( ... )
	String xmlquery( ... )
	Integer year(DATE arg)

2026-01-30 18:31:22 [HikariPool-1:connection-adder] DEBUG com.zaxxer.hikari.pool.PoolBase - HikariPool-1 - Established new connection (44056c46-0f89-4e4b-adf3-a7cd3f2e5cad)
2026-01-30 18:31:22 [HikariPool-1:connection-adder] DEBUG com.zaxxer.hikari.pool.HikariPool - HikariPool-1 - Added connection ConnectionID:5 ClientConnectionId: 8a593cf8-0d06-4a37-86e8-fd7d302661df
2026-01-30 18:31:22 [HikariPool-1:connection-adder] DEBUG com.zaxxer.hikari.pool.HikariPool - HikariPool-1 - After adding stats (total=5/10, idle=5/10, active=0, waiting=0)
2026-01-30 18:31:22 [HikariPool-1:connection-adder] DEBUG com.zaxxer.hikari.pool.PoolBase - HikariPool-1 - Attempting to create/setup new connection (27a0c43d-2109-4bd5-b943-34afc536ae19)
2026-01-30 18:31:22 [HikariPool-1:connection-adder] DEBUG com.microsoft.sqlserver.jdbc.internals.SQLServerDriver - Property:serverName Value:localhost
2026-01-30 18:31:22 [HikariPool-1:connection-adder] DEBUG com.microsoft.sqlserver.jdbc.internals.SQLServerDriver - Property:portNumber Value:1433
2026-01-30 18:31:22 [HikariPool-1:connection-adder] DEBUG com.microsoft.sqlserver.jdbc.internals.SQLServerDriver - Property:databaseName Value:BEB29
2026-01-30 18:31:22 [HikariPool-1:connection-adder] DEBUG com.microsoft.sqlserver.jdbc.internals.SQLServerConnection - ConnectionID:6 created by (SQLServerDriver:1)
2026-01-30 18:31:22 [HikariPool-1:connection-adder] DEBUG com.microsoft.sqlserver.jdbc.internals.SQLServerConnection - ConnectionID:6 This attempt server name: localhost port: 1433 InstanceName: null useParallel: false
2026-01-30 18:31:22 [HikariPool-1:connection-adder] DEBUG com.microsoft.sqlserver.jdbc.internals.SQLServerConnection - ConnectionID:6 This attempt endtime: 1769772686073
2026-01-30 18:31:22 [HikariPool-1:connection-adder] DEBUG com.microsoft.sqlserver.jdbc.internals.SQLServerConnection - ConnectionID:6 This attempt No: 0
2026-01-30 18:31:22 [HikariPool-1:connection-adder] DEBUG com.microsoft.sqlserver.jdbc.internals.SQLServerConnection - ConnectionID:6 Connecting with server: localhost port: 1433 Timeout slice: 3748 Timeout Full: 30
2026-01-30 18:31:22 [HikariPool-1:connection-adder] DEBUG com.microsoft.sqlserver.jdbc.internals.SQLServerConnection - ConnectionID:6 ClientConnectionId: 24d20c04-8ab7-4628-a319-40ad28a571f8 Server returned major version:17
2026-01-30 18:31:22 [HikariPool-1:connection-adder] DEBUG jdk.event.security - X509Certificate: Alg:SHA256withRSA, Serial:42:00:45:0e:63:91:fa:87:4b:a3:75:ed:ee:09:bc:b4, Subject:CN=SSL_Self_Signed_Fallback, Issuer:CN=SSL_Self_Signed_Fallback, Key type:RSA, Length:3072, Cert Id:-2003894245, Valid from:1/30/26, 12:50 AM, Valid until:1/30/56, 12:50 AM
2026-01-30 18:31:22 [HikariPool-1:connection-adder] DEBUG jdk.event.security -  TLSHandshake: localhost:1433, TLSv1.2, TLS_ECDHE_RSA_WITH_AES_256_GCM_SHA384, -2003894245
2026-01-30 18:31:22 [main] DEBUG org.hibernate.orm.bytecode.interceptor - HHH90005905: To-one property 'com.backendsyndicate.smashclub.admin.model.AdminUser.user' was mapped with LAZY + NO_PROXY but the class was not enhanced
2026-01-30 18:31:22 [main] DEBUG org.hibernate.orm.bytecode.interceptor - HHH90005905: To-one property 'com.backendsyndicate.smashclub.admin.model.AdminUser.user' was mapped with LAZY + NO_PROXY but the class was not enhanced
2026-01-30 18:31:22 [HikariPool-1:connection-adder] DEBUG com.zaxxer.hikari.pool.PoolBase - HikariPool-1 - Established new connection (27a0c43d-2109-4bd5-b943-34afc536ae19)
2026-01-30 18:31:22 [HikariPool-1:connection-adder] DEBUG com.zaxxer.hikari.pool.HikariPool - HikariPool-1 - Added connection ConnectionID:6 ClientConnectionId: 24d20c04-8ab7-4628-a319-40ad28a571f8
2026-01-30 18:31:22 [HikariPool-1:connection-adder] DEBUG com.zaxxer.hikari.pool.HikariPool - HikariPool-1 - After adding stats (total=6/10, idle=6/10, active=0, waiting=0)
2026-01-30 18:31:22 [HikariPool-1:connection-adder] DEBUG com.zaxxer.hikari.pool.PoolBase - HikariPool-1 - Attempting to create/setup new connection (a449d482-bb98-47a6-b01e-0c286e1dc6ce)
2026-01-30 18:31:22 [HikariPool-1:connection-adder] DEBUG com.microsoft.sqlserver.jdbc.internals.SQLServerDriver - Property:serverName Value:localhost
2026-01-30 18:31:22 [HikariPool-1:connection-adder] DEBUG com.microsoft.sqlserver.jdbc.internals.SQLServerDriver - Property:portNumber Value:1433
2026-01-30 18:31:22 [HikariPool-1:connection-adder] DEBUG com.microsoft.sqlserver.jdbc.internals.SQLServerDriver - Property:databaseName Value:BEB29
2026-01-30 18:31:22 [HikariPool-1:connection-adder] DEBUG com.microsoft.sqlserver.jdbc.internals.SQLServerConnection - ConnectionID:7 created by (SQLServerDriver:1)
2026-01-30 18:31:22 [HikariPool-1:connection-adder] DEBUG com.microsoft.sqlserver.jdbc.internals.SQLServerConnection - ConnectionID:7 This attempt server name: localhost port: 1433 InstanceName: null useParallel: false
2026-01-30 18:31:22 [HikariPool-1:connection-adder] DEBUG com.microsoft.sqlserver.jdbc.internals.SQLServerConnection - ConnectionID:7 This attempt endtime: 1769772686313
2026-01-30 18:31:22 [HikariPool-1:connection-adder] DEBUG com.microsoft.sqlserver.jdbc.internals.SQLServerConnection - ConnectionID:7 This attempt No: 0
2026-01-30 18:31:22 [HikariPool-1:connection-adder] DEBUG com.microsoft.sqlserver.jdbc.internals.SQLServerConnection - ConnectionID:7 Connecting with server: localhost port: 1433 Timeout slice: 3750 Timeout Full: 30
2026-01-30 18:31:22 [HikariPool-1:connection-adder] DEBUG com.microsoft.sqlserver.jdbc.internals.SQLServerConnection - ConnectionID:7 ClientConnectionId: c2ff91b0-6dd8-408f-83be-623250845f1a Server returned major version:17
2026-01-30 18:31:22 [HikariPool-1:connection-adder] DEBUG jdk.event.security - X509Certificate: Alg:SHA256withRSA, Serial:42:00:45:0e:63:91:fa:87:4b:a3:75:ed:ee:09:bc:b4, Subject:CN=SSL_Self_Signed_Fallback, Issuer:CN=SSL_Self_Signed_Fallback, Key type:RSA, Length:3072, Cert Id:-2003894245, Valid from:1/30/26, 12:50 AM, Valid until:1/30/56, 12:50 AM
2026-01-30 18:31:22 [HikariPool-1:connection-adder] DEBUG jdk.event.security -  TLSHandshake: localhost:1433, TLSv1.2, TLS_ECDHE_RSA_WITH_AES_256_GCM_SHA384, -2003894245
2026-01-30 18:31:22 [main] DEBUG org.hibernate.orm.core - HHH000513: Unable to create the ReflectionOptimizer for [com.backendsyndicate.smashclub.admin.model.AdminUser]: private accessor [adminRole]
2026-01-30 18:31:22 [main] DEBUG org.hibernate.orm.bytecode.interceptor - HHH90005905: To-one property 'com.backendsyndicate.smashclub.admin.model.AdminUser.user' was mapped with LAZY + NO_PROXY but the class was not enhanced
2026-01-30 18:31:22 [main] DEBUG org.hibernate.orm.core - HHH000513: Unable to create the ReflectionOptimizer for [com.backendsyndicate.smashclub.payment.model.Transaction]: private accessor [createdAt]
2026-01-30 18:31:22 [main] DEBUG org.hibernate.orm.core - HHH000513: Unable to create the ReflectionOptimizer for [com.backendsyndicate.smashclub.booking.model.EquipmentCategory]: private accessor [categoryName]
2026-01-30 18:31:22 [main] DEBUG org.hibernate.orm.core - HHH000513: Unable to create the ReflectionOptimizer for [com.backendsyndicate.smashclub.booking.model.Court]: private accessor [closeTime]
2026-01-30 18:31:22 [main] DEBUG org.hibernate.orm.core - HHH000513: Unable to create the ReflectionOptimizer for [com.backendsyndicate.smashclub.booking.model.CoachDetail]: private accessor [booking]
2026-01-30 18:31:22 [HikariPool-1:connection-adder] DEBUG com.zaxxer.hikari.pool.PoolBase - HikariPool-1 - Established new connection (a449d482-bb98-47a6-b01e-0c286e1dc6ce)
2026-01-30 18:31:22 [HikariPool-1:connection-adder] DEBUG com.zaxxer.hikari.pool.HikariPool - HikariPool-1 - Added connection ConnectionID:7 ClientConnectionId: c2ff91b0-6dd8-408f-83be-623250845f1a
2026-01-30 18:31:22 [main] DEBUG org.hibernate.orm.core - HHH000513: Unable to create the ReflectionOptimizer for [com.backendsyndicate.smashclub.payment.model.Wallet]: private accessor [createdAt]
2026-01-30 18:31:22 [main] DEBUG org.hibernate.orm.core - HHH000513: Unable to create the ReflectionOptimizer for [com.backendsyndicate.smashclub.admin.model.ActivityLog]: private accessor [action]
2026-01-30 18:31:22 [main] DEBUG org.hibernate.orm.bytecode.interceptor - HHH90005905: To-one property 'com.backendsyndicate.smashclub.ecommerce.model.Order.transaction' was mapped with LAZY + NO_PROXY but the class was not enhanced
2026-01-30 18:31:22 [main] DEBUG org.hibernate.orm.bytecode.interceptor - HHH90005905: To-one property 'com.backendsyndicate.smashclub.ecommerce.model.Order.transaction' was mapped with LAZY + NO_PROXY but the class was not enhanced
2026-01-30 18:31:22 [main] DEBUG org.hibernate.orm.core - HHH000513: Unable to create the ReflectionOptimizer for [com.backendsyndicate.smashclub.ecommerce.model.Order]: private accessor [createdAt]
2026-01-30 18:31:22 [HikariPool-1:connection-adder] DEBUG com.zaxxer.hikari.pool.HikariPool - HikariPool-1 - After adding stats (total=7/10, idle=7/10, active=0, waiting=0)
2026-01-30 18:31:22 [HikariPool-1:connection-adder] DEBUG com.zaxxer.hikari.pool.PoolBase - HikariPool-1 - Attempting to create/setup new connection (346c011b-020a-400a-b9a1-79c91d3a60a0)
2026-01-30 18:31:22 [main] DEBUG org.hibernate.orm.bytecode.interceptor - HHH90005905: To-one property 'com.backendsyndicate.smashclub.ecommerce.model.Order.transaction' was mapped with LAZY + NO_PROXY but the class was not enhanced
2026-01-30 18:31:22 [HikariPool-1:connection-adder] DEBUG com.microsoft.sqlserver.jdbc.internals.SQLServerDriver - Property:serverName Value:localhost
2026-01-30 18:31:22 [HikariPool-1:connection-adder] DEBUG com.microsoft.sqlserver.jdbc.internals.SQLServerDriver - Property:portNumber Value:1433
2026-01-30 18:31:22 [HikariPool-1:connection-adder] DEBUG com.microsoft.sqlserver.jdbc.internals.SQLServerDriver - Property:databaseName Value:BEB29
2026-01-30 18:31:22 [HikariPool-1:connection-adder] DEBUG com.microsoft.sqlserver.jdbc.internals.SQLServerConnection - ConnectionID:8 created by (SQLServerDriver:1)
2026-01-30 18:31:22 [HikariPool-1:connection-adder] DEBUG com.microsoft.sqlserver.jdbc.internals.SQLServerConnection - ConnectionID:8 This attempt server name: localhost port: 1433 InstanceName: null useParallel: false
2026-01-30 18:31:22 [HikariPool-1:connection-adder] DEBUG com.microsoft.sqlserver.jdbc.internals.SQLServerConnection - ConnectionID:8 This attempt endtime: 1769772686548
2026-01-30 18:31:22 [HikariPool-1:connection-adder] DEBUG com.microsoft.sqlserver.jdbc.internals.SQLServerConnection - ConnectionID:8 This attempt No: 0
2026-01-30 18:31:22 [HikariPool-1:connection-adder] DEBUG com.microsoft.sqlserver.jdbc.internals.SQLServerConnection - ConnectionID:8 Connecting with server: localhost port: 1433 Timeout slice: 3750 Timeout Full: 30
2026-01-30 18:31:22 [HikariPool-1:connection-adder] DEBUG com.microsoft.sqlserver.jdbc.internals.SQLServerConnection - ConnectionID:8 ClientConnectionId: 7617f4b4-57df-41ce-93e3-5a8b1c65c42d Server returned major version:17
2026-01-30 18:31:22 [HikariPool-1:connection-adder] DEBUG jdk.event.security - X509Certificate: Alg:SHA256withRSA, Serial:42:00:45:0e:63:91:fa:87:4b:a3:75:ed:ee:09:bc:b4, Subject:CN=SSL_Self_Signed_Fallback, Issuer:CN=SSL_Self_Signed_Fallback, Key type:RSA, Length:3072, Cert Id:-2003894245, Valid from:1/30/26, 12:50 AM, Valid until:1/30/56, 12:50 AM
2026-01-30 18:31:22 [main] DEBUG org.hibernate.orm.core - HHH000513: Unable to create the ReflectionOptimizer for [com.backendsyndicate.smashclub.payment.model.TransactionLog]: private accessor [createdAt]
2026-01-30 18:31:22 [HikariPool-1:connection-adder] DEBUG jdk.event.security -  TLSHandshake: localhost:1433, TLSv1.2, TLS_ECDHE_RSA_WITH_AES_256_GCM_SHA384, -2003894245
2026-01-30 18:31:22 [main] DEBUG org.hibernate.orm.core - HHH000513: Unable to create the ReflectionOptimizer for [com.backendsyndicate.smashclub.auth.model.PasswordResetTokens]: private accessor [createdAt]
2026-01-30 18:31:22 [main] DEBUG org.hibernate.orm.core - HHH000513: Unable to create the ReflectionOptimizer for [com.backendsyndicate.smashclub.auth.model.User]: private accessor [createdDate]
2026-01-30 18:31:22 [main] DEBUG org.hibernate.orm.core - HHH000513: Unable to create the ReflectionOptimizer for [com.backendsyndicate.smashclub.admin.model.AdminSession]: private accessor [adminUser]
2026-01-30 18:31:22 [main] DEBUG org.hibernate.orm.core - HHH000513: Unable to create the ReflectionOptimizer for [com.backendsyndicate.smashclub.auth.model.EmailVerificationTokens]: private accessor [createdAt]
2026-01-30 18:31:22 [main] DEBUG org.hibernate.orm.core - HHH000513: Unable to create the ReflectionOptimizer for [com.backendsyndicate.smashclub.ecommerce.model.OrderItem]: private accessor [order]
2026-01-30 18:31:22 [main] DEBUG org.hibernate.orm.core - HHH000513: Unable to create the ReflectionOptimizer for [com.backendsyndicate.smashclub.ecommerce.model.CartItem]: private accessor [cart]
2026-01-30 18:31:22 [main] DEBUG org.hibernate.orm.core - HHH000513: Unable to create the ReflectionOptimizer for [com.backendsyndicate.smashclub.payment.model.PaymentLog]: private accessor [createdAt]
2026-01-30 18:31:22 [main] DEBUG org.hibernate.orm.core - HHH000513: Unable to create the ReflectionOptimizer for [com.backendsyndicate.smashclub.booking.model.Booking]: private accessor [basePrice]
2026-01-30 18:31:22 [main] DEBUG org.hibernate.orm.core - HHH000513: Unable to create the ReflectionOptimizer for [com.backendsyndicate.smashclub.booking.model.EquipmentDetail]: private accessor [booking]
2026-01-30 18:31:22 [main] DEBUG org.hibernate.orm.core - HHH000513: Unable to create the ReflectionOptimizer for [com.backendsyndicate.smashclub.admin.model.AdminMenu]: private accessor [menuName]
2026-01-30 18:31:22 [main] DEBUG org.hibernate.orm.core - HHH000513: Unable to create the ReflectionOptimizer for [com.backendsyndicate.smashclub.admin.model.AdminRole]: private accessor [menuSet]
2026-01-30 18:31:22 [main] DEBUG org.hibernate.orm.core - HHH000513: Unable to create the ReflectionOptimizer for [com.backendsyndicate.smashclub.booking.model.Equipment]: private accessor [brand]
2026-01-30 18:31:22 [main] DEBUG org.hibernate.orm.core - HHH000513: Unable to create the ReflectionOptimizer for [com.backendsyndicate.smashclub.auth.model.LoginOtpTokens]: private accessor [createdAt]
2026-01-30 18:31:22 [main] DEBUG org.hibernate.orm.core - HHH000513: Unable to create the ReflectionOptimizer for [com.backendsyndicate.smashclub.auth.model.Sessions]: private accessor [createdAt]
2026-01-30 18:31:22 [main] DEBUG org.hibernate.orm.core - HHH000513: Unable to create the ReflectionOptimizer for [com.backendsyndicate.smashclub.payment.model.WalletLog]: private accessor [createdAt]
2026-01-30 18:31:22 [main] DEBUG org.hibernate.orm.core - HHH000513: Unable to create the ReflectionOptimizer for [com.backendsyndicate.smashclub.ecommerce.model.Cart]: private accessor [status]
2026-01-30 18:31:22 [main] DEBUG org.hibernate.orm.core - HHH000513: Unable to create the ReflectionOptimizer for [com.backendsyndicate.smashclub.ecommerce.model.Product]: private accessor [category]
2026-01-30 18:31:22 [main] DEBUG org.hibernate.orm.core - HHH000513: Unable to create the ReflectionOptimizer for [com.backendsyndicate.smashclub.admin.model.AdminPermission]: private accessor [adminRoles]
2026-01-30 18:31:23 [main] DEBUG org.hibernate.orm.core - HHH000513: Unable to create the ReflectionOptimizer for [com.backendsyndicate.smashclub.ecommerce.model.ProductVariant]: private accessor [name]
2026-01-30 18:31:23 [HikariPool-1:connection-adder] DEBUG com.zaxxer.hikari.pool.PoolBase - HikariPool-1 - Established new connection (346c011b-020a-400a-b9a1-79c91d3a60a0)
2026-01-30 18:31:23 [HikariPool-1:connection-adder] DEBUG com.zaxxer.hikari.pool.HikariPool - HikariPool-1 - Added connection ConnectionID:8 ClientConnectionId: 7617f4b4-57df-41ce-93e3-5a8b1c65c42d
2026-01-30 18:31:23 [main] DEBUG org.hibernate.orm.core - HHH000513: Unable to create the ReflectionOptimizer for [com.backendsyndicate.smashclub.payment.model.RefundRequest]: private accessor [createdAt]
2026-01-30 18:31:23 [HikariPool-1:connection-adder] DEBUG com.zaxxer.hikari.pool.HikariPool - HikariPool-1 - After adding stats (total=8/10, idle=8/10, active=0, waiting=0)
2026-01-30 18:31:23 [HikariPool-1:connection-adder] DEBUG com.zaxxer.hikari.pool.PoolBase - HikariPool-1 - Attempting to create/setup new connection (e72cf898-e89e-4e56-951a-05417044256e)
2026-01-30 18:31:23 [HikariPool-1:connection-adder] DEBUG com.microsoft.sqlserver.jdbc.internals.SQLServerDriver - Property:serverName Value:localhost
2026-01-30 18:31:23 [HikariPool-1:connection-adder] DEBUG com.microsoft.sqlserver.jdbc.internals.SQLServerDriver - Property:portNumber Value:1433
2026-01-30 18:31:23 [HikariPool-1:connection-adder] DEBUG com.microsoft.sqlserver.jdbc.internals.SQLServerDriver - Property:databaseName Value:BEB29
2026-01-30 18:31:23 [HikariPool-1:connection-adder] DEBUG com.microsoft.sqlserver.jdbc.internals.SQLServerConnection - ConnectionID:9 created by (SQLServerDriver:1)
2026-01-30 18:31:23 [HikariPool-1:connection-adder] DEBUG com.microsoft.sqlserver.jdbc.internals.SQLServerConnection - ConnectionID:9 This attempt server name: localhost port: 1433 InstanceName: null useParallel: false
2026-01-30 18:31:23 [HikariPool-1:connection-adder] DEBUG com.microsoft.sqlserver.jdbc.internals.SQLServerConnection - ConnectionID:9 This attempt endtime: 1769772686791
2026-01-30 18:31:23 [HikariPool-1:connection-adder] DEBUG com.microsoft.sqlserver.jdbc.internals.SQLServerConnection - ConnectionID:9 This attempt No: 0
2026-01-30 18:31:23 [HikariPool-1:connection-adder] DEBUG com.microsoft.sqlserver.jdbc.internals.SQLServerConnection - ConnectionID:9 Connecting with server: localhost port: 1433 Timeout slice: 3750 Timeout Full: 30
2026-01-30 18:31:23 [HikariPool-1:connection-adder] DEBUG com.microsoft.sqlserver.jdbc.internals.SQLServerConnection - ConnectionID:9 ClientConnectionId: 0bdd572e-364b-4287-9c6f-2414f19089a6 Server returned major version:17
2026-01-30 18:31:23 [HikariPool-1:connection-adder] DEBUG jdk.event.security - X509Certificate: Alg:SHA256withRSA, Serial:42:00:45:0e:63:91:fa:87:4b:a3:75:ed:ee:09:bc:b4, Subject:CN=SSL_Self_Signed_Fallback, Issuer:CN=SSL_Self_Signed_Fallback, Key type:RSA, Length:3072, Cert Id:-2003894245, Valid from:1/30/26, 12:50 AM, Valid until:1/30/56, 12:50 AM
2026-01-30 18:31:23 [main] DEBUG org.hibernate.orm.core - HHH000513: Unable to create the ReflectionOptimizer for [com.backendsyndicate.smashclub.booking.model.Coach]: private accessor [coachCode]
2026-01-30 18:31:23 [main] DEBUG org.hibernate.orm.core - HHH000513: Unable to create the ReflectionOptimizer for [com.backendsyndicate.smashclub.admin.model.ErrorLog]: private accessor [createdAt]
2026-01-30 18:31:23 [HikariPool-1:connection-adder] DEBUG jdk.event.security -  TLSHandshake: localhost:1433, TLSv1.2, TLS_ECDHE_RSA_WITH_AES_256_GCM_SHA384, -2003894245
2026-01-30 18:31:23 [HikariPool-1:connection-adder] DEBUG com.zaxxer.hikari.pool.PoolBase - HikariPool-1 - Established new connection (e72cf898-e89e-4e56-951a-05417044256e)
2026-01-30 18:31:23 [HikariPool-1:connection-adder] DEBUG com.zaxxer.hikari.pool.HikariPool - HikariPool-1 - Added connection ConnectionID:9 ClientConnectionId: 0bdd572e-364b-4287-9c6f-2414f19089a6
2026-01-30 18:31:23 [HikariPool-1:connection-adder] DEBUG com.zaxxer.hikari.pool.HikariPool - HikariPool-1 - After adding stats (total=9/10, idle=9/10, active=0, waiting=0)
2026-01-30 18:31:23 [HikariPool-1:connection-adder] DEBUG com.zaxxer.hikari.pool.PoolBase - HikariPool-1 - Attempting to create/setup new connection (6d227f4c-4a6f-4ed1-b549-ca83ebd7a364)
2026-01-30 18:31:23 [HikariPool-1:connection-adder] DEBUG com.microsoft.sqlserver.jdbc.internals.SQLServerDriver - Property:serverName Value:localhost
2026-01-30 18:31:23 [HikariPool-1:connection-adder] DEBUG com.microsoft.sqlserver.jdbc.internals.SQLServerDriver - Property:portNumber Value:1433
2026-01-30 18:31:23 [HikariPool-1:connection-adder] DEBUG com.microsoft.sqlserver.jdbc.internals.SQLServerDriver - Property:databaseName Value:BEB29
2026-01-30 18:31:23 [HikariPool-1:connection-adder] DEBUG com.microsoft.sqlserver.jdbc.internals.SQLServerConnection - ConnectionID:10 created by (SQLServerDriver:1)
2026-01-30 18:31:23 [HikariPool-1:connection-adder] DEBUG com.microsoft.sqlserver.jdbc.internals.SQLServerConnection - ConnectionID:10 This attempt server name: localhost port: 1433 InstanceName: null useParallel: false
2026-01-30 18:31:23 [HikariPool-1:connection-adder] DEBUG com.microsoft.sqlserver.jdbc.internals.SQLServerConnection - ConnectionID:10 This attempt endtime: 1769772687091
2026-01-30 18:31:23 [HikariPool-1:connection-adder] DEBUG com.microsoft.sqlserver.jdbc.internals.SQLServerConnection - ConnectionID:10 This attempt No: 0
2026-01-30 18:31:23 [HikariPool-1:connection-adder] DEBUG com.microsoft.sqlserver.jdbc.internals.SQLServerConnection - ConnectionID:10 Connecting with server: localhost port: 1433 Timeout slice: 3750 Timeout Full: 30
2026-01-30 18:31:23 [HikariPool-1:connection-adder] DEBUG com.microsoft.sqlserver.jdbc.internals.SQLServerConnection - ConnectionID:10 ClientConnectionId: 3d21b620-56b2-4929-808b-1f104eaf7d72 Server returned major version:17
2026-01-30 18:31:23 [HikariPool-1:connection-adder] DEBUG jdk.event.security - X509Certificate: Alg:SHA256withRSA, Serial:42:00:45:0e:63:91:fa:87:4b:a3:75:ed:ee:09:bc:b4, Subject:CN=SSL_Self_Signed_Fallback, Issuer:CN=SSL_Self_Signed_Fallback, Key type:RSA, Length:3072, Cert Id:-2003894245, Valid from:1/30/26, 12:50 AM, Valid until:1/30/56, 12:50 AM
2026-01-30 18:31:23 [HikariPool-1:connection-adder] DEBUG jdk.event.security -  TLSHandshake: localhost:1433, TLSv1.2, TLS_ECDHE_RSA_WITH_AES_256_GCM_SHA384, -2003894245
2026-01-30 18:31:23 [HikariPool-1:connection-adder] DEBUG com.zaxxer.hikari.pool.PoolBase - HikariPool-1 - Established new connection (6d227f4c-4a6f-4ed1-b549-ca83ebd7a364)
2026-01-30 18:31:23 [HikariPool-1:connection-adder] DEBUG com.zaxxer.hikari.pool.HikariPool - HikariPool-1 - Added connection ConnectionID:10 ClientConnectionId: 3d21b620-56b2-4929-808b-1f104eaf7d72
2026-01-30 18:31:23 [main] INFO  org.hibernate.orm.core - HHH000489: No JTA platform available (set 'hibernate.transaction.jta.platform' to enable JTA platform integration)
2026-01-30 18:31:23 [main] DEBUG org.hibernate.orm.service - HHH010454: EventListenerRegistry access via ServiceRegistry is deprecated - use 'sessionFactory.getEventEngine().getListenerRegistry()' instead
2026-01-30 18:31:23 [HikariPool-1:connection-adder] DEBUG com.zaxxer.hikari.pool.HikariPool - HikariPool-1 - After adding stats (total=10/10, idle=10/10, active=0, waiting=0)
2026-01-30 18:31:23 [HikariPool-1:connection-adder] DEBUG com.zaxxer.hikari.pool.HikariPool - HikariPool-1 - Connection not added, stats (total=10/10, idle=10/10, active=0, waiting=0)
2026-01-30 18:31:23 [main] DEBUG org.hibernate.SQL - alter table smashclub.ActivityLog drop constraint fk_actLog_to_adminUser
2026-01-30 18:31:23 [main] DEBUG com.microsoft.sqlserver.jdbc.internals.SQLServerStatement - SQLServerStatement:5 created by (ConnectionID:1 ClientConnectionId: 8f73a750-5efd-43dc-a3ef-7114019b6fc7)
2026-01-30 18:31:23 [main] DEBUG com.microsoft.sqlserver.jdbc.internals.SQLServerStatement - SQLServerStatement:5 Executing (not server cursor) SELECT 1
2026-01-30 18:31:23 [main] DEBUG com.microsoft.sqlserver.jdbc.internals.SQLServerResultSet - SQLServerResultSet:4 created by (SQLServerStatement:5)
2026-01-30 18:31:23 [main] DEBUG com.microsoft.sqlserver.jdbc.internals.SQLServerStatement - SQLServerStatement:6 created by (ConnectionID:1 ClientConnectionId: 8f73a750-5efd-43dc-a3ef-7114019b6fc7)
2026-01-30 18:31:23 [main] DEBUG com.microsoft.sqlserver.jdbc.internals.SQLServerStatement - SQLServerStatement:6 Executing (not server cursor) alter table smashclub.ActivityLog drop constraint fk_actLog_to_adminUser
2026-01-30 18:31:23 [main] DEBUG org.hibernate.SQL - alter table smashclub.AdminPermission drop constraint fk_permission_to_menu
2026-01-30 18:31:23 [main] DEBUG com.microsoft.sqlserver.jdbc.internals.SQLServerStatement - SQLServerStatement:6 Executing (not server cursor) alter table smashclub.AdminPermission drop constraint fk_permission_to_menu
2026-01-30 18:31:23 [main] DEBUG org.hibernate.SQL - alter table smashclub.AdminRoleMenu drop constraint FKmnx4joy4obamff99axmbi3rde
2026-01-30 18:31:23 [main] DEBUG com.microsoft.sqlserver.jdbc.internals.SQLServerStatement - SQLServerStatement:6 Executing (not server cursor) alter table smashclub.AdminRoleMenu drop constraint FKmnx4joy4obamff99axmbi3rde
2026-01-30 18:31:23 [main] DEBUG org.hibernate.SQL - alter table smashclub.AdminRoleMenu drop constraint FKois6png2sv2yrpsxrmgmcuyfo
2026-01-30 18:31:23 [main] DEBUG com.microsoft.sqlserver.jdbc.internals.SQLServerStatement - SQLServerStatement:6 Executing (not server cursor) alter table smashclub.AdminRoleMenu drop constraint FKois6png2sv2yrpsxrmgmcuyfo
2026-01-30 18:31:23 [main] DEBUG org.hibernate.SQL - alter table smashclub.AdminRolePermission drop constraint FK8apci419kxsajt2vl7fd62wms
2026-01-30 18:31:23 [main] DEBUG com.microsoft.sqlserver.jdbc.internals.SQLServerStatement - SQLServerStatement:6 Executing (not server cursor) alter table smashclub.AdminRolePermission drop constraint FK8apci419kxsajt2vl7fd62wms
2026-01-30 18:31:23 [main] DEBUG org.hibernate.SQL - alter table smashclub.AdminRolePermission drop constraint FK4ln28qogctycautpt7jn9jkff
2026-01-30 18:31:23 [main] DEBUG com.microsoft.sqlserver.jdbc.internals.SQLServerStatement - SQLServerStatement:6 Executing (not server cursor) alter table smashclub.AdminRolePermission drop constraint FK4ln28qogctycautpt7jn9jkff
2026-01-30 18:31:23 [main] DEBUG org.hibernate.SQL - alter table smashclub.AdminSession drop constraint fk_session_to_user
2026-01-30 18:31:23 [main] DEBUG com.microsoft.sqlserver.jdbc.internals.SQLServerStatement - SQLServerStatement:6 Executing (not server cursor) alter table smashclub.AdminSession drop constraint fk_session_to_user
2026-01-30 18:31:23 [main] DEBUG org.hibernate.SQL - alter table smashclub.AdminUser drop constraint fk_user_to_role
2026-01-30 18:31:23 [main] DEBUG com.microsoft.sqlserver.jdbc.internals.SQLServerStatement - SQLServerStatement:6 Executing (not server cursor) alter table smashclub.AdminUser drop constraint fk_user_to_role
2026-01-30 18:31:23 [main] DEBUG org.hibernate.SQL - alter table smashclub.AdminUser drop constraint fk_adminUser_to_user
2026-01-30 18:31:23 [main] DEBUG com.microsoft.sqlserver.jdbc.internals.SQLServerStatement - SQLServerStatement:6 Executing (not server cursor) alter table smashclub.AdminUser drop constraint fk_adminUser_to_user
2026-01-30 18:31:23 [main] DEBUG org.hibernate.SQL - alter table smashclub.Booking drop constraint fk_booking_to_court
2026-01-30 18:31:23 [main] DEBUG com.microsoft.sqlserver.jdbc.internals.SQLServerStatement - SQLServerStatement:6 Executing (not server cursor) alter table smashclub.Booking drop constraint fk_booking_to_court
2026-01-30 18:31:23 [main] DEBUG org.hibernate.SQL - alter table smashclub.Booking drop constraint fk_booking_to_user
2026-01-30 18:31:23 [main] DEBUG com.microsoft.sqlserver.jdbc.internals.SQLServerStatement - SQLServerStatement:6 Executing (not server cursor) alter table smashclub.Booking drop constraint fk_booking_to_user
2026-01-30 18:31:23 [main] DEBUG org.hibernate.SQL - alter table smashclub.Cart drop constraint fk_cart_to_user
2026-01-30 18:31:23 [main] DEBUG com.microsoft.sqlserver.jdbc.internals.SQLServerStatement - SQLServerStatement:6 Executing (not server cursor) alter table smashclub.Cart drop constraint fk_cart_to_user
2026-01-30 18:31:23 [main] DEBUG org.hibernate.SQL - alter table smashclub.CartItem drop constraint fk_cartItem_to_cart
2026-01-30 18:31:23 [main] DEBUG com.microsoft.sqlserver.jdbc.internals.SQLServerStatement - SQLServerStatement:6 Executing (not server cursor) alter table smashclub.CartItem drop constraint fk_cartItem_to_cart
2026-01-30 18:31:23 [main] DEBUG org.hibernate.SQL - alter table smashclub.CartItem drop constraint fk_cartItem_to_var
2026-01-30 18:31:23 [main] DEBUG com.microsoft.sqlserver.jdbc.internals.SQLServerStatement - SQLServerStatement:6 Executing (not server cursor) alter table smashclub.CartItem drop constraint fk_cartItem_to_var
2026-01-30 18:31:23 [main] DEBUG org.hibernate.SQL - alter table smashclub.CoachDetail drop constraint fk_coachDetail_to_booking
2026-01-30 18:31:23 [main] DEBUG com.microsoft.sqlserver.jdbc.internals.SQLServerStatement - SQLServerStatement:6 Executing (not server cursor) alter table smashclub.CoachDetail drop constraint fk_coachDetail_to_booking
2026-01-30 18:31:23 [main] DEBUG org.hibernate.SQL - alter table smashclub.CoachDetail drop constraint fk_coachDetail_to_coach
2026-01-30 18:31:23 [main] DEBUG com.microsoft.sqlserver.jdbc.internals.SQLServerStatement - SQLServerStatement:6 Executing (not server cursor) alter table smashclub.CoachDetail drop constraint fk_coachDetail_to_coach
2026-01-30 18:31:23 [main] DEBUG org.hibernate.SQL - alter table smashclub.EmailVerificationTokens drop constraint fk_email_verification_to_user
2026-01-30 18:31:23 [main] DEBUG com.microsoft.sqlserver.jdbc.internals.SQLServerStatement - SQLServerStatement:6 Executing (not server cursor) alter table smashclub.EmailVerificationTokens drop constraint fk_email_verification_to_user
2026-01-30 18:31:23 [main] DEBUG org.hibernate.SQL - alter table smashclub.Equipment drop constraint fk_equip_to_equipCat
2026-01-30 18:31:23 [main] DEBUG com.microsoft.sqlserver.jdbc.internals.SQLServerStatement - SQLServerStatement:6 Executing (not server cursor) alter table smashclub.Equipment drop constraint fk_equip_to_equipCat
2026-01-30 18:31:23 [main] DEBUG org.hibernate.SQL - alter table smashclub.EquipmentDetail drop constraint fk_equipDetail_to_booking
2026-01-30 18:31:23 [main] DEBUG com.microsoft.sqlserver.jdbc.internals.SQLServerStatement - SQLServerStatement:6 Executing (not server cursor) alter table smashclub.EquipmentDetail drop constraint fk_equipDetail_to_booking
2026-01-30 18:31:23 [main] DEBUG org.hibernate.SQL - alter table smashclub.EquipmentDetail drop constraint fk_equipDetail_to_equip
2026-01-30 18:31:23 [main] DEBUG com.microsoft.sqlserver.jdbc.internals.SQLServerStatement - SQLServerStatement:6 Executing (not server cursor) alter table smashclub.EquipmentDetail drop constraint fk_equipDetail_to_equip
2026-01-30 18:31:23 [main] DEBUG org.hibernate.SQL - alter table smashclub.LoginOtpTokens drop constraint fk_login_otp_to_user
2026-01-30 18:31:23 [main] DEBUG com.microsoft.sqlserver.jdbc.internals.SQLServerStatement - SQLServerStatement:6 Executing (not server cursor) alter table smashclub.LoginOtpTokens drop constraint fk_login_otp_to_user
2026-01-30 18:31:23 [main] DEBUG org.hibernate.SQL - alter table smashclub.OrderItem drop constraint fk_orderItem_to_order
2026-01-30 18:31:23 [main] DEBUG com.microsoft.sqlserver.jdbc.internals.SQLServerStatement - SQLServerStatement:6 Executing (not server cursor) alter table smashclub.OrderItem drop constraint fk_orderItem_to_order
2026-01-30 18:31:23 [main] DEBUG org.hibernate.SQL - alter table smashclub.OrderItem drop constraint fk_orderItem_to_var
2026-01-30 18:31:23 [main] DEBUG com.microsoft.sqlserver.jdbc.internals.SQLServerStatement - SQLServerStatement:6 Executing (not server cursor) alter table smashclub.OrderItem drop constraint fk_orderItem_to_var
2026-01-30 18:31:23 [main] DEBUG org.hibernate.SQL - alter table smashclub.Orders drop constraint fk_order_to_trans
2026-01-30 18:31:23 [main] DEBUG com.microsoft.sqlserver.jdbc.internals.SQLServerStatement - SQLServerStatement:6 Executing (not server cursor) alter table smashclub.Orders drop constraint fk_order_to_trans
2026-01-30 18:31:23 [main] DEBUG org.hibernate.SQL - alter table smashclub.Orders drop constraint fk_order_to_user
2026-01-30 18:31:23 [main] DEBUG com.microsoft.sqlserver.jdbc.internals.SQLServerStatement - SQLServerStatement:6 Executing (not server cursor) alter table smashclub.Orders drop constraint fk_order_to_user
2026-01-30 18:31:23 [main] DEBUG org.hibernate.SQL - alter table smashclub.PasswordResetTokens drop constraint fk_password_reset_to_user
2026-01-30 18:31:23 [main] DEBUG com.microsoft.sqlserver.jdbc.internals.SQLServerStatement - SQLServerStatement:6 Executing (not server cursor) alter table smashclub.PasswordResetTokens drop constraint fk_password_reset_to_user
2026-01-30 18:31:23 [main] DEBUG org.hibernate.SQL - alter table smashclub.PaymentLog drop constraint fk_paymentLog_to_trans
2026-01-30 18:31:23 [main] DEBUG com.microsoft.sqlserver.jdbc.internals.SQLServerStatement - SQLServerStatement:6 Executing (not server cursor) alter table smashclub.PaymentLog drop constraint fk_paymentLog_to_trans
2026-01-30 18:31:23 [main] DEBUG org.hibernate.SQL - alter table smashclub.ProductVariant drop constraint fk_productVar_to_product
2026-01-30 18:31:23 [main] DEBUG com.microsoft.sqlserver.jdbc.internals.SQLServerStatement - SQLServerStatement:6 Executing (not server cursor) alter table smashclub.ProductVariant drop constraint fk_productVar_to_product
2026-01-30 18:31:23 [main] DEBUG org.hibernate.SQL - alter table smashclub.RefundRequest drop constraint fk_refundRequest_to_trans
2026-01-30 18:31:23 [main] DEBUG com.microsoft.sqlserver.jdbc.internals.SQLServerStatement - SQLServerStatement:6 Executing (not server cursor) alter table smashclub.RefundRequest drop constraint fk_refundRequest_to_trans
2026-01-30 18:31:23 [main] DEBUG org.hibernate.SQL - alter table smashclub.Sessions drop constraint fk_session_to_user
2026-01-30 18:31:23 [main] DEBUG com.microsoft.sqlserver.jdbc.internals.SQLServerStatement - SQLServerStatement:6 Executing (not server cursor) alter table smashclub.Sessions drop constraint fk_session_to_user
2026-01-30 18:31:23 [main] DEBUG com.microsoft.sqlserver.jdbc.internals.SQLServerException - *** SQLException: com.microsoft.sqlserver.jdbc.SQLServerException: 'fk_session_to_user' is not a constraint. Msg 3728, Level 16, State 1, 'fk_session_to_user' is not a constraint.
2026-01-30 18:31:23 [main] WARN  org.hibernate.tool.schema.internal.ExceptionHandlerLoggedImpl - GenerationTarget encountered exception accepting command : Error executing DDL "alter table smashclub.Sessions drop constraint fk_session_to_user" via JDBC ['fk_session_to_user' is not a constraint.]
org.hibernate.tool.schema.spi.CommandAcceptanceException: Error executing DDL "alter table smashclub.Sessions drop constraint fk_session_to_user" via JDBC ['fk_session_to_user' is not a constraint.]
	at org.hibernate.tool.schema.internal.exec.GenerationTargetToDatabase.accept(GenerationTargetToDatabase.java:81)
	at org.hibernate.tool.schema.internal.Helper.applySqlString(Helper.java:218)
	at org.hibernate.tool.schema.internal.Helper.applySqlStrings(Helper.java:204)
	at org.hibernate.tool.schema.internal.SchemaDropperImpl.applyConstraintDropping(SchemaDropperImpl.java:473)
	at org.hibernate.tool.schema.internal.SchemaDropperImpl.dropConstraintsTablesSequences(SchemaDropperImpl.java:237)
	at org.hibernate.tool.schema.internal.SchemaDropperImpl.dropFromMetadata(SchemaDropperImpl.java:210)
	at org.hibernate.tool.schema.internal.SchemaDropperImpl.performDrop(SchemaDropperImpl.java:182)
	at org.hibernate.tool.schema.internal.SchemaDropperImpl.doDrop(SchemaDropperImpl.java:152)
	at org.hibernate.tool.schema.internal.SchemaDropperImpl.doDrop(SchemaDropperImpl.java:112)
	at org.hibernate.tool.schema.spi.SchemaManagementToolCoordinator.performDatabaseAction(SchemaManagementToolCoordinator.java:227)
	at org.hibernate.tool.schema.spi.SchemaManagementToolCoordinator.lambda$process$1(SchemaManagementToolCoordinator.java:101)
	at java.base/java.util.HashMap.forEach(HashMap.java:1421)
	at org.hibernate.tool.schema.spi.SchemaManagementToolCoordinator.process(SchemaManagementToolCoordinator.java:100)
	at org.hibernate.boot.internal.SessionFactoryObserverForSchemaExport.sessionFactoryCreated(SessionFactoryObserverForSchemaExport.java:35)
	at org.hibernate.internal.SessionFactoryObserverChain.sessionFactoryCreated(SessionFactoryObserverChain.java:33)
	at org.hibernate.internal.SessionFactoryImpl.<init>(SessionFactoryImpl.java:323)
	at org.hibernate.internal.SessionFactoryRegistry.instantiateSessionFactory(SessionFactoryRegistry.java:64)
	at org.hibernate.boot.internal.SessionFactoryBuilderImpl.build(SessionFactoryBuilderImpl.java:437)
	at org.hibernate.jpa.boot.internal.EntityManagerFactoryBuilderImpl.build(EntityManagerFactoryBuilderImpl.java:1456)
	at org.springframework.orm.jpa.vendor.SpringHibernateJpaPersistenceProvider.createContainerEntityManagerFactory(SpringHibernateJpaPersistenceProvider.java:66)
	at org.springframework.orm.jpa.LocalContainerEntityManagerFactoryBean.createNativeEntityManagerFactory(LocalContainerEntityManagerFactoryBean.java:433)
	at org.springframework.orm.jpa.AbstractEntityManagerFactoryBean.buildNativeEntityManagerFactory(AbstractEntityManagerFactoryBean.java:416)
	at org.springframework.orm.jpa.AbstractEntityManagerFactoryBean.afterPropertiesSet(AbstractEntityManagerFactoryBean.java:396)
	at org.springframework.orm.jpa.LocalContainerEntityManagerFactoryBean.afterPropertiesSet(LocalContainerEntityManagerFactoryBean.java:409)
	at org.springframework.beans.factory.support.AbstractAutowireCapableBeanFactory.invokeInitMethods(AbstractAutowireCapableBeanFactory.java:1864)
	at org.springframework.beans.factory.support.AbstractAutowireCapableBeanFactory.initializeBean(AbstractAutowireCapableBeanFactory.java:1813)
	at org.springframework.beans.factory.support.AbstractAutowireCapableBeanFactory.doCreateBean(AbstractAutowireCapableBeanFactory.java:603)
	at org.springframework.beans.factory.support.AbstractAutowireCapableBeanFactory.createBean(AbstractAutowireCapableBeanFactory.java:525)
	at org.springframework.beans.factory.support.AbstractBeanFactory.lambda$doGetBean$0(AbstractBeanFactory.java:333)
	at org.springframework.beans.factory.support.DefaultSingletonBeanRegistry.getSingleton(DefaultSingletonBeanRegistry.java:371)
	at org.springframework.beans.factory.support.AbstractBeanFactory.doGetBean(AbstractBeanFactory.java:331)
	at org.springframework.beans.factory.support.AbstractBeanFactory.getBean(AbstractBeanFactory.java:201)
	at org.springframework.context.support.AbstractApplicationContext.finishBeanFactoryInitialization(AbstractApplicationContext.java:976)
	at org.springframework.context.support.AbstractApplicationContext.refresh(AbstractApplicationContext.java:620)
	at org.springframework.boot.web.server.servlet.context.ServletWebServerApplicationContext.refresh(ServletWebServerApplicationContext.java:143)
	at org.springframework.boot.SpringApplication.refresh(SpringApplication.java:756)
	at org.springframework.boot.SpringApplication.refreshContext(SpringApplication.java:445)
	at org.springframework.boot.SpringApplication.run(SpringApplication.java:321)
	at org.springframework.boot.test.context.SpringBootContextLoader.lambda$loadContext$2(SpringBootContextLoader.java:156)
	at org.springframework.util.function.ThrowingSupplier.get(ThrowingSupplier.java:58)
	at org.springframework.util.function.ThrowingSupplier.get(ThrowingSupplier.java:46)
	at org.springframework.boot.SpringApplication.withHook(SpringApplication.java:1465)
	at org.springframework.boot.test.context.SpringBootContextLoader$ContextLoaderHook.run(SpringBootContextLoader.java:605)
	at org.springframework.boot.test.context.SpringBootContextLoader.loadContext(SpringBootContextLoader.java:156)
	at org.springframework.boot.test.context.SpringBootContextLoader.loadContext(SpringBootContextLoader.java:115)
	at org.springframework.test.context.cache.DefaultCacheAwareContextLoaderDelegate.loadContextInternal(DefaultCacheAwareContextLoaderDelegate.java:247)
	at org.springframework.test.context.cache.DefaultCacheAwareContextLoaderDelegate.lambda$loadContext$0(DefaultCacheAwareContextLoaderDelegate.java:167)
	at org.springframework.test.context.cache.DefaultContextCache.put(DefaultContextCache.java:172)
	at org.springframework.test.context.cache.DefaultCacheAwareContextLoaderDelegate.loadContext(DefaultCacheAwareContextLoaderDelegate.java:160)
	at org.springframework.test.context.support.DefaultTestContext.getApplicationContext(DefaultTestContext.java:128)
	at org.springframework.test.context.support.DependencyInjectionTestExecutionListener.injectDependencies(DependencyInjectionTestExecutionListener.java:155)
	at org.springframework.test.context.support.DependencyInjectionTestExecutionListener.prepareTestInstance(DependencyInjectionTestExecutionListener.java:111)
	at org.springframework.test.context.TestContextManager.prepareTestInstance(TestContextManager.java:260)
	at org.springframework.test.context.testng.AbstractTestNGSpringContextTests.springTestContextPrepareTestInstance(AbstractTestNGSpringContextTests.java:117)
	at java.base/jdk.internal.reflect.NativeMethodAccessorImpl.invoke0(Native Method)
	at java.base/jdk.internal.reflect.NativeMethodAccessorImpl.invoke(NativeMethodAccessorImpl.java:77)
	at java.base/jdk.internal.reflect.DelegatingMethodAccessorImpl.invoke(DelegatingMethodAccessorImpl.java:43)
	at java.base/java.lang.reflect.Method.invoke(Method.java:568)
	at org.testng.internal.invokers.MethodInvocationHelper.invokeMethod(MethodInvocationHelper.java:141)
	at org.testng.internal.invokers.MethodInvocationHelper.invokeMethodConsideringTimeout(MethodInvocationHelper.java:71)
	at org.testng.internal.invokers.ConfigInvoker.invokeConfigurationMethod(ConfigInvoker.java:400)
	at org.testng.internal.invokers.ConfigInvoker.invokeConfigurations(ConfigInvoker.java:333)
	at org.testng.internal.invokers.TestMethodWorker.invokeBeforeClassMethods(TestMethodWorker.java:188)
	at org.testng.internal.invokers.TestMethodWorker.run(TestMethodWorker.java:128)
	at java.base/java.util.ArrayList.forEach(ArrayList.java:1511)
	at org.testng.TestRunner.privateRun(TestRunner.java:739)
	at org.testng.TestRunner.run(TestRunner.java:614)
	at org.testng.SuiteRunner.runTest(SuiteRunner.java:421)
	at org.testng.SuiteRunner.runSequentially(SuiteRunner.java:413)
	at org.testng.SuiteRunner.privateRun(SuiteRunner.java:373)
	at org.testng.SuiteRunner.run(SuiteRunner.java:312)
	at org.testng.SuiteRunnerWorker.runSuite(SuiteRunnerWorker.java:52)
	at org.testng.SuiteRunnerWorker.run(SuiteRunnerWorker.java:95)
	at org.testng.TestNG.runSuitesSequentially(TestNG.java:1274)
	at org.testng.TestNG.runSuitesLocally(TestNG.java:1208)
	at org.testng.TestNG.runSuites(TestNG.java:1112)
	at org.testng.TestNG.run(TestNG.java:1079)
	at com.intellij.rt.testng.IDEARemoteTestNG.run(IDEARemoteTestNG.java:65)
	at com.intellij.rt.testng.RemoteTestNGStarter.main(RemoteTestNGStarter.java:105)
Caused by: com.microsoft.sqlserver.jdbc.SQLServerException: 'fk_session_to_user' is not a constraint.
	at com.microsoft.sqlserver.jdbc.SQLServerException.makeFromDatabaseError(SQLServerException.java:262)
	at com.microsoft.sqlserver.jdbc.SQLServerStatement.getNextResult(SQLServerStatement.java:1632)
	at com.microsoft.sqlserver.jdbc.SQLServerStatement.doExecuteStatement(SQLServerStatement.java:872)
	at com.microsoft.sqlserver.jdbc.SQLServerStatement$StmtExecCmd.doExecute(SQLServerStatement.java:767)
	at com.microsoft.sqlserver.jdbc.TDSCommand.execute(IOBuffer.java:7418)
	at com.microsoft.sqlserver.jdbc.SQLServerConnection.executeCommand(SQLServerConnection.java:3272)
	at com.microsoft.sqlserver.jdbc.SQLServerStatement.executeCommand(SQLServerStatement.java:247)
	at com.microsoft.sqlserver.jdbc.SQLServerStatement.executeStatement(SQLServerStatement.java:222)
	at com.microsoft.sqlserver.jdbc.SQLServerStatement.execute(SQLServerStatement.java:743)
	at com.zaxxer.hikari.pool.ProxyStatement.execute(ProxyStatement.java:95)
	at com.zaxxer.hikari.pool.HikariProxyStatement.execute(HikariProxyStatement.java)
	at org.hibernate.tool.schema.internal.exec.GenerationTargetToDatabase.accept(GenerationTargetToDatabase.java:76)
	... 78 more
2026-01-30 18:31:23 [main] DEBUG org.hibernate.SQL - alter table smashclub.TransactionLog drop constraint FKe8e3ju0ck8vrwlddt247slqg7
2026-01-30 18:31:23 [main] DEBUG com.microsoft.sqlserver.jdbc.internals.SQLServerStatement - SQLServerStatement:6 Executing (not server cursor) alter table smashclub.TransactionLog drop constraint FKe8e3ju0ck8vrwlddt247slqg7
2026-01-30 18:31:23 [main] DEBUG org.hibernate.SQL - alter table smashclub.Transactions drop constraint fk_transaction_to_user
2026-01-30 18:31:23 [main] DEBUG com.microsoft.sqlserver.jdbc.internals.SQLServerStatement - SQLServerStatement:6 Executing (not server cursor) alter table smashclub.Transactions drop constraint fk_transaction_to_user
2026-01-30 18:31:23 [main] DEBUG org.hibernate.SQL - alter table smashclub.Wallet drop constraint FKtlkasaiu9at98tf746x7lq748
2026-01-30 18:31:23 [main] DEBUG com.microsoft.sqlserver.jdbc.internals.SQLServerStatement - SQLServerStatement:6 Executing (not server cursor) alter table smashclub.Wallet drop constraint FKtlkasaiu9at98tf746x7lq748
2026-01-30 18:31:23 [main] DEBUG org.hibernate.SQL - alter table smashclub.WalletLog drop constraint FKnq5wwd2svpxn4a03gl44qox85
2026-01-30 18:31:23 [main] DEBUG com.microsoft.sqlserver.jdbc.internals.SQLServerStatement - SQLServerStatement:6 Executing (not server cursor) alter table smashclub.WalletLog drop constraint FKnq5wwd2svpxn4a03gl44qox85
2026-01-30 18:31:23 [main] DEBUG org.hibernate.SQL - drop table smashclub.ActivityLog
2026-01-30 18:31:23 [main] DEBUG com.microsoft.sqlserver.jdbc.internals.SQLServerStatement - SQLServerStatement:6 Executing (not server cursor) drop table smashclub.ActivityLog
2026-01-30 18:31:23 [main] DEBUG org.hibernate.SQL - drop table smashclub.AdminMenu
2026-01-30 18:31:23 [main] DEBUG com.microsoft.sqlserver.jdbc.internals.SQLServerStatement - SQLServerStatement:6 Executing (not server cursor) drop table smashclub.AdminMenu
2026-01-30 18:31:23 [main] DEBUG org.hibernate.SQL - drop table smashclub.AdminPermission
2026-01-30 18:31:23 [main] DEBUG com.microsoft.sqlserver.jdbc.internals.SQLServerStatement - SQLServerStatement:6 Executing (not server cursor) drop table smashclub.AdminPermission
2026-01-30 18:31:23 [main] DEBUG org.hibernate.SQL - drop table smashclub.AdminRole
2026-01-30 18:31:23 [main] DEBUG com.microsoft.sqlserver.jdbc.internals.SQLServerStatement - SQLServerStatement:6 Executing (not server cursor) drop table smashclub.AdminRole
2026-01-30 18:31:23 [main] DEBUG org.hibernate.SQL - drop table smashclub.AdminRoleMenu
2026-01-30 18:31:23 [main] DEBUG com.microsoft.sqlserver.jdbc.internals.SQLServerStatement - SQLServerStatement:6 Executing (not server cursor) drop table smashclub.AdminRoleMenu
2026-01-30 18:31:23 [main] DEBUG org.hibernate.SQL - drop table smashclub.AdminRolePermission
2026-01-30 18:31:23 [main] DEBUG com.microsoft.sqlserver.jdbc.internals.SQLServerStatement - SQLServerStatement:6 Executing (not server cursor) drop table smashclub.AdminRolePermission
2026-01-30 18:31:23 [main] DEBUG org.hibernate.SQL - drop table smashclub.AdminSession
2026-01-30 18:31:23 [main] DEBUG com.microsoft.sqlserver.jdbc.internals.SQLServerStatement - SQLServerStatement:6 Executing (not server cursor) drop table smashclub.AdminSession
2026-01-30 18:31:23 [main] DEBUG org.hibernate.SQL - drop table smashclub.AdminUser
2026-01-30 18:31:23 [main] DEBUG com.microsoft.sqlserver.jdbc.internals.SQLServerStatement - SQLServerStatement:6 Executing (not server cursor) drop table smashclub.AdminUser
2026-01-30 18:31:23 [main] DEBUG org.hibernate.SQL - drop table smashclub.Booking
2026-01-30 18:31:23 [main] DEBUG com.microsoft.sqlserver.jdbc.internals.SQLServerStatement - SQLServerStatement:6 Executing (not server cursor) drop table smashclub.Booking
2026-01-30 18:31:23 [main] DEBUG org.hibernate.SQL - drop table smashclub.Cart
2026-01-30 18:31:23 [main] DEBUG com.microsoft.sqlserver.jdbc.internals.SQLServerStatement - SQLServerStatement:6 Executing (not server cursor) drop table smashclub.Cart
2026-01-30 18:31:23 [main] DEBUG org.hibernate.SQL - drop table smashclub.CartItem
2026-01-30 18:31:23 [main] DEBUG com.microsoft.sqlserver.jdbc.internals.SQLServerStatement - SQLServerStatement:6 Executing (not server cursor) drop table smashclub.CartItem
2026-01-30 18:31:23 [main] DEBUG org.hibernate.SQL - drop table smashclub.Coach
2026-01-30 18:31:23 [main] DEBUG com.microsoft.sqlserver.jdbc.internals.SQLServerStatement - SQLServerStatement:6 Executing (not server cursor) drop table smashclub.Coach
2026-01-30 18:31:23 [main] DEBUG org.hibernate.SQL - drop table smashclub.CoachDetail
2026-01-30 18:31:23 [main] DEBUG com.microsoft.sqlserver.jdbc.internals.SQLServerStatement - SQLServerStatement:6 Executing (not server cursor) drop table smashclub.CoachDetail
2026-01-30 18:31:23 [main] DEBUG org.hibernate.SQL - drop table smashclub.Court
2026-01-30 18:31:23 [main] DEBUG com.microsoft.sqlserver.jdbc.internals.SQLServerStatement - SQLServerStatement:6 Executing (not server cursor) drop table smashclub.Court
2026-01-30 18:31:23 [main] DEBUG org.hibernate.SQL - drop table smashclub.EmailVerificationTokens
2026-01-30 18:31:23 [main] DEBUG com.microsoft.sqlserver.jdbc.internals.SQLServerStatement - SQLServerStatement:6 Executing (not server cursor) drop table smashclub.EmailVerificationTokens
2026-01-30 18:31:23 [main] DEBUG org.hibernate.SQL - drop table smashclub.Equipment
2026-01-30 18:31:23 [main] DEBUG com.microsoft.sqlserver.jdbc.internals.SQLServerStatement - SQLServerStatement:6 Executing (not server cursor) drop table smashclub.Equipment
2026-01-30 18:31:23 [main] DEBUG org.hibernate.SQL - drop table smashclub.EquipmentCategory
2026-01-30 18:31:23 [main] DEBUG com.microsoft.sqlserver.jdbc.internals.SQLServerStatement - SQLServerStatement:6 Executing (not server cursor) drop table smashclub.EquipmentCategory
2026-01-30 18:31:23 [main] DEBUG org.hibernate.SQL - drop table smashclub.EquipmentDetail
2026-01-30 18:31:23 [main] DEBUG com.microsoft.sqlserver.jdbc.internals.SQLServerStatement - SQLServerStatement:6 Executing (not server cursor) drop table smashclub.EquipmentDetail
2026-01-30 18:31:23 [main] DEBUG org.hibernate.SQL - drop table smashclub.ErrorLog
2026-01-30 18:31:23 [main] DEBUG com.microsoft.sqlserver.jdbc.internals.SQLServerStatement - SQLServerStatement:6 Executing (not server cursor) drop table smashclub.ErrorLog
2026-01-30 18:31:23 [main] DEBUG org.hibernate.SQL - drop table smashclub.LoginOtpTokens
2026-01-30 18:31:23 [main] DEBUG com.microsoft.sqlserver.jdbc.internals.SQLServerStatement - SQLServerStatement:6 Executing (not server cursor) drop table smashclub.LoginOtpTokens
2026-01-30 18:31:23 [main] DEBUG org.hibernate.SQL - drop table smashclub.OrderItem
2026-01-30 18:31:23 [main] DEBUG com.microsoft.sqlserver.jdbc.internals.SQLServerStatement - SQLServerStatement:6 Executing (not server cursor) drop table smashclub.OrderItem
2026-01-30 18:31:23 [main] DEBUG org.hibernate.SQL - drop table smashclub.Orders
2026-01-30 18:31:23 [main] DEBUG com.microsoft.sqlserver.jdbc.internals.SQLServerStatement - SQLServerStatement:6 Executing (not server cursor) drop table smashclub.Orders
2026-01-30 18:31:23 [main] DEBUG org.hibernate.SQL - drop table smashclub.PasswordResetTokens
2026-01-30 18:31:23 [main] DEBUG com.microsoft.sqlserver.jdbc.internals.SQLServerStatement - SQLServerStatement:6 Executing (not server cursor) drop table smashclub.PasswordResetTokens
2026-01-30 18:31:23 [main] DEBUG org.hibernate.SQL - drop table smashclub.PaymentLog
2026-01-30 18:31:23 [main] DEBUG com.microsoft.sqlserver.jdbc.internals.SQLServerStatement - SQLServerStatement:6 Executing (not server cursor) drop table smashclub.PaymentLog
2026-01-30 18:31:23 [main] DEBUG org.hibernate.SQL - drop table smashclub.Product
2026-01-30 18:31:23 [main] DEBUG com.microsoft.sqlserver.jdbc.internals.SQLServerStatement - SQLServerStatement:6 Executing (not server cursor) drop table smashclub.Product
2026-01-30 18:31:23 [main] DEBUG org.hibernate.SQL - drop table smashclub.ProductVariant
2026-01-30 18:31:23 [main] DEBUG com.microsoft.sqlserver.jdbc.internals.SQLServerStatement - SQLServerStatement:6 Executing (not server cursor) drop table smashclub.ProductVariant
2026-01-30 18:31:23 [main] DEBUG org.hibernate.SQL - drop table smashclub.RefundRequest
2026-01-30 18:31:23 [main] DEBUG com.microsoft.sqlserver.jdbc.internals.SQLServerStatement - SQLServerStatement:6 Executing (not server cursor) drop table smashclub.RefundRequest
2026-01-30 18:31:23 [main] DEBUG org.hibernate.SQL - drop table smashclub.Sessions
2026-01-30 18:31:23 [main] DEBUG com.microsoft.sqlserver.jdbc.internals.SQLServerStatement - SQLServerStatement:6 Executing (not server cursor) drop table smashclub.Sessions
2026-01-30 18:31:23 [main] DEBUG org.hibernate.SQL - drop table smashclub.TransactionLog
2026-01-30 18:31:23 [main] DEBUG com.microsoft.sqlserver.jdbc.internals.SQLServerStatement - SQLServerStatement:6 Executing (not server cursor) drop table smashclub.TransactionLog
2026-01-30 18:31:23 [main] DEBUG org.hibernate.SQL - drop table smashclub.Transactions
2026-01-30 18:31:23 [main] DEBUG com.microsoft.sqlserver.jdbc.internals.SQLServerStatement - SQLServerStatement:6 Executing (not server cursor) drop table smashclub.Transactions
2026-01-30 18:31:23 [main] DEBUG org.hibernate.SQL - drop table smashclub.Users
2026-01-30 18:31:23 [main] DEBUG com.microsoft.sqlserver.jdbc.internals.SQLServerStatement - SQLServerStatement:6 Executing (not server cursor) drop table smashclub.Users
2026-01-30 18:31:23 [main] DEBUG org.hibernate.SQL - drop table smashclub.Wallet
2026-01-30 18:31:23 [main] DEBUG com.microsoft.sqlserver.jdbc.internals.SQLServerStatement - SQLServerStatement:6 Executing (not server cursor) drop table smashclub.Wallet
2026-01-30 18:31:23 [main] DEBUG org.hibernate.SQL - drop table smashclub.WalletLog
2026-01-30 18:31:23 [main] DEBUG com.microsoft.sqlserver.jdbc.internals.SQLServerStatement - SQLServerStatement:6 Executing (not server cursor) drop table smashclub.WalletLog
2026-01-30 18:31:23 [main] DEBUG org.hibernate.SQL - drop sequence smashclub.EquipmentCategory_SEQ
2026-01-30 18:31:23 [main] DEBUG com.microsoft.sqlserver.jdbc.internals.SQLServerStatement - SQLServerStatement:6 Executing (not server cursor) drop sequence smashclub.EquipmentCategory_SEQ
2026-01-30 18:31:23 [main] DEBUG org.hibernate.SQL - create sequence smashclub.EquipmentCategory_SEQ start with 1 increment by 50
2026-01-30 18:31:23 [main] DEBUG com.microsoft.sqlserver.jdbc.internals.SQLServerStatement - SQLServerStatement:7 created by (ConnectionID:1 ClientConnectionId: 8f73a750-5efd-43dc-a3ef-7114019b6fc7)
2026-01-30 18:31:23 [main] DEBUG com.microsoft.sqlserver.jdbc.internals.SQLServerStatement - SQLServerStatement:7 Executing (not server cursor) create sequence smashclub.EquipmentCategory_SEQ start with 1 increment by 50
2026-01-30 18:31:23 [main] DEBUG org.hibernate.SQL - create table smashclub.ActivityLog (ActorID bigint not null, CreatedAt datetime2(7) not null, ID bigint identity not null, Action varchar(255) not null, Model varchar(255) not null, primary key (ID))
2026-01-30 18:31:23 [main] DEBUG com.microsoft.sqlserver.jdbc.internals.SQLServerStatement - SQLServerStatement:7 Executing (not server cursor) create table smashclub.ActivityLog (ActorID bigint not null, CreatedAt datetime2(7) not null, ID bigint identity not null, Action varchar(255) not null, Model varchar(255) not null, primary key (ID))
2026-01-30 18:31:23 [main] DEBUG org.hibernate.SQL - create table smashclub.AdminMenu (ParentID int not null, Status int not null, ID bigint identity not null, MenuName varchar(255) not null, primary key (ID))
2026-01-30 18:31:23 [main] DEBUG com.microsoft.sqlserver.jdbc.internals.SQLServerStatement - SQLServerStatement:7 Executing (not server cursor) create table smashclub.AdminMenu (ParentID int not null, Status int not null, ID bigint identity not null, MenuName varchar(255) not null, primary key (ID))
2026-01-30 18:31:23 [main] DEBUG org.hibernate.SQL - create table smashclub.AdminPermission (ID int identity not null, Status int not null, MenuID bigint not null, PermissionName varchar(255) not null, primary key (ID))
2026-01-30 18:31:23 [main] DEBUG com.microsoft.sqlserver.jdbc.internals.SQLServerStatement - SQLServerStatement:7 Executing (not server cursor) create table smashclub.AdminPermission (ID int identity not null, Status int not null, MenuID bigint not null, PermissionName varchar(255) not null, primary key (ID))
2026-01-30 18:31:23 [main] DEBUG org.hibernate.SQL - create table smashclub.AdminRole (ID int identity not null, Status int not null, RoleCode varchar(50) not null, RoleName varchar(50) not null, primary key (ID))
2026-01-30 18:31:23 [main] DEBUG com.microsoft.sqlserver.jdbc.internals.SQLServerStatement - SQLServerStatement:7 Executing (not server cursor) create table smashclub.AdminRole (ID int identity not null, Status int not null, RoleCode varchar(50) not null, RoleName varchar(50) not null, primary key (ID))
2026-01-30 18:31:23 [main] DEBUG org.hibernate.SQL - create table smashclub.AdminRoleMenu (RoleID int not null, MenuID bigint not null, primary key (RoleID, MenuID))
2026-01-30 18:31:23 [main] DEBUG com.microsoft.sqlserver.jdbc.internals.SQLServerStatement - SQLServerStatement:7 Executing (not server cursor) create table smashclub.AdminRoleMenu (RoleID int not null, MenuID bigint not null, primary key (RoleID, MenuID))
2026-01-30 18:31:23 [main] DEBUG org.hibernate.SQL - create table smashclub.AdminRolePermission (PermissionID int not null, RoleID int not null, primary key (PermissionID, RoleID))
2026-01-30 18:31:23 [main] DEBUG com.microsoft.sqlserver.jdbc.internals.SQLServerStatement - SQLServerStatement:7 Executing (not server cursor) create table smashclub.AdminRolePermission (PermissionID int not null, RoleID int not null, primary key (PermissionID, RoleID))
2026-01-30 18:31:23 [main] DEBUG org.hibernate.SQL - create table smashclub.AdminSession (Status int not null, CreatedAt datetime2(7) not null, ExpiredTime datetime2(7) not null, ID bigint identity not null, LoginTime datetime2(7) not null, UpdatedAt datetime2(7), UserID bigint not null, LoginToken varchar(255) not null, primary key (ID))
2026-01-30 18:31:23 [main] DEBUG com.microsoft.sqlserver.jdbc.internals.SQLServerStatement - SQLServerStatement:7 Executing (not server cursor) create table smashclub.AdminSession (Status int not null, CreatedAt datetime2(7) not null, ExpiredTime datetime2(7) not null, ID bigint identity not null, LoginTime datetime2(7) not null, UpdatedAt datetime2(7), UserID bigint not null, LoginToken varchar(255) not null, primary key (ID))
2026-01-30 18:31:23 [main] DEBUG org.hibernate.SQL - create table smashclub.AdminUser (RoleID int not null, Status int not null, CreatedAt datetime2(7) not null, ID bigint identity not null, UpdatedAt datetime2(7), [Full Name] varchar(50) not null, Username varchar(50) not null, UserID varchar(255) not null, primary key (ID))
2026-01-30 18:31:23 [main] DEBUG com.microsoft.sqlserver.jdbc.internals.SQLServerStatement - SQLServerStatement:7 Executing (not server cursor) create table smashclub.AdminUser (RoleID int not null, Status int not null, CreatedAt datetime2(7) not null, ID bigint identity not null, UpdatedAt datetime2(7), [Full Name] varchar(50) not null, Username varchar(50) not null, UserID varchar(255) not null, primary key (ID))
2026-01-30 18:31:23 [main] DEBUG org.hibernate.SQL - create table smashclub.Booking (BasePrice numeric(17,2) not null, BookingDate date not null, DurationHour int not null, EndTime time not null, StartTime time not null, Status smallint not null, TotalPrice numeric(17,2) not null, CourtID bigint not null, CreatedAt datetime2(7) not null, ID bigint identity not null, UpdatedAt datetime2(7), BookingCode varchar(50) not null, UserID varchar(255) not null, primary key (ID))
2026-01-30 18:31:23 [main] DEBUG com.microsoft.sqlserver.jdbc.internals.SQLServerStatement - SQLServerStatement:7 Executing (not server cursor) create table smashclub.Booking (BasePrice numeric(17,2) not null, BookingDate date not null, DurationHour int not null, EndTime time not null, StartTime time not null, Status smallint not null, TotalPrice numeric(17,2) not null, CourtID bigint not null, CreatedAt datetime2(7) not null, ID bigint identity not null, UpdatedAt datetime2(7), BookingCode varchar(50) not null, UserID varchar(255) not null, primary key (ID))
2026-01-30 18:31:23 [main] DEBUG org.hibernate.SQL - create table smashclub.Cart (Status smallint not null, ID bigint identity not null, UserID varchar(255) not null, primary key (ID))
2026-01-30 18:31:23 [main] DEBUG com.microsoft.sqlserver.jdbc.internals.SQLServerStatement - SQLServerStatement:7 Executing (not server cursor) create table smashclub.Cart (Status smallint not null, ID bigint identity not null, UserID varchar(255) not null, primary key (ID))
2026-01-30 18:31:23 [main] DEBUG org.hibernate.SQL - create table smashclub.CartItem (PriceSnapshot numeric(17,2) not null, Quantity int not null, CartID bigint not null, ID bigint identity not null, VariantID bigint not null, primary key (ID))
2026-01-30 18:31:23 [main] DEBUG com.microsoft.sqlserver.jdbc.internals.SQLServerStatement - SQLServerStatement:7 Executing (not server cursor) create table smashclub.CartItem (PriceSnapshot numeric(17,2) not null, Quantity int not null, CartID bigint not null, ID bigint identity not null, VariantID bigint not null, primary key (ID))
2026-01-30 18:31:23 [main] DEBUG org.hibernate.SQL - create table smashclub.Coach (PricePerHour numeric(17,2) not null, Status smallint not null, CreatedAt datetime2(7) not null, ID bigint identity not null, UpdatedAt datetime2(7), CoachCode varchar(50) not null, CoachName varchar(100) not null, primary key (ID))
2026-01-30 18:31:23 [main] DEBUG com.microsoft.sqlserver.jdbc.internals.SQLServerStatement - SQLServerStatement:7 Executing (not server cursor) create table smashclub.Coach (PricePerHour numeric(17,2) not null, Status smallint not null, CreatedAt datetime2(7) not null, ID bigint identity not null, UpdatedAt datetime2(7), CoachCode varchar(50) not null, CoachName varchar(100) not null, primary key (ID))
2026-01-30 18:31:23 [main] DEBUG org.hibernate.SQL - create table smashclub.CoachDetail (BookingDate date not null, CoachHour int not null, CoachPrice numeric(17,2) not null, EndTime time not null, StartTime time not null, BookingID bigint not null, CoachID bigint not null, CreatedAt datetime2(7) not null, ID bigint identity not null, primary key (ID))
2026-01-30 18:31:23 [main] DEBUG com.microsoft.sqlserver.jdbc.internals.SQLServerStatement - SQLServerStatement:7 Executing (not server cursor) create table smashclub.CoachDetail (BookingDate date not null, CoachHour int not null, CoachPrice numeric(17,2) not null, EndTime time not null, StartTime time not null, BookingID bigint not null, CoachID bigint not null, CreatedAt datetime2(7) not null, ID bigint identity not null, primary key (ID))
2026-01-30 18:31:23 [main] DEBUG org.hibernate.SQL - create table smashclub.Court (CloseTime time not null, OpenTime time not null, Status smallint not null, CreatedAt datetime2(7) not null, ID bigint identity not null, UpdatedAt datetime2(7) not null, CourtCode varchar(50) not null, CourtName varchar(100) not null, primary key (ID))
2026-01-30 18:31:23 [main] DEBUG com.microsoft.sqlserver.jdbc.internals.SQLServerStatement - SQLServerStatement:7 Executing (not server cursor) create table smashclub.Court (CloseTime time not null, OpenTime time not null, Status smallint not null, CreatedAt datetime2(7) not null, ID bigint identity not null, UpdatedAt datetime2(7) not null, CourtCode varchar(50) not null, CourtName varchar(100) not null, primary key (ID))
2026-01-30 18:31:23 [main] DEBUG org.hibernate.SQL - create table smashclub.EmailVerificationTokens (CreatedAt datetime2(7) not null, ExpiresAt datetime2(7) not null, UsedAt datetime2(7), EmailVerificationTokenId varchar(255) not null, Token varchar(255) not null, UserId varchar(255) not null, primary key (EmailVerificationTokenId))
2026-01-30 18:31:23 [main] DEBUG com.microsoft.sqlserver.jdbc.internals.SQLServerStatement - SQLServerStatement:7 Executing (not server cursor) create table smashclub.EmailVerificationTokens (CreatedAt datetime2(7) not null, ExpiresAt datetime2(7) not null, UsedAt datetime2(7), EmailVerificationTokenId varchar(255) not null, Token varchar(255) not null, UserId varchar(255) not null, primary key (EmailVerificationTokenId))
2026-01-30 18:31:23 [main] DEBUG org.hibernate.SQL - create table smashclub.Equipment (Price numeric(17,2) not null, Status int not null, Stock int not null, CreatedAt datetime2(7) not null, EquipmentCategoryID bigint not null, ID bigint identity not null, Type varchar(30), Brand varchar(50), EquipmentName varchar(50) not null, Description varchar(255), primary key (ID))
2026-01-30 18:31:23 [main] DEBUG com.microsoft.sqlserver.jdbc.internals.SQLServerStatement - SQLServerStatement:7 Executing (not server cursor) create table smashclub.Equipment (Price numeric(17,2) not null, Status int not null, Stock int not null, CreatedAt datetime2(7) not null, EquipmentCategoryID bigint not null, ID bigint identity not null, Type varchar(30), Brand varchar(50), EquipmentName varchar(50) not null, Description varchar(255), primary key (ID))
2026-01-30 18:31:23 [main] DEBUG org.hibernate.SQL - create table smashclub.EquipmentCategory (Status int not null, ID bigint not null, CategoryName varchar(50) not null, primary key (ID))
2026-01-30 18:31:23 [main] DEBUG com.microsoft.sqlserver.jdbc.internals.SQLServerStatement - SQLServerStatement:7 Executing (not server cursor) create table smashclub.EquipmentCategory (Status int not null, ID bigint not null, CategoryName varchar(50) not null, primary key (ID))
2026-01-30 18:31:23 [main] DEBUG org.hibernate.SQL - create table smashclub.EquipmentDetail (EndTime time not null, EquipmentPrice numeric(17,2) not null, Quantity int not null, StartTime time not null, BookingID bigint not null, CreatedAt datetime2(7) not null, Equipment bigint not null, ID bigint identity not null, primary key (ID))
2026-01-30 18:31:23 [main] DEBUG com.microsoft.sqlserver.jdbc.internals.SQLServerStatement - SQLServerStatement:7 Executing (not server cursor) create table smashclub.EquipmentDetail (EndTime time not null, EquipmentPrice numeric(17,2) not null, Quantity int not null, StartTime time not null, BookingID bigint not null, CreatedAt datetime2(7) not null, Equipment bigint not null, ID bigint identity not null, primary key (ID))
2026-01-30 18:31:23 [main] DEBUG org.hibernate.SQL - create table smashclub.ErrorLog (CreatedAt datetime2(7) not null, ID bigint identity not null, Description varchar(255), ErrorCode varchar(255) not null, Module varchar(255) not null, primary key (ID))
2026-01-30 18:31:23 [main] DEBUG com.microsoft.sqlserver.jdbc.internals.SQLServerStatement - SQLServerStatement:7 Executing (not server cursor) create table smashclub.ErrorLog (CreatedAt datetime2(7) not null, ID bigint identity not null, Description varchar(255), ErrorCode varchar(255) not null, Module varchar(255) not null, primary key (ID))
2026-01-30 18:31:23 [main] DEBUG org.hibernate.SQL - create table smashclub.LoginOtpTokens (CreatedAt datetime2(7) not null, ExpiresAt datetime2(7) not null, UsedAt datetime2(7), OtpCode varchar(10) not null, LoginOtpTokenId varchar(255) not null, UserId varchar(255) not null, primary key (LoginOtpTokenId))
2026-01-30 18:31:23 [main] DEBUG com.microsoft.sqlserver.jdbc.internals.SQLServerStatement - SQLServerStatement:7 Executing (not server cursor) create table smashclub.LoginOtpTokens (CreatedAt datetime2(7) not null, ExpiresAt datetime2(7) not null, UsedAt datetime2(7), OtpCode varchar(10) not null, LoginOtpTokenId varchar(255) not null, UserId varchar(255) not null, primary key (LoginOtpTokenId))
2026-01-30 18:31:23 [main] DEBUG org.hibernate.SQL - create table smashclub.OrderItem (Price numeric(17,2) not null, Quantity int not null, ID bigint identity not null, OrderID bigint not null, VariantID bigint not null, primary key (ID))
2026-01-30 18:31:23 [main] DEBUG com.microsoft.sqlserver.jdbc.internals.SQLServerStatement - SQLServerStatement:7 Executing (not server cursor) create table smashclub.OrderItem (Price numeric(17,2) not null, Quantity int not null, ID bigint identity not null, OrderID bigint not null, VariantID bigint not null, primary key (ID))
2026-01-30 18:31:23 [main] DEBUG org.hibernate.SQL - create table smashclub.Orders (Status smallint not null, TotalAmount numeric(17,2) not null, CreatedAt datetime2(7) not null, ID bigint identity not null, TransactionID bigint not null, UserId varchar(255) not null, primary key (ID))
2026-01-30 18:31:23 [main] DEBUG com.microsoft.sqlserver.jdbc.internals.SQLServerStatement - SQLServerStatement:7 Executing (not server cursor) create table smashclub.Orders (Status smallint not null, TotalAmount numeric(17,2) not null, CreatedAt datetime2(7) not null, ID bigint identity not null, TransactionID bigint not null, UserId varchar(255) not null, primary key (ID))
2026-01-30 18:31:23 [main] DEBUG org.hibernate.SQL - create table smashclub.PasswordResetTokens (CreatedAt datetime2(7) not null, ExpiresAt datetime2(7) not null, UsedAt datetime2(7), PasswordResetTokenId varchar(255) not null, Token varchar(255) not null, UserId varchar(255) not null, primary key (PasswordResetTokenId))
2026-01-30 18:31:23 [main] DEBUG com.microsoft.sqlserver.jdbc.internals.SQLServerStatement - SQLServerStatement:7 Executing (not server cursor) create table smashclub.PasswordResetTokens (CreatedAt datetime2(7) not null, ExpiresAt datetime2(7) not null, UsedAt datetime2(7), PasswordResetTokenId varchar(255) not null, Token varchar(255) not null, UserId varchar(255) not null, primary key (PasswordResetTokenId))
2026-01-30 18:31:23 [main] DEBUG org.hibernate.SQL - create table smashclub.PaymentLog (CreatedAt datetime2(7) not null, ID bigint identity not null, TransactionID bigint not null, UpdatedAt datetime2(7), PaymentLink varchar(2048), primary key (ID))
2026-01-30 18:31:23 [main] DEBUG com.microsoft.sqlserver.jdbc.internals.SQLServerStatement - SQLServerStatement:7 Executing (not server cursor) create table smashclub.PaymentLog (CreatedAt datetime2(7) not null, ID bigint identity not null, TransactionID bigint not null, UpdatedAt datetime2(7), PaymentLink varchar(2048), primary key (ID))
2026-01-30 18:31:23 [main] DEBUG org.hibernate.SQL - create table smashclub.Product (Status smallint not null, ID bigint identity not null, Category varchar(100) not null, DefaultImgLink varchar(500) not null, ProductDesc varchar(2000), ProductName varchar(255) not null, primary key (ID))
2026-01-30 18:31:23 [main] DEBUG com.microsoft.sqlserver.jdbc.internals.SQLServerStatement - SQLServerStatement:7 Executing (not server cursor) create table smashclub.Product (Status smallint not null, ID bigint identity not null, Category varchar(100) not null, DefaultImgLink varchar(500) not null, ProductDesc varchar(2000), ProductName varchar(255) not null, primary key (ID))
2026-01-30 18:31:23 [main] DEBUG org.hibernate.SQL - create table smashclub.ProductVariant (Price numeric(17,2) not null, Stock int not null, ProductID bigint not null, id bigint identity not null, Name varchar(100) not null, Sku varchar(100) not null, VariantImgLink varchar(500), primary key (id))
2026-01-30 18:31:23 [main] DEBUG com.microsoft.sqlserver.jdbc.internals.SQLServerStatement - SQLServerStatement:7 Executing (not server cursor) create table smashclub.ProductVariant (Price numeric(17,2) not null, Stock int not null, ProductID bigint not null, id bigint identity not null, Name varchar(100) not null, Sku varchar(100) not null, VariantImgLink varchar(500), primary key (id))
2026-01-30 18:31:23 [main] DEBUG org.hibernate.SQL - create table smashclub.RefundRequest (RefundStatus smallint not null, CreatedAt datetime2(7) not null, ID bigint identity not null, TransactionID bigint not null, UpdatedAt datetime2(7), primary key (ID))
2026-01-30 18:31:23 [main] DEBUG com.microsoft.sqlserver.jdbc.internals.SQLServerStatement - SQLServerStatement:7 Executing (not server cursor) create table smashclub.RefundRequest (RefundStatus smallint not null, CreatedAt datetime2(7) not null, ID bigint identity not null, TransactionID bigint not null, UpdatedAt datetime2(7), primary key (ID))
2026-01-30 18:31:23 [main] DEBUG org.hibernate.SQL - create table smashclub.Sessions (CreatedAt datetime2(7) not null, ExpiresAt datetime2(7) not null, SessionToken varchar(500) not null, SessionId varchar(255) not null, UserId varchar(255) not null, primary key (SessionId))
2026-01-30 18:31:23 [main] DEBUG com.microsoft.sqlserver.jdbc.internals.SQLServerStatement - SQLServerStatement:7 Executing (not server cursor) create table smashclub.Sessions (CreatedAt datetime2(7) not null, ExpiresAt datetime2(7) not null, SessionToken varchar(500) not null, SessionId varchar(255) not null, UserId varchar(255) not null, primary key (SessionId))
2026-01-30 18:31:23 [main] DEBUG org.hibernate.SQL - create table smashclub.TransactionLog (CurrentStatus smallint not null, PreviousStatus smallint not null, CreatedAt datetime2(7) not null, ID bigint identity not null, TransactionID bigint not null, primary key (ID))
2026-01-30 18:31:23 [main] DEBUG com.microsoft.sqlserver.jdbc.internals.SQLServerStatement - SQLServerStatement:7 Executing (not server cursor) create table smashclub.TransactionLog (CurrentStatus smallint not null, PreviousStatus smallint not null, CreatedAt datetime2(7) not null, ID bigint identity not null, TransactionID bigint not null, primary key (ID))
2026-01-30 18:31:23 [main] DEBUG org.hibernate.SQL - create table smashclub.Transactions (IsRefunded smallint not null, PaymentMethodID int, Status smallint not null, TotalPrice numeric(17,2) not null, TransactionType int, CreatedAt datetime2(7) not null, ID bigint identity not null, UpdatedAt datetime2(7), TransactionCode varchar(20) not null, PaymentLink varchar(2048), Notes varchar(255), ReferenceCode varchar(255) not null, TransactionLabel varchar(255) not null, UserId varchar(255) not null, primary key (ID))
2026-01-30 18:31:23 [main] DEBUG com.microsoft.sqlserver.jdbc.internals.SQLServerStatement - SQLServerStatement:7 Executing (not server cursor) create table smashclub.Transactions (IsRefunded smallint not null, PaymentMethodID int, Status smallint not null, TotalPrice numeric(17,2) not null, TransactionType int, CreatedAt datetime2(7) not null, ID bigint identity not null, UpdatedAt datetime2(7), TransactionCode varchar(20) not null, PaymentLink varchar(2048), Notes varchar(255), ReferenceCode varchar(255) not null, TransactionLabel varchar(255) not null, UserId varchar(255) not null, primary key (ID))
2026-01-30 18:31:23 [main] DEBUG org.hibernate.SQL - create table smashclub.Users (FailedLoginAttempt int, Status smallint not null, CreatedDate datetime2(7) not null, LockedUntil datetime2(7), UpdatedDate datetime2(7), FullName varchar(150) not null, Email varchar(255) not null, PasswordHash varchar(255) not null, UserId varchar(255) not null, primary key (UserId))
2026-01-30 18:31:23 [main] DEBUG com.microsoft.sqlserver.jdbc.internals.SQLServerStatement - SQLServerStatement:7 Executing (not server cursor) create table smashclub.Users (FailedLoginAttempt int, Status smallint not null, CreatedDate datetime2(7) not null, LockedUntil datetime2(7), UpdatedDate datetime2(7), FullName varchar(150) not null, Email varchar(255) not null, PasswordHash varchar(255) not null, UserId varchar(255) not null, primary key (UserId))
2026-01-30 18:31:23 [main] DEBUG org.hibernate.SQL - create table smashclub.Wallet (UserBalance numeric(17,2) not null, CreatedAt datetime2(7) not null, UpdatedAt datetime2(7), UserId varchar(255) not null, primary key (UserId))
2026-01-30 18:31:23 [main] DEBUG com.microsoft.sqlserver.jdbc.internals.SQLServerStatement - SQLServerStatement:7 Executing (not server cursor) create table smashclub.Wallet (UserBalance numeric(17,2) not null, CreatedAt datetime2(7) not null, UpdatedAt datetime2(7), UserId varchar(255) not null, primary key (UserId))
2026-01-30 18:31:23 [main] DEBUG org.hibernate.SQL - create table smashclub.WalletLog (CurrentBalance numeric(17,2) not null, PreviousBalance numeric(17,2) not null, UsageType bit not null, UsageValue numeric(17,2) not null, CreatedAt datetime2(7) not null, LogID bigint identity not null, RefID varchar(255) not null, UserId varchar(255) not null, primary key (LogID))
2026-01-30 18:31:23 [main] DEBUG com.microsoft.sqlserver.jdbc.internals.SQLServerStatement - SQLServerStatement:7 Executing (not server cursor) create table smashclub.WalletLog (CurrentBalance numeric(17,2) not null, PreviousBalance numeric(17,2) not null, UsageType bit not null, UsageValue numeric(17,2) not null, CreatedAt datetime2(7) not null, LogID bigint identity not null, RefID varchar(255) not null, UserId varchar(255) not null, primary key (LogID))
2026-01-30 18:31:23 [main] DEBUG org.hibernate.SQL - alter table smashclub.AdminUser add constraint UKqkcqcx0p5aar2aayg5p9ydcq4 unique (Username)
2026-01-30 18:31:23 [main] DEBUG com.microsoft.sqlserver.jdbc.internals.SQLServerStatement - SQLServerStatement:7 Executing (not server cursor) alter table smashclub.AdminUser add constraint UKqkcqcx0p5aar2aayg5p9ydcq4 unique (Username)
2026-01-30 18:31:23 [main] DEBUG org.hibernate.SQL - alter table smashclub.AdminUser add constraint UKku8npg8qv8r3pfyy07wxm9mta unique (UserID)
2026-01-30 18:31:23 [main] DEBUG com.microsoft.sqlserver.jdbc.internals.SQLServerStatement - SQLServerStatement:7 Executing (not server cursor) alter table smashclub.AdminUser add constraint UKku8npg8qv8r3pfyy07wxm9mta unique (UserID)
2026-01-30 18:31:23 [main] DEBUG org.hibernate.SQL - alter table smashclub.Booking add constraint UKd4gk2h733axf4ffiftpfv7kes unique (BookingCode)
2026-01-30 18:31:23 [main] DEBUG com.microsoft.sqlserver.jdbc.internals.SQLServerStatement - SQLServerStatement:7 Executing (not server cursor) alter table smashclub.Booking add constraint UKd4gk2h733axf4ffiftpfv7kes unique (BookingCode)
2026-01-30 18:31:23 [main] DEBUG org.hibernate.SQL - alter table smashclub.Cart add constraint UK7w07eft34jr50y6lo05gudb0f unique (UserID)
2026-01-30 18:31:23 [main] DEBUG com.microsoft.sqlserver.jdbc.internals.SQLServerStatement - SQLServerStatement:7 Executing (not server cursor) alter table smashclub.Cart add constraint UK7w07eft34jr50y6lo05gudb0f unique (UserID)
2026-01-30 18:31:23 [main] DEBUG org.hibernate.SQL - alter table smashclub.Coach add constraint UK4447sht638c4pj03h4wjvs82k unique (CoachCode)
2026-01-30 18:31:23 [main] DEBUG com.microsoft.sqlserver.jdbc.internals.SQLServerStatement - SQLServerStatement:7 Executing (not server cursor) alter table smashclub.Coach add constraint UK4447sht638c4pj03h4wjvs82k unique (CoachCode)
2026-01-30 18:31:23 [main] DEBUG org.hibernate.SQL - alter table smashclub.Court add constraint UK5dsw4tlf809hbdflkh212gjy1 unique (CourtCode)
2026-01-30 18:31:23 [main] DEBUG com.microsoft.sqlserver.jdbc.internals.SQLServerStatement - SQLServerStatement:7 Executing (not server cursor) alter table smashclub.Court add constraint UK5dsw4tlf809hbdflkh212gjy1 unique (CourtCode)
2026-01-30 18:31:23 [main] DEBUG org.hibernate.SQL - alter table smashclub.EmailVerificationTokens add constraint UKr5ykwk8ib0al050pbvv4hgd2r unique (Token)
2026-01-30 18:31:23 [main] DEBUG com.microsoft.sqlserver.jdbc.internals.SQLServerStatement - SQLServerStatement:7 Executing (not server cursor) alter table smashclub.EmailVerificationTokens add constraint UKr5ykwk8ib0al050pbvv4hgd2r unique (Token)
2026-01-30 18:31:23 [main] DEBUG org.hibernate.SQL - alter table smashclub.PasswordResetTokens add constraint UKo5fa407e3e2ctvowtj3776ga9 unique (Token)
2026-01-30 18:31:23 [main] DEBUG com.microsoft.sqlserver.jdbc.internals.SQLServerStatement - SQLServerStatement:7 Executing (not server cursor) alter table smashclub.PasswordResetTokens add constraint UKo5fa407e3e2ctvowtj3776ga9 unique (Token)
2026-01-30 18:31:23 [main] DEBUG org.hibernate.SQL - alter table smashclub.ProductVariant add constraint UKfs4cjwcvqt7yi5e3lfmmrxitb unique (Sku)
2026-01-30 18:31:23 [main] DEBUG com.microsoft.sqlserver.jdbc.internals.SQLServerStatement - SQLServerStatement:7 Executing (not server cursor) alter table smashclub.ProductVariant add constraint UKfs4cjwcvqt7yi5e3lfmmrxitb unique (Sku)
2026-01-30 18:31:23 [main] DEBUG org.hibernate.SQL - alter table smashclub.Sessions add constraint UK8ne0l3ib3869o22klax8cpesg unique (SessionToken)
2026-01-30 18:31:23 [main] DEBUG com.microsoft.sqlserver.jdbc.internals.SQLServerStatement - SQLServerStatement:7 Executing (not server cursor) alter table smashclub.Sessions add constraint UK8ne0l3ib3869o22klax8cpesg unique (SessionToken)
2026-01-30 18:31:23 [main] DEBUG org.hibernate.SQL - alter table smashclub.Transactions add constraint UKltgsebcfs1rx462opyyppi9tq unique (TransactionCode)
2026-01-30 18:31:23 [main] DEBUG com.microsoft.sqlserver.jdbc.internals.SQLServerStatement - SQLServerStatement:7 Executing (not server cursor) alter table smashclub.Transactions add constraint UKltgsebcfs1rx462opyyppi9tq unique (TransactionCode)
2026-01-30 18:31:23 [main] DEBUG org.hibernate.SQL - alter table smashclub.Users add constraint UKjdfr6kjrxekx1j5vrr77rp44t unique (Email)
2026-01-30 18:31:23 [main] DEBUG com.microsoft.sqlserver.jdbc.internals.SQLServerStatement - SQLServerStatement:7 Executing (not server cursor) alter table smashclub.Users add constraint UKjdfr6kjrxekx1j5vrr77rp44t unique (Email)
2026-01-30 18:31:23 [main] DEBUG org.hibernate.SQL - alter table smashclub.ActivityLog add constraint fk_actLog_to_adminUser foreign key (ActorID) references smashclub.AdminUser
2026-01-30 18:31:23 [main] DEBUG com.microsoft.sqlserver.jdbc.internals.SQLServerStatement - SQLServerStatement:7 Executing (not server cursor) alter table smashclub.ActivityLog add constraint fk_actLog_to_adminUser foreign key (ActorID) references smashclub.AdminUser
2026-01-30 18:31:23 [main] DEBUG org.hibernate.SQL - alter table smashclub.AdminPermission add constraint fk_permission_to_menu foreign key (MenuID) references smashclub.AdminMenu
2026-01-30 18:31:23 [main] DEBUG com.microsoft.sqlserver.jdbc.internals.SQLServerStatement - SQLServerStatement:7 Executing (not server cursor) alter table smashclub.AdminPermission add constraint fk_permission_to_menu foreign key (MenuID) references smashclub.AdminMenu
2026-01-30 18:31:23 [main] DEBUG org.hibernate.SQL - alter table smashclub.AdminRoleMenu add constraint FKmnx4joy4obamff99axmbi3rde foreign key (MenuID) references smashclub.AdminMenu
2026-01-30 18:31:23 [main] DEBUG com.microsoft.sqlserver.jdbc.internals.SQLServerStatement - SQLServerStatement:7 Executing (not server cursor) alter table smashclub.AdminRoleMenu add constraint FKmnx4joy4obamff99axmbi3rde foreign key (MenuID) references smashclub.AdminMenu
2026-01-30 18:31:23 [main] DEBUG org.hibernate.SQL - alter table smashclub.AdminRoleMenu add constraint FKois6png2sv2yrpsxrmgmcuyfo foreign key (RoleID) references smashclub.AdminRole
2026-01-30 18:31:23 [main] DEBUG com.microsoft.sqlserver.jdbc.internals.SQLServerStatement - SQLServerStatement:7 Executing (not server cursor) alter table smashclub.AdminRoleMenu add constraint FKois6png2sv2yrpsxrmgmcuyfo foreign key (RoleID) references smashclub.AdminRole
2026-01-30 18:31:23 [main] DEBUG org.hibernate.SQL - alter table smashclub.AdminRolePermission add constraint FK8apci419kxsajt2vl7fd62wms foreign key (PermissionID) references smashclub.AdminPermission
2026-01-30 18:31:23 [main] DEBUG com.microsoft.sqlserver.jdbc.internals.SQLServerStatement - SQLServerStatement:7 Executing (not server cursor) alter table smashclub.AdminRolePermission add constraint FK8apci419kxsajt2vl7fd62wms foreign key (PermissionID) references smashclub.AdminPermission
2026-01-30 18:31:23 [main] DEBUG org.hibernate.SQL - alter table smashclub.AdminRolePermission add constraint FK4ln28qogctycautpt7jn9jkff foreign key (RoleID) references smashclub.AdminRole
2026-01-30 18:31:23 [main] DEBUG com.microsoft.sqlserver.jdbc.internals.SQLServerStatement - SQLServerStatement:7 Executing (not server cursor) alter table smashclub.AdminRolePermission add constraint FK4ln28qogctycautpt7jn9jkff foreign key (RoleID) references smashclub.AdminRole
2026-01-30 18:31:23 [main] DEBUG org.hibernate.SQL - alter table smashclub.AdminSession add constraint fk_session_to_user foreign key (UserID) references smashclub.AdminUser
2026-01-30 18:31:23 [main] DEBUG com.microsoft.sqlserver.jdbc.internals.SQLServerStatement - SQLServerStatement:7 Executing (not server cursor) alter table smashclub.AdminSession add constraint fk_session_to_user foreign key (UserID) references smashclub.AdminUser
2026-01-30 18:31:23 [main] DEBUG org.hibernate.SQL - alter table smashclub.AdminUser add constraint fk_user_to_role foreign key (RoleID) references smashclub.AdminRole
2026-01-30 18:31:23 [main] DEBUG com.microsoft.sqlserver.jdbc.internals.SQLServerStatement - SQLServerStatement:7 Executing (not server cursor) alter table smashclub.AdminUser add constraint fk_user_to_role foreign key (RoleID) references smashclub.AdminRole
2026-01-30 18:31:23 [main] DEBUG org.hibernate.SQL - alter table smashclub.AdminUser add constraint fk_adminUser_to_user foreign key (UserID) references smashclub.Users
2026-01-30 18:31:23 [main] DEBUG com.microsoft.sqlserver.jdbc.internals.SQLServerStatement - SQLServerStatement:7 Executing (not server cursor) alter table smashclub.AdminUser add constraint fk_adminUser_to_user foreign key (UserID) references smashclub.Users
2026-01-30 18:31:23 [main] DEBUG org.hibernate.SQL - alter table smashclub.Booking add constraint fk_booking_to_court foreign key (CourtID) references smashclub.Court
2026-01-30 18:31:23 [main] DEBUG com.microsoft.sqlserver.jdbc.internals.SQLServerStatement - SQLServerStatement:7 Executing (not server cursor) alter table smashclub.Booking add constraint fk_booking_to_court foreign key (CourtID) references smashclub.Court
2026-01-30 18:31:23 [main] DEBUG org.hibernate.SQL - alter table smashclub.Booking add constraint fk_booking_to_user foreign key (UserID) references smashclub.Users
2026-01-30 18:31:23 [main] DEBUG com.microsoft.sqlserver.jdbc.internals.SQLServerStatement - SQLServerStatement:7 Executing (not server cursor) alter table smashclub.Booking add constraint fk_booking_to_user foreign key (UserID) references smashclub.Users
2026-01-30 18:31:23 [main] DEBUG org.hibernate.SQL - alter table smashclub.Cart add constraint fk_cart_to_user foreign key (UserID) references smashclub.Users
2026-01-30 18:31:23 [main] DEBUG com.microsoft.sqlserver.jdbc.internals.SQLServerStatement - SQLServerStatement:7 Executing (not server cursor) alter table smashclub.Cart add constraint fk_cart_to_user foreign key (UserID) references smashclub.Users
2026-01-30 18:31:23 [main] DEBUG org.hibernate.SQL - alter table smashclub.CartItem add constraint fk_cartItem_to_cart foreign key (CartID) references smashclub.Cart
2026-01-30 18:31:23 [main] DEBUG com.microsoft.sqlserver.jdbc.internals.SQLServerStatement - SQLServerStatement:7 Executing (not server cursor) alter table smashclub.CartItem add constraint fk_cartItem_to_cart foreign key (CartID) references smashclub.Cart
2026-01-30 18:31:23 [main] DEBUG org.hibernate.SQL - alter table smashclub.CartItem add constraint fk_cartItem_to_var foreign key (VariantID) references smashclub.ProductVariant
2026-01-30 18:31:23 [main] DEBUG com.microsoft.sqlserver.jdbc.internals.SQLServerStatement - SQLServerStatement:7 Executing (not server cursor) alter table smashclub.CartItem add constraint fk_cartItem_to_var foreign key (VariantID) references smashclub.ProductVariant
2026-01-30 18:31:23 [main] DEBUG org.hibernate.SQL - alter table smashclub.CoachDetail add constraint fk_coachDetail_to_booking foreign key (BookingID) references smashclub.Booking
2026-01-30 18:31:23 [main] DEBUG com.microsoft.sqlserver.jdbc.internals.SQLServerStatement - SQLServerStatement:7 Executing (not server cursor) alter table smashclub.CoachDetail add constraint fk_coachDetail_to_booking foreign key (BookingID) references smashclub.Booking
2026-01-30 18:31:23 [main] DEBUG org.hibernate.SQL - alter table smashclub.CoachDetail add constraint fk_coachDetail_to_coach foreign key (CoachID) references smashclub.Coach
2026-01-30 18:31:23 [main] DEBUG com.microsoft.sqlserver.jdbc.internals.SQLServerStatement - SQLServerStatement:7 Executing (not server cursor) alter table smashclub.CoachDetail add constraint fk_coachDetail_to_coach foreign key (CoachID) references smashclub.Coach
2026-01-30 18:31:23 [main] DEBUG org.hibernate.SQL - alter table smashclub.EmailVerificationTokens add constraint fk_email_verification_to_user foreign key (UserId) references smashclub.Users
2026-01-30 18:31:23 [main] DEBUG com.microsoft.sqlserver.jdbc.internals.SQLServerStatement - SQLServerStatement:7 Executing (not server cursor) alter table smashclub.EmailVerificationTokens add constraint fk_email_verification_to_user foreign key (UserId) references smashclub.Users
2026-01-30 18:31:23 [main] DEBUG org.hibernate.SQL - alter table smashclub.Equipment add constraint fk_equip_to_equipCat foreign key (EquipmentCategoryID) references smashclub.EquipmentCategory
2026-01-30 18:31:23 [main] DEBUG com.microsoft.sqlserver.jdbc.internals.SQLServerStatement - SQLServerStatement:7 Executing (not server cursor) alter table smashclub.Equipment add constraint fk_equip_to_equipCat foreign key (EquipmentCategoryID) references smashclub.EquipmentCategory
2026-01-30 18:31:23 [main] DEBUG org.hibernate.SQL - alter table smashclub.EquipmentDetail add constraint fk_equipDetail_to_booking foreign key (BookingID) references smashclub.Booking
2026-01-30 18:31:23 [main] DEBUG com.microsoft.sqlserver.jdbc.internals.SQLServerStatement - SQLServerStatement:7 Executing (not server cursor) alter table smashclub.EquipmentDetail add constraint fk_equipDetail_to_booking foreign key (BookingID) references smashclub.Booking
2026-01-30 18:31:23 [main] DEBUG org.hibernate.SQL - alter table smashclub.EquipmentDetail add constraint fk_equipDetail_to_equip foreign key (Equipment) references smashclub.Equipment
2026-01-30 18:31:23 [main] DEBUG com.microsoft.sqlserver.jdbc.internals.SQLServerStatement - SQLServerStatement:7 Executing (not server cursor) alter table smashclub.EquipmentDetail add constraint fk_equipDetail_to_equip foreign key (Equipment) references smashclub.Equipment
2026-01-30 18:31:23 [main] DEBUG org.hibernate.SQL - alter table smashclub.LoginOtpTokens add constraint fk_login_otp_to_user foreign key (UserId) references smashclub.Users
2026-01-30 18:31:23 [main] DEBUG com.microsoft.sqlserver.jdbc.internals.SQLServerStatement - SQLServerStatement:7 Executing (not server cursor) alter table smashclub.LoginOtpTokens add constraint fk_login_otp_to_user foreign key (UserId) references smashclub.Users
2026-01-30 18:31:23 [main] DEBUG org.hibernate.SQL - alter table smashclub.OrderItem add constraint fk_orderItem_to_order foreign key (OrderID) references smashclub.Orders
2026-01-30 18:31:23 [main] DEBUG com.microsoft.sqlserver.jdbc.internals.SQLServerStatement - SQLServerStatement:7 Executing (not server cursor) alter table smashclub.OrderItem add constraint fk_orderItem_to_order foreign key (OrderID) references smashclub.Orders
2026-01-30 18:31:23 [main] DEBUG org.hibernate.SQL - alter table smashclub.OrderItem add constraint fk_orderItem_to_var foreign key (VariantID) references smashclub.ProductVariant
2026-01-30 18:31:23 [main] DEBUG com.microsoft.sqlserver.jdbc.internals.SQLServerStatement - SQLServerStatement:7 Executing (not server cursor) alter table smashclub.OrderItem add constraint fk_orderItem_to_var foreign key (VariantID) references smashclub.ProductVariant
2026-01-30 18:31:23 [main] DEBUG org.hibernate.SQL - alter table smashclub.Orders add constraint fk_order_to_trans foreign key (TransactionID) references smashclub.Transactions
2026-01-30 18:31:23 [main] DEBUG com.microsoft.sqlserver.jdbc.internals.SQLServerStatement - SQLServerStatement:7 Executing (not server cursor) alter table smashclub.Orders add constraint fk_order_to_trans foreign key (TransactionID) references smashclub.Transactions
2026-01-30 18:31:23 [main] DEBUG org.hibernate.SQL - alter table smashclub.Orders add constraint fk_order_to_user foreign key (UserId) references smashclub.Users
2026-01-30 18:31:23 [main] DEBUG com.microsoft.sqlserver.jdbc.internals.SQLServerStatement - SQLServerStatement:7 Executing (not server cursor) alter table smashclub.Orders add constraint fk_order_to_user foreign key (UserId) references smashclub.Users
2026-01-30 18:31:23 [main] DEBUG org.hibernate.SQL - alter table smashclub.PasswordResetTokens add constraint fk_password_reset_to_user foreign key (UserId) references smashclub.Users
2026-01-30 18:31:23 [main] DEBUG com.microsoft.sqlserver.jdbc.internals.SQLServerStatement - SQLServerStatement:7 Executing (not server cursor) alter table smashclub.PasswordResetTokens add constraint fk_password_reset_to_user foreign key (UserId) references smashclub.Users
2026-01-30 18:31:23 [main] DEBUG org.hibernate.SQL - alter table smashclub.PaymentLog add constraint fk_paymentLog_to_trans foreign key (TransactionID) references smashclub.Transactions
2026-01-30 18:31:23 [main] DEBUG com.microsoft.sqlserver.jdbc.internals.SQLServerStatement - SQLServerStatement:7 Executing (not server cursor) alter table smashclub.PaymentLog add constraint fk_paymentLog_to_trans foreign key (TransactionID) references smashclub.Transactions
2026-01-30 18:31:23 [main] DEBUG org.hibernate.SQL - alter table smashclub.ProductVariant add constraint fk_productVar_to_product foreign key (ProductID) references smashclub.Product
2026-01-30 18:31:23 [main] DEBUG com.microsoft.sqlserver.jdbc.internals.SQLServerStatement - SQLServerStatement:7 Executing (not server cursor) alter table smashclub.ProductVariant add constraint fk_productVar_to_product foreign key (ProductID) references smashclub.Product
2026-01-30 18:31:23 [main] DEBUG org.hibernate.SQL - alter table smashclub.RefundRequest add constraint fk_refundRequest_to_trans foreign key (TransactionID) references smashclub.Transactions
2026-01-30 18:31:23 [main] DEBUG com.microsoft.sqlserver.jdbc.internals.SQLServerStatement - SQLServerStatement:7 Executing (not server cursor) alter table smashclub.RefundRequest add constraint fk_refundRequest_to_trans foreign key (TransactionID) references smashclub.Transactions
2026-01-30 18:31:23 [main] DEBUG org.hibernate.SQL - alter table smashclub.Sessions add constraint fk_session_to_user foreign key (UserId) references smashclub.Users
2026-01-30 18:31:23 [main] DEBUG com.microsoft.sqlserver.jdbc.internals.SQLServerStatement - SQLServerStatement:7 Executing (not server cursor) alter table smashclub.Sessions add constraint fk_session_to_user foreign key (UserId) references smashclub.Users
2026-01-30 18:31:23 [main] DEBUG com.microsoft.sqlserver.jdbc.internals.SQLServerException - *** SQLException: com.microsoft.sqlserver.jdbc.SQLServerException: There is already an object named 'fk_session_to_user' in the database. Msg 2714, Level 16, State 5, There is already an object named 'fk_session_to_user' in the database.
2026-01-30 18:31:23 [main] WARN  org.hibernate.tool.schema.internal.ExceptionHandlerLoggedImpl - GenerationTarget encountered exception accepting command : Error executing DDL "alter table smashclub.Sessions add constraint fk_session_to_user foreign key (UserId) references smashclub.Users" via JDBC [There is already an object named 'fk_session_to_user' in the database.]
org.hibernate.tool.schema.spi.CommandAcceptanceException: Error executing DDL "alter table smashclub.Sessions add constraint fk_session_to_user foreign key (UserId) references smashclub.Users" via JDBC [There is already an object named 'fk_session_to_user' in the database.]
	at org.hibernate.tool.schema.internal.exec.GenerationTargetToDatabase.accept(GenerationTargetToDatabase.java:81)
	at org.hibernate.tool.schema.internal.Helper.applySqlString(Helper.java:218)
	at org.hibernate.tool.schema.internal.Helper.applySqlStrings(Helper.java:204)
	at org.hibernate.tool.schema.internal.SchemaCreatorImpl.createForeignKeys(SchemaCreatorImpl.java:281)
	at org.hibernate.tool.schema.internal.SchemaCreatorImpl.createFromMetadata(SchemaCreatorImpl.java:227)
	at org.hibernate.tool.schema.internal.SchemaCreatorImpl.performCreation(SchemaCreatorImpl.java:151)
	at org.hibernate.tool.schema.internal.SchemaCreatorImpl.doCreation(SchemaCreatorImpl.java:121)
	at org.hibernate.tool.schema.internal.SchemaCreatorImpl.doCreation(SchemaCreatorImpl.java:97)
	at org.hibernate.tool.schema.spi.SchemaManagementToolCoordinator.performDatabaseAction(SchemaManagementToolCoordinator.java:239)
	at org.hibernate.tool.schema.spi.SchemaManagementToolCoordinator.lambda$process$1(SchemaManagementToolCoordinator.java:101)
	at java.base/java.util.HashMap.forEach(HashMap.java:1421)
	at org.hibernate.tool.schema.spi.SchemaManagementToolCoordinator.process(SchemaManagementToolCoordinator.java:100)
	at org.hibernate.boot.internal.SessionFactoryObserverForSchemaExport.sessionFactoryCreated(SessionFactoryObserverForSchemaExport.java:35)
	at org.hibernate.internal.SessionFactoryObserverChain.sessionFactoryCreated(SessionFactoryObserverChain.java:33)
	at org.hibernate.internal.SessionFactoryImpl.<init>(SessionFactoryImpl.java:323)
	at org.hibernate.internal.SessionFactoryRegistry.instantiateSessionFactory(SessionFactoryRegistry.java:64)
	at org.hibernate.boot.internal.SessionFactoryBuilderImpl.build(SessionFactoryBuilderImpl.java:437)
	at org.hibernate.jpa.boot.internal.EntityManagerFactoryBuilderImpl.build(EntityManagerFactoryBuilderImpl.java:1456)
	at org.springframework.orm.jpa.vendor.SpringHibernateJpaPersistenceProvider.createContainerEntityManagerFactory(SpringHibernateJpaPersistenceProvider.java:66)
	at org.springframework.orm.jpa.LocalContainerEntityManagerFactoryBean.createNativeEntityManagerFactory(LocalContainerEntityManagerFactoryBean.java:433)
	at org.springframework.orm.jpa.AbstractEntityManagerFactoryBean.buildNativeEntityManagerFactory(AbstractEntityManagerFactoryBean.java:416)
	at org.springframework.orm.jpa.AbstractEntityManagerFactoryBean.afterPropertiesSet(AbstractEntityManagerFactoryBean.java:396)
	at org.springframework.orm.jpa.LocalContainerEntityManagerFactoryBean.afterPropertiesSet(LocalContainerEntityManagerFactoryBean.java:409)
	at org.springframework.beans.factory.support.AbstractAutowireCapableBeanFactory.invokeInitMethods(AbstractAutowireCapableBeanFactory.java:1864)
	at org.springframework.beans.factory.support.AbstractAutowireCapableBeanFactory.initializeBean(AbstractAutowireCapableBeanFactory.java:1813)
	at org.springframework.beans.factory.support.AbstractAutowireCapableBeanFactory.doCreateBean(AbstractAutowireCapableBeanFactory.java:603)
	at org.springframework.beans.factory.support.AbstractAutowireCapableBeanFactory.createBean(AbstractAutowireCapableBeanFactory.java:525)
	at org.springframework.beans.factory.support.AbstractBeanFactory.lambda$doGetBean$0(AbstractBeanFactory.java:333)
	at org.springframework.beans.factory.support.DefaultSingletonBeanRegistry.getSingleton(DefaultSingletonBeanRegistry.java:371)
	at org.springframework.beans.factory.support.AbstractBeanFactory.doGetBean(AbstractBeanFactory.java:331)
	at org.springframework.beans.factory.support.AbstractBeanFactory.getBean(AbstractBeanFactory.java:201)
	at org.springframework.context.support.AbstractApplicationContext.finishBeanFactoryInitialization(AbstractApplicationContext.java:976)
	at org.springframework.context.support.AbstractApplicationContext.refresh(AbstractApplicationContext.java:620)
	at org.springframework.boot.web.server.servlet.context.ServletWebServerApplicationContext.refresh(ServletWebServerApplicationContext.java:143)
	at org.springframework.boot.SpringApplication.refresh(SpringApplication.java:756)
	at org.springframework.boot.SpringApplication.refreshContext(SpringApplication.java:445)
	at org.springframework.boot.SpringApplication.run(SpringApplication.java:321)
	at org.springframework.boot.test.context.SpringBootContextLoader.lambda$loadContext$2(SpringBootContextLoader.java:156)
	at org.springframework.util.function.ThrowingSupplier.get(ThrowingSupplier.java:58)
	at org.springframework.util.function.ThrowingSupplier.get(ThrowingSupplier.java:46)
	at org.springframework.boot.SpringApplication.withHook(SpringApplication.java:1465)
	at org.springframework.boot.test.context.SpringBootContextLoader$ContextLoaderHook.run(SpringBootContextLoader.java:605)
	at org.springframework.boot.test.context.SpringBootContextLoader.loadContext(SpringBootContextLoader.java:156)
	at org.springframework.boot.test.context.SpringBootContextLoader.loadContext(SpringBootContextLoader.java:115)
	at org.springframework.test.context.cache.DefaultCacheAwareContextLoaderDelegate.loadContextInternal(DefaultCacheAwareContextLoaderDelegate.java:247)
	at org.springframework.test.context.cache.DefaultCacheAwareContextLoaderDelegate.lambda$loadContext$0(DefaultCacheAwareContextLoaderDelegate.java:167)
	at org.springframework.test.context.cache.DefaultContextCache.put(DefaultContextCache.java:172)
	at org.springframework.test.context.cache.DefaultCacheAwareContextLoaderDelegate.loadContext(DefaultCacheAwareContextLoaderDelegate.java:160)
	at org.springframework.test.context.support.DefaultTestContext.getApplicationContext(DefaultTestContext.java:128)
	at org.springframework.test.context.support.DependencyInjectionTestExecutionListener.injectDependencies(DependencyInjectionTestExecutionListener.java:155)
	at org.springframework.test.context.support.DependencyInjectionTestExecutionListener.prepareTestInstance(DependencyInjectionTestExecutionListener.java:111)
	at org.springframework.test.context.TestContextManager.prepareTestInstance(TestContextManager.java:260)
	at org.springframework.test.context.testng.AbstractTestNGSpringContextTests.springTestContextPrepareTestInstance(AbstractTestNGSpringContextTests.java:117)
	at java.base/jdk.internal.reflect.NativeMethodAccessorImpl.invoke0(Native Method)
	at java.base/jdk.internal.reflect.NativeMethodAccessorImpl.invoke(NativeMethodAccessorImpl.java:77)
	at java.base/jdk.internal.reflect.DelegatingMethodAccessorImpl.invoke(DelegatingMethodAccessorImpl.java:43)
	at java.base/java.lang.reflect.Method.invoke(Method.java:568)
	at org.testng.internal.invokers.MethodInvocationHelper.invokeMethod(MethodInvocationHelper.java:141)
	at org.testng.internal.invokers.MethodInvocationHelper.invokeMethodConsideringTimeout(MethodInvocationHelper.java:71)
	at org.testng.internal.invokers.ConfigInvoker.invokeConfigurationMethod(ConfigInvoker.java:400)
	at org.testng.internal.invokers.ConfigInvoker.invokeConfigurations(ConfigInvoker.java:333)
	at org.testng.internal.invokers.TestMethodWorker.invokeBeforeClassMethods(TestMethodWorker.java:188)
	at org.testng.internal.invokers.TestMethodWorker.run(TestMethodWorker.java:128)
	at java.base/java.util.ArrayList.forEach(ArrayList.java:1511)
	at org.testng.TestRunner.privateRun(TestRunner.java:739)
	at org.testng.TestRunner.run(TestRunner.java:614)
	at org.testng.SuiteRunner.runTest(SuiteRunner.java:421)
	at org.testng.SuiteRunner.runSequentially(SuiteRunner.java:413)
	at org.testng.SuiteRunner.privateRun(SuiteRunner.java:373)
	at org.testng.SuiteRunner.run(SuiteRunner.java:312)
	at org.testng.SuiteRunnerWorker.runSuite(SuiteRunnerWorker.java:52)
	at org.testng.SuiteRunnerWorker.run(SuiteRunnerWorker.java:95)
	at org.testng.TestNG.runSuitesSequentially(TestNG.java:1274)
	at org.testng.TestNG.runSuitesLocally(TestNG.java:1208)
	at org.testng.TestNG.runSuites(TestNG.java:1112)
	at org.testng.TestNG.run(TestNG.java:1079)
	at com.intellij.rt.testng.IDEARemoteTestNG.run(IDEARemoteTestNG.java:65)
	at com.intellij.rt.testng.RemoteTestNGStarter.main(RemoteTestNGStarter.java:105)
Caused by: com.microsoft.sqlserver.jdbc.SQLServerException: There is already an object named 'fk_session_to_user' in the database.
	at com.microsoft.sqlserver.jdbc.SQLServerException.makeFromDatabaseError(SQLServerException.java:262)
	at com.microsoft.sqlserver.jdbc.SQLServerStatement.getNextResult(SQLServerStatement.java:1632)
	at com.microsoft.sqlserver.jdbc.SQLServerStatement.doExecuteStatement(SQLServerStatement.java:872)
	at com.microsoft.sqlserver.jdbc.SQLServerStatement$StmtExecCmd.doExecute(SQLServerStatement.java:767)
	at com.microsoft.sqlserver.jdbc.TDSCommand.execute(IOBuffer.java:7418)
	at com.microsoft.sqlserver.jdbc.SQLServerConnection.executeCommand(SQLServerConnection.java:3272)
	at com.microsoft.sqlserver.jdbc.SQLServerStatement.executeCommand(SQLServerStatement.java:247)
	at com.microsoft.sqlserver.jdbc.SQLServerStatement.executeStatement(SQLServerStatement.java:222)
	at com.microsoft.sqlserver.jdbc.SQLServerStatement.execute(SQLServerStatement.java:743)
	at com.zaxxer.hikari.pool.ProxyStatement.execute(ProxyStatement.java:95)
	at com.zaxxer.hikari.pool.HikariProxyStatement.execute(HikariProxyStatement.java)
	at org.hibernate.tool.schema.internal.exec.GenerationTargetToDatabase.accept(GenerationTargetToDatabase.java:76)
	... 77 more
2026-01-30 18:31:23 [main] DEBUG org.hibernate.SQL - alter table smashclub.TransactionLog add constraint FKe8e3ju0ck8vrwlddt247slqg7 foreign key (TransactionID) references smashclub.Transactions
2026-01-30 18:31:23 [main] DEBUG com.microsoft.sqlserver.jdbc.internals.SQLServerStatement - SQLServerStatement:7 Executing (not server cursor) alter table smashclub.TransactionLog add constraint FKe8e3ju0ck8vrwlddt247slqg7 foreign key (TransactionID) references smashclub.Transactions
2026-01-30 18:31:23 [main] DEBUG org.hibernate.SQL - alter table smashclub.Transactions add constraint fk_transaction_to_user foreign key (UserId) references smashclub.Users
2026-01-30 18:31:23 [main] DEBUG com.microsoft.sqlserver.jdbc.internals.SQLServerStatement - SQLServerStatement:7 Executing (not server cursor) alter table smashclub.Transactions add constraint fk_transaction_to_user foreign key (UserId) references smashclub.Users
2026-01-30 18:31:23 [main] DEBUG org.hibernate.SQL - alter table smashclub.Wallet add constraint FKtlkasaiu9at98tf746x7lq748 foreign key (UserId) references smashclub.Users
2026-01-30 18:31:23 [main] DEBUG com.microsoft.sqlserver.jdbc.internals.SQLServerStatement - SQLServerStatement:7 Executing (not server cursor) alter table smashclub.Wallet add constraint FKtlkasaiu9at98tf746x7lq748 foreign key (UserId) references smashclub.Users
2026-01-30 18:31:23 [main] DEBUG org.hibernate.SQL - alter table smashclub.WalletLog add constraint FKnq5wwd2svpxn4a03gl44qox85 foreign key (UserId) references smashclub.Wallet
2026-01-30 18:31:23 [main] DEBUG com.microsoft.sqlserver.jdbc.internals.SQLServerStatement - SQLServerStatement:7 Executing (not server cursor) alter table smashclub.WalletLog add constraint FKnq5wwd2svpxn4a03gl44qox85 foreign key (UserId) references smashclub.Wallet
2026-01-30 18:31:23 [main] DEBUG org.hibernate.orm.factoryRegistry - HHH020384: Registering SessionFactory [91637650-1a3f-47de-9fd5-f1d3c6e7c9dc] (default)
2026-01-30 18:31:23 [main] INFO  org.springframework.orm.jpa.LocalContainerEntityManagerFactoryBean - Initialized JPA EntityManagerFactory for persistence unit 'default'
2026-01-30 18:31:23 [main] DEBUG org.springframework.beans.factory.support.DefaultListableBeanFactory - Creating shared instance of singleton bean 'smashclubApplication'
2026-01-30 18:31:23 [main] DEBUG org.springframework.beans.factory.support.DefaultListableBeanFactory - Creating shared instance of singleton bean 'authController'
2026-01-30 18:31:24 [main] DEBUG org.springframework.beans.factory.support.DefaultListableBeanFactory - Creating shared instance of singleton bean 'authService'
2026-01-30 18:31:24 [main] DEBUG org.springframework.beans.factory.support.DefaultListableBeanFactory - Creating shared instance of singleton bean 'logConfig'
2026-01-30 18:31:24 [main] DEBUG org.springframework.core.env.PropertySourcesPropertyResolver - Found key 'log.enable' in PropertySource 'environmentProperties' with value of type String
2026-01-30 18:31:24 [main] DEBUG org.springframework.beans.factory.support.DefaultListableBeanFactory - Creating shared instance of singleton bean 'SMTPConfig'
2026-01-30 18:31:24 [main] INFO  org.springframework.beans.factory.annotation.AutowiredAnnotationBeanPostProcessor - Autowired annotation is not supported on static methods: private static void com.backendsyndicate.smashclub.common.config.SMTPConfig.setSmtpTimeout(int)
2026-01-30 18:31:24 [main] DEBUG org.springframework.core.env.PropertySourcesPropertyResolver - Found key 'email.host' in PropertySource 'environmentProperties' with value of type String
2026-01-30 18:31:24 [main] DEBUG org.springframework.core.env.PropertySourcesPropertyResolver - Found key 'email.port' in PropertySource 'environmentProperties' with value of type String
2026-01-30 18:31:24 [main] DEBUG org.springframework.core.env.PropertySourcesPropertyResolver - Found key 'email.password' in PropertySource 'environmentProperties' with value of type String
2026-01-30 18:31:24 [main] DEBUG org.springframework.core.env.PropertySourcesPropertyResolver - Found key 'email.smtp.socket.factory.class' in PropertySource 'environmentProperties' with value of type String
2026-01-30 18:31:24 [main] DEBUG org.springframework.core.env.PropertySourcesPropertyResolver - Found key 'email.username' in PropertySource 'environmentProperties' with value of type String
2026-01-30 18:31:24 [main] DEBUG org.springframework.core.env.PropertySourcesPropertyResolver - Found key 'email.auth' in PropertySource 'environmentProperties' with value of type String
2026-01-30 18:31:24 [main] DEBUG org.springframework.core.env.PropertySourcesPropertyResolver - Found key 'email.starttls.enable' in PropertySource 'environmentProperties' with value of type String
2026-01-30 18:31:24 [main] DEBUG org.springframework.core.env.PropertySourcesPropertyResolver - Found key 'email.port.tls' in PropertySource 'environmentProperties' with value of type String
2026-01-30 18:31:24 [main] DEBUG org.springframework.core.env.PropertySourcesPropertyResolver - Found key 'email.port.ssl' in PropertySource 'environmentProperties' with value of type String
2026-01-30 18:31:24 [main] DEBUG org.springframework.beans.factory.support.DefaultListableBeanFactory - Creating shared instance of singleton bean 'globalExceptionHandler'
2026-01-30 18:31:24 [main] DEBUG org.springframework.beans.factory.support.DefaultListableBeanFactory - Creating shared instance of singleton bean 'securityConfiguration'
2026-01-30 18:31:24 [main] DEBUG org.springframework.beans.factory.support.DefaultListableBeanFactory - Creating shared instance of singleton bean 'transactionController'
2026-01-30 18:31:24 [main] DEBUG org.springframework.beans.factory.support.DefaultListableBeanFactory - Creating shared instance of singleton bean 'paymentService'
2026-01-30 18:31:24 [main] DEBUG org.springframework.beans.factory.support.DefaultListableBeanFactory - Creating shared instance of singleton bean 'transactionRepo'
2026-01-30 18:31:24 [main] DEBUG org.springframework.beans.factory.support.DefaultListableBeanFactory - Creating shared instance of singleton bean 'jpa.named-queries#4'
2026-01-30 18:31:24 [main] DEBUG org.springframework.beans.factory.support.DefaultListableBeanFactory - Creating shared instance of singleton bean 'jpa.TransactionRepo.fragments#0'
2026-01-30 18:31:24 [main] DEBUG org.springframework.beans.factory.support.DefaultListableBeanFactory - Creating shared instance of singleton bean 'jpaSharedEM_entityManagerFactory'
2026-01-30 18:31:24 [main] DEBUG org.springframework.beans.factory.support.DefaultListableBeanFactory - Creating shared instance of singleton bean 'jpaMappingContext'
2026-01-30 18:31:24 [main] DEBUG org.springframework.data.jpa.repository.config.JpaMetamodelMappingContextFactoryBean - Initializing JpaMetamodelMappingContext…
2026-01-30 18:31:24 [main] DEBUG org.springframework.data.jpa.repository.config.JpaMetamodelMappingContextFactoryBean - Finished initializing JpaMetamodelMappingContext
2026-01-30 18:31:24 [main] INFO  org.springframework.data.jpa.repository.query.QueryEnhancerFactories - Hibernate is in classpath; If applicable, HQL parser will be used.
2026-01-30 18:31:24 [main] DEBUG org.springframework.data.repository.core.support.RepositoryFactorySupport - Initializing repository instance for com.backendsyndicate.smashclub.payment.repo.TransactionRepo…
2026-01-30 18:31:24 [main] DEBUG org.springframework.data.jpa.repository.query.NamedQuery - Looking up named query 'Transaction.findByCreatedAtBetween'
2026-01-30 18:31:24 [main] DEBUG org.hibernate.orm.core - HHH006588: Opening session [tenant=null]
2026-01-30 18:31:24 [main] DEBUG org.hibernate.session.metrics - HHH000401: Logging session metrics:
	0 ns acquiring 0 JDBC connections
	0 ns releasing 0 JDBC connections
	0 ns preparing 0 JDBC statements
	0 ns executing 0 JDBC statements
	0 ns executing 0 JDBC batches
	0 ns performing 0 second-level cache puts
	0 ns performing 0 second-level cache hits
	0 ns performing 0 second-level cache misses
	0 ns executing 0 flushes (flushing a total of 0 entities and 0 collections)
	0 ns executing 0 pre-partial-flushes
	0 ns executing 0 partial-flushes (flushing a total of 0 entities and 0 collections)

2026-01-30 18:31:24 [main] DEBUG org.springframework.data.jpa.repository.query.NamedQuery - Did not find named query Transaction.findByCreatedAtBetween
2026-01-30 18:31:24 [main] DEBUG org.springframework.data.jpa.repository.query.NamedQuery - Looking up named query 'Transaction.findByTransactionCode'
2026-01-30 18:31:24 [main] DEBUG org.hibernate.orm.core - HHH006588: Opening session [tenant=null]
2026-01-30 18:31:24 [main] DEBUG org.hibernate.session.metrics - HHH000401: Logging session metrics:
	0 ns acquiring 0 JDBC connections
	0 ns releasing 0 JDBC connections
	0 ns preparing 0 JDBC statements
	0 ns executing 0 JDBC statements
	0 ns executing 0 JDBC batches
	0 ns performing 0 second-level cache puts
	0 ns performing 0 second-level cache hits
	0 ns performing 0 second-level cache misses
	0 ns executing 0 flushes (flushing a total of 0 entities and 0 collections)
	0 ns executing 0 pre-partial-flushes
	0 ns executing 0 partial-flushes (flushing a total of 0 entities and 0 collections)

2026-01-30 18:31:24 [main] DEBUG org.springframework.data.jpa.repository.query.NamedQuery - Did not find named query Transaction.findByTransactionCode
2026-01-30 18:31:24 [main] DEBUG org.hibernate.orm.core - HHH006588: Opening session [tenant=null]
2026-01-30 18:31:24 [main] DEBUG org.hibernate.session.metrics - HHH000401: Logging session metrics:
	0 ns acquiring 0 JDBC connections
	0 ns releasing 0 JDBC connections
	0 ns preparing 0 JDBC statements
	0 ns executing 0 JDBC statements
	0 ns executing 0 JDBC batches
	0 ns performing 0 second-level cache puts
	0 ns performing 0 second-level cache hits
	0 ns performing 0 second-level cache misses
	0 ns executing 0 flushes (flushing a total of 0 entities and 0 collections)
	0 ns executing 0 pre-partial-flushes
	0 ns executing 0 partial-flushes (flushing a total of 0 entities and 0 collections)

2026-01-30 18:31:24 [main] DEBUG org.springframework.data.jpa.repository.query.NamedQuery - Did not find named query Transaction.countTodayTransaction.count
2026-01-30 18:31:25 [main] DEBUG org.hibernate.orm.core - HHH006588: Opening session [tenant=null]
2026-01-30 18:31:26 [main] DEBUG org.hibernate.session.metrics - HHH000401: Logging session metrics:
	0 ns acquiring 0 JDBC connections
	0 ns releasing 0 JDBC connections
	0 ns preparing 0 JDBC statements
	0 ns executing 0 JDBC statements
	0 ns executing 0 JDBC batches
	0 ns performing 0 second-level cache puts
	0 ns performing 0 second-level cache hits
	0 ns performing 0 second-level cache misses
	0 ns executing 0 flushes (flushing a total of 0 entities and 0 collections)
	0 ns executing 0 pre-partial-flushes
	0 ns executing 0 partial-flushes (flushing a total of 0 entities and 0 collections)

2026-01-30 18:31:26 [main] DEBUG org.springframework.data.repository.core.support.RepositoryFactorySupport - Finished creation of repository instance for com.backendsyndicate.smashclub.payment.repo.TransactionRepo.
2026-01-30 18:31:26 [main] DEBUG org.springframework.beans.factory.support.DefaultListableBeanFactory - Creating shared instance of singleton bean 'transactionLogRepo'
2026-01-30 18:31:26 [main] DEBUG org.springframework.beans.factory.support.DefaultListableBeanFactory - Creating shared instance of singleton bean 'jpa.named-queries#3'
2026-01-30 18:31:26 [main] DEBUG org.springframework.beans.factory.support.DefaultListableBeanFactory - Creating shared instance of singleton bean 'jpa.TransactionLogRepo.fragments#0'
2026-01-30 18:31:26 [main] DEBUG org.springframework.data.repository.core.support.RepositoryFactorySupport - Initializing repository instance for com.backendsyndicate.smashclub.payment.repo.TransactionLogRepo…
2026-01-30 18:31:26 [main] DEBUG org.springframework.data.jpa.repository.query.NamedQuery - Looking up named query 'TransactionLog.findByCreatedAtBetween'
2026-01-30 18:31:26 [main] DEBUG org.hibernate.orm.core - HHH006588: Opening session [tenant=null]
2026-01-30 18:31:26 [main] DEBUG org.hibernate.session.metrics - HHH000401: Logging session metrics:
	0 ns acquiring 0 JDBC connections
	0 ns releasing 0 JDBC connections
	0 ns preparing 0 JDBC statements
	0 ns executing 0 JDBC statements
	0 ns executing 0 JDBC batches
	0 ns performing 0 second-level cache puts
	0 ns performing 0 second-level cache hits
	0 ns performing 0 second-level cache misses
	0 ns executing 0 flushes (flushing a total of 0 entities and 0 collections)
	0 ns executing 0 pre-partial-flushes
	0 ns executing 0 partial-flushes (flushing a total of 0 entities and 0 collections)

2026-01-30 18:31:26 [main] DEBUG org.springframework.data.jpa.repository.query.NamedQuery - Did not find named query TransactionLog.findByCreatedAtBetween
2026-01-30 18:31:26 [main] DEBUG org.springframework.data.repository.core.support.RepositoryFactorySupport - Finished creation of repository instance for com.backendsyndicate.smashclub.payment.repo.TransactionLogRepo.
2026-01-30 18:31:26 [main] DEBUG org.springframework.beans.factory.support.DefaultListableBeanFactory - Creating shared instance of singleton bean 'refundRequestRepo'
2026-01-30 18:31:26 [main] DEBUG org.springframework.beans.factory.support.DefaultListableBeanFactory - Creating shared instance of singleton bean 'jpa.named-queries#0'
2026-01-30 18:31:26 [main] DEBUG org.springframework.beans.factory.support.DefaultListableBeanFactory - Creating shared instance of singleton bean 'jpa.RefundRequestRepo.fragments#0'
2026-01-30 18:31:26 [main] DEBUG org.springframework.data.repository.core.support.RepositoryFactorySupport - Initializing repository instance for com.backendsyndicate.smashclub.payment.repo.RefundRequestRepo…
2026-01-30 18:31:26 [main] DEBUG org.springframework.data.repository.core.support.RepositoryFactorySupport - Finished creation of repository instance for com.backendsyndicate.smashclub.payment.repo.RefundRequestRepo.
2026-01-30 18:31:26 [main] DEBUG org.springframework.beans.factory.support.DefaultListableBeanFactory - Creating shared instance of singleton bean 'transactionService'
2026-01-30 18:31:26 [main] DEBUG org.springframework.beans.factory.support.DefaultListableBeanFactory - Creating shared instance of singleton bean 'walletController'
2026-01-30 18:31:26 [main] DEBUG org.springframework.beans.factory.support.DefaultListableBeanFactory - Creating shared instance of singleton bean 'walletService'
2026-01-30 18:31:26 [main] DEBUG org.springframework.beans.factory.support.DefaultListableBeanFactory - Creating shared instance of singleton bean 'walletRepo'
2026-01-30 18:31:26 [main] DEBUG org.springframework.beans.factory.support.DefaultListableBeanFactory - Creating shared instance of singleton bean 'jpa.named-queries#1'
2026-01-30 18:31:26 [main] DEBUG org.springframework.beans.factory.support.DefaultListableBeanFactory - Creating shared instance of singleton bean 'jpa.WalletRepo.fragments#0'
2026-01-30 18:31:26 [main] DEBUG org.springframework.data.repository.core.support.RepositoryFactorySupport - Initializing repository instance for com.backendsyndicate.smashclub.payment.repo.WalletRepo…
2026-01-30 18:31:26 [main] DEBUG org.springframework.data.jpa.repository.query.NamedQuery - Looking up named query 'Wallet.findByUserId'
2026-01-30 18:31:26 [main] DEBUG org.hibernate.orm.core - HHH006588: Opening session [tenant=null]
2026-01-30 18:31:26 [main] DEBUG org.hibernate.session.metrics - HHH000401: Logging session metrics:
	0 ns acquiring 0 JDBC connections
	0 ns releasing 0 JDBC connections
	0 ns preparing 0 JDBC statements
	0 ns executing 0 JDBC statements
	0 ns executing 0 JDBC batches
	0 ns performing 0 second-level cache puts
	0 ns performing 0 second-level cache hits
	0 ns performing 0 second-level cache misses
	0 ns executing 0 flushes (flushing a total of 0 entities and 0 collections)
	0 ns executing 0 pre-partial-flushes
	0 ns executing 0 partial-flushes (flushing a total of 0 entities and 0 collections)

2026-01-30 18:31:26 [main] DEBUG org.springframework.data.jpa.repository.query.NamedQuery - Did not find named query Wallet.findByUserId
2026-01-30 18:31:26 [main] DEBUG org.springframework.data.repository.core.support.RepositoryFactorySupport - Finished creation of repository instance for com.backendsyndicate.smashclub.payment.repo.WalletRepo.
2026-01-30 18:31:26 [main] DEBUG org.springframework.beans.factory.support.DefaultListableBeanFactory - Creating shared instance of singleton bean 'walletLogRepo'
2026-01-30 18:31:26 [main] DEBUG org.springframework.beans.factory.support.DefaultListableBeanFactory - Creating shared instance of singleton bean 'jpa.named-queries#2'
2026-01-30 18:31:26 [main] DEBUG org.springframework.beans.factory.support.DefaultListableBeanFactory - Creating shared instance of singleton bean 'jpa.WalletLogRepo.fragments#0'
2026-01-30 18:31:26 [main] DEBUG org.springframework.data.repository.core.support.RepositoryFactorySupport - Initializing repository instance for com.backendsyndicate.smashclub.payment.repo.WalletLogRepo…
2026-01-30 18:31:26 [main] DEBUG org.springframework.data.jpa.repository.query.NamedQuery - Looking up named query 'WalletLog.findByWallet_UserIdAndCreatedAtBetween'
2026-01-30 18:31:26 [main] DEBUG org.hibernate.orm.core - HHH006588: Opening session [tenant=null]
2026-01-30 18:31:26 [main] DEBUG org.hibernate.session.metrics - HHH000401: Logging session metrics:
	0 ns acquiring 0 JDBC connections
	0 ns releasing 0 JDBC connections
	0 ns preparing 0 JDBC statements
	0 ns executing 0 JDBC statements
	0 ns executing 0 JDBC batches
	0 ns performing 0 second-level cache puts
	0 ns performing 0 second-level cache hits
	0 ns performing 0 second-level cache misses
	0 ns executing 0 flushes (flushing a total of 0 entities and 0 collections)
	0 ns executing 0 pre-partial-flushes
	0 ns executing 0 partial-flushes (flushing a total of 0 entities and 0 collections)

2026-01-30 18:31:26 [main] DEBUG org.springframework.data.jpa.repository.query.NamedQuery - Did not find named query WalletLog.findByWallet_UserIdAndCreatedAtBetween
2026-01-30 18:31:26 [main] DEBUG org.springframework.data.repository.core.support.RepositoryFactorySupport - Finished creation of repository instance for com.backendsyndicate.smashclub.payment.repo.WalletLogRepo.
2026-01-30 18:31:26 [main] DEBUG org.springframework.beans.factory.support.DefaultListableBeanFactory - Creating shared instance of singleton bean 'paymentHelper'
2026-01-30 18:31:26 [main] DEBUG org.springframework.beans.factory.support.DefaultListableBeanFactory - Creating shared instance of singleton bean 'org.springframework.security.config.annotation.configuration.ObjectPostProcessorConfiguration'
2026-01-30 18:31:26 [main] DEBUG org.springframework.beans.factory.support.DefaultListableBeanFactory - Creating shared instance of singleton bean 'objectPostProcessor'
2026-01-30 18:31:26 [main] DEBUG org.springframework.beans.factory.support.DefaultListableBeanFactory - Autowiring by type from bean name 'objectPostProcessor' via factory method to bean named 'org.springframework.beans.factory.support.DefaultListableBeanFactory@26586b74'
2026-01-30 18:31:26 [main] DEBUG org.springframework.beans.factory.support.DefaultListableBeanFactory - Creating shared instance of singleton bean 'org.springframework.security.config.annotation.authentication.configuration.AuthenticationConfiguration'
2026-01-30 18:31:26 [main] DEBUG org.springframework.beans.factory.support.DefaultListableBeanFactory - Creating shared instance of singleton bean 'enableGlobalAuthenticationAutowiredConfigurer'
2026-01-30 18:31:26 [main] DEBUG org.springframework.beans.factory.support.DefaultListableBeanFactory - Autowiring by type from bean name 'enableGlobalAuthenticationAutowiredConfigurer' via factory method to bean named 'org.springframework.boot.web.server.servlet.context.AnnotationConfigServletWebServerApplicationContext@6f38a289'
2026-01-30 18:31:26 [main] DEBUG org.springframework.beans.factory.support.DefaultListableBeanFactory - Creating shared instance of singleton bean 'initializeUserDetailsBeanManagerConfigurer'
2026-01-30 18:31:26 [main] DEBUG org.springframework.beans.factory.support.DefaultListableBeanFactory - Autowiring by type from bean name 'initializeUserDetailsBeanManagerConfigurer' via factory method to bean named 'org.springframework.boot.web.server.servlet.context.AnnotationConfigServletWebServerApplicationContext@6f38a289'
2026-01-30 18:31:26 [main] DEBUG org.springframework.beans.factory.support.DefaultListableBeanFactory - Creating shared instance of singleton bean 'initializeAuthenticationProviderBeanManagerConfigurer'
2026-01-30 18:31:26 [main] DEBUG org.springframework.beans.factory.support.DefaultListableBeanFactory - Autowiring by type from bean name 'initializeAuthenticationProviderBeanManagerConfigurer' via factory method to bean named 'org.springframework.boot.web.server.servlet.context.AnnotationConfigServletWebServerApplicationContext@6f38a289'
2026-01-30 18:31:26 [main] DEBUG org.springframework.beans.factory.support.DefaultListableBeanFactory - Creating shared instance of singleton bean 'authenticationManagerBuilder'
2026-01-30 18:31:26 [main] DEBUG org.springframework.beans.factory.support.DefaultListableBeanFactory - Autowiring by type from bean name 'authenticationManagerBuilder' via factory method to bean named 'objectPostProcessor'
2026-01-30 18:31:26 [main] DEBUG org.springframework.beans.factory.support.DefaultListableBeanFactory - Autowiring by type from bean name 'authenticationManagerBuilder' via factory method to bean named 'org.springframework.boot.web.server.servlet.context.AnnotationConfigServletWebServerApplicationContext@6f38a289'
2026-01-30 18:31:26 [main] DEBUG org.springframework.beans.factory.support.DefaultListableBeanFactory - Creating shared instance of singleton bean 'authenticationEventPublisher'
2026-01-30 18:31:26 [main] DEBUG org.springframework.beans.factory.support.DefaultListableBeanFactory - Creating shared instance of singleton bean 'org.springframework.boot.security.autoconfigure.SecurityAutoConfiguration'
2026-01-30 18:31:26 [main] DEBUG org.springframework.beans.factory.support.DefaultListableBeanFactory - Autowiring by type from bean name 'authenticationEventPublisher' via factory method to bean named 'org.springframework.boot.web.server.servlet.context.AnnotationConfigServletWebServerApplicationContext@6f38a289'
2026-01-30 18:31:26 [main] DEBUG org.springframework.beans.factory.support.DefaultListableBeanFactory - Creating shared instance of singleton bean 'org.springframework.security.config.annotation.web.configuration.WebSecurityConfiguration'
2026-01-30 18:31:26 [main] DEBUG org.springframework.beans.factory.support.DefaultListableBeanFactory - Creating shared instance of singleton bean 'filterChainDecoratorPostProcessor'
2026-01-30 18:31:26 [main] DEBUG org.springframework.beans.factory.support.DefaultListableBeanFactory - Creating shared instance of singleton bean 'securityFilterChain'
2026-01-30 18:31:26 [main] DEBUG org.springframework.beans.factory.support.DefaultListableBeanFactory - Creating shared instance of singleton bean 'org.springframework.security.config.annotation.web.configuration.HttpSecurityConfiguration'
2026-01-30 18:31:26 [main] DEBUG org.springframework.beans.factory.support.DefaultListableBeanFactory - Creating shared instance of singleton bean 'mvcContentNegotiationManager'
2026-01-30 18:31:26 [main] DEBUG org.springframework.beans.factory.support.DefaultListableBeanFactory - Creating shared instance of singleton bean 'org.springframework.boot.webmvc.autoconfigure.WebMvcAutoConfiguration$EnableWebMvcConfiguration'
2026-01-30 18:31:26 [main] DEBUG org.springframework.beans.factory.support.DefaultListableBeanFactory - Autowiring by type from bean name 'org.springframework.boot.webmvc.autoconfigure.WebMvcAutoConfiguration$EnableWebMvcConfiguration' via constructor to bean named 'spring.mvc-org.springframework.boot.webmvc.autoconfigure.WebMvcProperties'
2026-01-30 18:31:26 [main] DEBUG org.springframework.beans.factory.support.DefaultListableBeanFactory - Autowiring by type from bean name 'org.springframework.boot.webmvc.autoconfigure.WebMvcAutoConfiguration$EnableWebMvcConfiguration' via constructor to bean named 'spring.web-org.springframework.boot.autoconfigure.web.WebProperties'
2026-01-30 18:31:26 [main] DEBUG org.springframework.beans.factory.support.DefaultListableBeanFactory - Autowiring by type from bean name 'org.springframework.boot.webmvc.autoconfigure.WebMvcAutoConfiguration$EnableWebMvcConfiguration' via constructor to bean named 'org.springframework.beans.factory.support.DefaultListableBeanFactory@26586b74'
2026-01-30 18:31:26 [main] DEBUG org.springframework.beans.factory.support.DefaultListableBeanFactory - Creating shared instance of singleton bean 'org.springframework.security.config.annotation.web.configuration.WebMvcSecurityConfiguration'
2026-01-30 18:31:26 [main] DEBUG org.springframework.beans.factory.support.DefaultListableBeanFactory - Creating shared instance of singleton bean 'org.springframework.security.config.annotation.method.configuration.AuthorizationProxyWebConfiguration'
2026-01-30 18:31:26 [main] DEBUG org.springframework.beans.factory.support.DefaultListableBeanFactory - Creating shared instance of singleton bean 'org.springframework.boot.webmvc.autoconfigure.WebMvcAutoConfiguration$WebMvcAutoConfigurationAdapter'
2026-01-30 18:31:26 [main] DEBUG org.springframework.beans.factory.support.DefaultListableBeanFactory - Autowiring by type from bean name 'org.springframework.boot.webmvc.autoconfigure.WebMvcAutoConfiguration$WebMvcAutoConfigurationAdapter' via constructor to bean named 'spring.web-org.springframework.boot.autoconfigure.web.WebProperties'
2026-01-30 18:31:26 [main] DEBUG org.springframework.beans.factory.support.DefaultListableBeanFactory - Autowiring by type from bean name 'org.springframework.boot.webmvc.autoconfigure.WebMvcAutoConfiguration$WebMvcAutoConfigurationAdapter' via constructor to bean named 'spring.mvc-org.springframework.boot.webmvc.autoconfigure.WebMvcProperties'
2026-01-30 18:31:26 [main] DEBUG org.springframework.beans.factory.support.DefaultListableBeanFactory - Autowiring by type from bean name 'org.springframework.boot.webmvc.autoconfigure.WebMvcAutoConfiguration$WebMvcAutoConfigurationAdapter' via constructor to bean named 'org.springframework.beans.factory.support.DefaultListableBeanFactory@26586b74'
2026-01-30 18:31:26 [main] DEBUG org.springframework.beans.factory.support.DefaultListableBeanFactory - Creating shared instance of singleton bean 'org.springframework.data.web.config.SpringDataWebConfiguration'
2026-01-30 18:31:26 [main] DEBUG org.springframework.beans.factory.support.DefaultListableBeanFactory - Autowiring by type from bean name 'org.springframework.data.web.config.SpringDataWebConfiguration' via constructor to bean named 'org.springframework.boot.web.server.servlet.context.AnnotationConfigServletWebServerApplicationContext@6f38a289'
2026-01-30 18:31:26 [main] DEBUG org.springframework.beans.factory.support.DefaultListableBeanFactory - Creating shared instance of singleton bean 'openEntityManagerInViewInterceptorConfigurer'
2026-01-30 18:31:26 [main] DEBUG org.springframework.beans.factory.support.DefaultListableBeanFactory - Creating shared instance of singleton bean 'org.springframework.boot.jpa.autoconfigure.JpaBaseConfiguration$JpaWebConfiguration'
2026-01-30 18:31:26 [main] DEBUG org.springframework.beans.factory.support.DefaultListableBeanFactory - Autowiring by type from bean name 'org.springframework.boot.jpa.autoconfigure.JpaBaseConfiguration$JpaWebConfiguration' via constructor to bean named 'spring.jpa-org.springframework.boot.jpa.autoconfigure.JpaProperties'
2026-01-30 18:31:26 [main] DEBUG org.springframework.beans.factory.support.DefaultListableBeanFactory - Creating shared instance of singleton bean 'openEntityManagerInViewInterceptor'
2026-01-30 18:31:26 [main] WARN  org.springframework.boot.jpa.autoconfigure.JpaBaseConfiguration$JpaWebConfiguration - spring.jpa.open-in-view is enabled by default. Therefore, database queries may be performed during view rendering. Explicitly configure spring.jpa.open-in-view to disable this warning
2026-01-30 18:31:26 [main] DEBUG org.springframework.beans.factory.support.DefaultListableBeanFactory - Autowiring by type from bean name 'openEntityManagerInViewInterceptorConfigurer' via factory method to bean named 'openEntityManagerInViewInterceptor'
2026-01-30 18:31:26 [main] DEBUG org.springframework.beans.factory.support.DefaultListableBeanFactory - Creating shared instance of singleton bean 'stringHttpMessageConvertersCustomizer'
2026-01-30 18:31:26 [main] DEBUG org.springframework.beans.factory.support.DefaultListableBeanFactory - Creating shared instance of singleton bean 'org.springframework.boot.http.converter.autoconfigure.HttpMessageConvertersAutoConfiguration$StringHttpMessageConverterConfiguration'
2026-01-30 18:31:26 [main] DEBUG org.springframework.beans.factory.support.DefaultListableBeanFactory - Creating shared instance of singleton bean 'spring.http.converters-org.springframework.boot.http.converter.autoconfigure.HttpMessageConvertersProperties'
2026-01-30 18:31:26 [main] DEBUG org.springframework.beans.factory.support.DefaultListableBeanFactory - Autowiring by type from bean name 'stringHttpMessageConvertersCustomizer' via factory method to bean named 'spring.http.converters-org.springframework.boot.http.converter.autoconfigure.HttpMessageConvertersProperties'
2026-01-30 18:31:26 [main] DEBUG org.springframework.beans.factory.support.DefaultListableBeanFactory - Creating shared instance of singleton bean 'jacksonJsonHttpMessageConvertersCustomizer'
2026-01-30 18:31:26 [main] DEBUG org.springframework.beans.factory.support.DefaultListableBeanFactory - Creating shared instance of singleton bean 'org.springframework.boot.http.converter.autoconfigure.JacksonHttpMessageConvertersConfiguration$JacksonJsonHttpMessageConverterConfiguration'
2026-01-30 18:31:26 [main] DEBUG org.springframework.beans.factory.support.DefaultListableBeanFactory - Creating shared instance of singleton bean 'jacksonJsonMapper'
2026-01-30 18:31:26 [main] DEBUG org.springframework.beans.factory.support.DefaultListableBeanFactory - Creating shared instance of singleton bean 'org.springframework.boot.jackson.autoconfigure.JacksonAutoConfiguration'
2026-01-30 18:31:26 [main] DEBUG org.springframework.beans.factory.support.DefaultListableBeanFactory - Creating shared instance of singleton bean 'problemDetailJsonMapperBuilderCustomizer'
2026-01-30 18:31:26 [main] DEBUG org.springframework.beans.factory.support.DefaultListableBeanFactory - Creating shared instance of singleton bean 'org.springframework.boot.jackson.autoconfigure.JacksonAutoConfiguration$JsonProblemDetailsConfiguration'
2026-01-30 18:31:26 [main] DEBUG org.springframework.beans.factory.support.DefaultListableBeanFactory - Creating shared instance of singleton bean 'standardJsonMapperBuilderCustomizer'
2026-01-30 18:31:26 [main] DEBUG org.springframework.beans.factory.support.DefaultListableBeanFactory - Creating shared instance of singleton bean 'org.springframework.boot.jackson.autoconfigure.JacksonAutoConfiguration$JacksonJsonMapperBuilderCustomizerConfiguration'
2026-01-30 18:31:26 [main] DEBUG org.springframework.beans.factory.support.DefaultListableBeanFactory - Creating shared instance of singleton bean 'spring.jackson-org.springframework.boot.jackson.autoconfigure.JacksonProperties'
2026-01-30 18:31:26 [main] DEBUG org.springframework.beans.factory.support.DefaultListableBeanFactory - Autowiring by type from bean name 'standardJsonMapperBuilderCustomizer' via factory method to bean named 'spring.jackson-org.springframework.boot.jackson.autoconfigure.JacksonProperties'
2026-01-30 18:31:26 [main] DEBUG org.springframework.beans.factory.support.DefaultListableBeanFactory - Creating shared instance of singleton bean 'jackson3GeoModule'
2026-01-30 18:31:26 [main] DEBUG org.springframework.beans.factory.support.DefaultListableBeanFactory - Creating shared instance of singleton bean 'org.springframework.data.web.config.SpringDataJackson3Configuration'
2026-01-30 18:31:26 [main] DEBUG org.springframework.beans.factory.support.DefaultListableBeanFactory - Creating shared instance of singleton bean 'springDataWebSettings'
2026-01-30 18:31:26 [main] DEBUG org.springframework.beans.factory.support.DefaultListableBeanFactory - Creating shared instance of singleton bean 'org.springframework.boot.data.autoconfigure.web.DataWebAutoConfiguration'
2026-01-30 18:31:26 [main] DEBUG org.springframework.beans.factory.support.DefaultListableBeanFactory - Creating shared instance of singleton bean 'spring.data.web-org.springframework.boot.data.autoconfigure.web.DataWebProperties'
2026-01-30 18:31:26 [main] DEBUG org.springframework.beans.factory.support.DefaultListableBeanFactory - Autowiring by type from bean name 'org.springframework.boot.data.autoconfigure.web.DataWebAutoConfiguration' via constructor to bean named 'spring.data.web-org.springframework.boot.data.autoconfigure.web.DataWebProperties'
2026-01-30 18:31:26 [main] DEBUG org.springframework.beans.factory.support.DefaultListableBeanFactory - Creating shared instance of singleton bean 'jackson3pageModule'
2026-01-30 18:31:26 [main] DEBUG org.springframework.beans.factory.support.DefaultListableBeanFactory - Creating shared instance of singleton bean 'jacksonMixinModule'
2026-01-30 18:31:26 [main] DEBUG org.springframework.beans.factory.support.DefaultListableBeanFactory - Creating shared instance of singleton bean 'org.springframework.boot.jackson.autoconfigure.JacksonAutoConfiguration$JacksonMixinConfiguration'
2026-01-30 18:31:26 [main] DEBUG org.springframework.beans.factory.support.DefaultListableBeanFactory - Creating shared instance of singleton bean 'jacksonMixinModuleEntries'
2026-01-30 18:31:26 [main] DEBUG org.springframework.beans.factory.support.DefaultListableBeanFactory - Autowiring by type from bean name 'jacksonMixinModuleEntries' via factory method to bean named 'org.springframework.boot.web.server.servlet.context.AnnotationConfigServletWebServerApplicationContext@6f38a289'
2026-01-30 18:31:26 [main] DEBUG org.springframework.beans.factory.support.DefaultListableBeanFactory - Autowiring by type from bean name 'jacksonMixinModule' via factory method to bean named 'org.springframework.boot.web.server.servlet.context.AnnotationConfigServletWebServerApplicationContext@6f38a289'
2026-01-30 18:31:26 [main] DEBUG org.springframework.beans.factory.support.DefaultListableBeanFactory - Autowiring by type from bean name 'jacksonMixinModule' via factory method to bean named 'jacksonMixinModuleEntries'
2026-01-30 18:31:26 [main] DEBUG org.springframework.beans.factory.support.DefaultListableBeanFactory - Creating shared instance of singleton bean 'jsonComponentModule'
2026-01-30 18:31:26 [main] DEBUG org.springframework.beans.factory.support.DefaultListableBeanFactory - Autowiring by type from bean name 'jsonMapperBuilder' via factory method to bean named 'problemDetailJsonMapperBuilderCustomizer'
2026-01-30 18:31:26 [main] DEBUG org.springframework.beans.factory.support.DefaultListableBeanFactory - Autowiring by type from bean name 'jsonMapperBuilder' via factory method to bean named 'standardJsonMapperBuilderCustomizer'
2026-01-30 18:31:26 [main] DEBUG org.springframework.beans.factory.support.DefaultListableBeanFactory - Autowiring by type from bean name 'jacksonJsonMapper' via factory method to bean named 'jsonMapperBuilder'
2026-01-30 18:31:26 [main] DEBUG org.springframework.beans.factory.support.DefaultListableBeanFactory - Autowiring by type from bean name 'jacksonJsonHttpMessageConvertersCustomizer' via factory method to bean named 'jacksonJsonMapper'
2026-01-30 18:31:26 [main] DEBUG org.springframework.beans.factory.support.DefaultListableBeanFactory - Creating shared instance of singleton bean 'serverConvertersCustomizer'
2026-01-30 18:31:26 [main] DEBUG org.springframework.beans.factory.support.DefaultListableBeanFactory - Creating shared instance of singleton bean 'org.springframework.boot.http.converter.autoconfigure.HttpMessageConvertersAutoConfiguration'
2026-01-30 18:31:27 [main] DEBUG org.springframework.beans.factory.support.DefaultListableBeanFactory - Creating shared instance of singleton bean 'inMemoryUserDetailsManager'
2026-01-30 18:31:27 [main] DEBUG org.springframework.beans.factory.support.DefaultListableBeanFactory - Creating shared instance of singleton bean 'org.springframework.boot.security.autoconfigure.UserDetailsServiceAutoConfiguration'
2026-01-30 18:31:27 [main] DEBUG org.springframework.beans.factory.support.DefaultListableBeanFactory - Creating shared instance of singleton bean 'spring.security-org.springframework.boot.security.autoconfigure.SecurityProperties'
2026-01-30 18:31:27 [main] DEBUG org.springframework.beans.factory.support.DefaultListableBeanFactory - Autowiring by type from bean name 'inMemoryUserDetailsManager' via factory method to bean named 'spring.security-org.springframework.boot.security.autoconfigure.SecurityProperties'
2026-01-30 18:31:27 [main] WARN  org.springframework.boot.security.autoconfigure.UserDetailsServiceAutoConfiguration - 

Using generated security password: 022f0e6e-ea1c-4b52-88e6-ec38899a8f78

This generated password is for development use only. Your security configuration must be updated before running your application in production.

2026-01-30 18:31:27 [main] INFO  org.springframework.security.config.annotation.authentication.configuration.InitializeUserDetailsBeanManagerConfigurer$InitializeUserDetailsManagerConfigurer - Global AuthenticationManager configured with UserDetailsService bean with name inMemoryUserDetailsManager
2026-01-30 18:31:27 [main] DEBUG org.springframework.beans.factory.support.DefaultListableBeanFactory - Creating shared instance of singleton bean 'mvcPatternParser'
2026-01-30 18:31:27 [main] DEBUG org.springframework.beans.factory.support.DefaultListableBeanFactory - Autowiring by type from bean name 'securityFilterChain' via factory method to bean named 'org.springframework.security.config.annotation.web.configuration.HttpSecurityConfiguration.httpSecurity'
2026-01-30 18:31:27 [main] DEBUG org.springframework.beans.factory.support.DefaultListableBeanFactory - Creating shared instance of singleton bean 'webAuthorizationManagerPostProcessor'
2026-01-30 18:31:27 [main] DEBUG org.springframework.beans.factory.support.DefaultListableBeanFactory - Creating shared instance of singleton bean 'pathPatternRequestMatcherBuilder'
2026-01-30 18:31:27 [main] DEBUG org.springframework.beans.factory.support.DefaultListableBeanFactory - Creating shared instance of singleton bean 'org.springframework.boot.security.autoconfigure.web.servlet.ServletWebSecurityAutoConfiguration$PathPatternRequestMatcherBuilderConfiguration'
2026-01-30 18:31:27 [main] DEBUG org.springframework.beans.factory.support.DefaultListableBeanFactory - Autowiring by type from bean name 'pathPatternRequestMatcherBuilder' via factory method to bean named 'dispatcherServletRegistration'
2026-01-30 18:31:27 [main] DEBUG org.springframework.beans.factory.support.DefaultListableBeanFactory - Creating shared instance of singleton bean 'authenticationManagerPostProcessor'
2026-01-30 18:31:27 [main] DEBUG org.springframework.security.web.DefaultSecurityFilterChain - Will secure any request with filters: DisableEncodeUrlFilter, WebAsyncManagerIntegrationFilter, SecurityContextHolderFilter, HeaderWriterFilter, LogoutFilter, RequestCacheAwareFilter, SecurityContextHolderAwareRequestFilter, AnonymousAuthenticationFilter, ExceptionTranslationFilter, AuthorizationFilter
2026-01-30 18:31:27 [main] DEBUG org.springframework.beans.factory.support.DefaultListableBeanFactory - Creating shared instance of singleton bean 'delegatingApplicationListener'
2026-01-30 18:31:27 [main] DEBUG org.springframework.beans.factory.support.DefaultListableBeanFactory - Creating shared instance of singleton bean 'springSecurityFilterChain'
2026-01-30 18:31:27 [main] DEBUG org.springframework.beans.factory.support.DefaultListableBeanFactory - Creating shared instance of singleton bean 'webSecurityExpressionHandler'
2026-01-30 18:31:27 [main] DEBUG org.springframework.beans.factory.support.DefaultListableBeanFactory - Creating shared instance of singleton bean 'privilegeEvaluator'
2026-01-30 18:31:27 [main] DEBUG org.springframework.beans.factory.support.DefaultListableBeanFactory - Creating shared instance of singleton bean 'requestDataValueProcessor'
2026-01-30 18:31:27 [main] DEBUG org.springframework.beans.factory.support.DefaultListableBeanFactory - Creating shared instance of singleton bean 'org.springframework.security.config.annotation.web.configuration.ObservationConfiguration'
2026-01-30 18:31:27 [main] DEBUG org.springframework.beans.factory.support.DefaultListableBeanFactory - Creating shared instance of singleton bean '_prePostMethodSecurityConfiguration'
2026-01-30 18:31:27 [main] DEBUG org.springframework.beans.factory.support.DefaultListableBeanFactory - Creating shared instance of singleton bean 'methodAuthorizationManagerPostProcessor'
2026-01-30 18:31:27 [main] DEBUG org.springframework.beans.factory.support.DefaultListableBeanFactory - Creating shared instance of singleton bean 'methodResultAuthorizationManagerPostProcessor'
2026-01-30 18:31:27 [main] DEBUG org.springframework.beans.factory.support.DefaultListableBeanFactory - Creating shared instance of singleton bean 'prePostAuthorizeExpressionHintsRegistrar'
2026-01-30 18:31:27 [main] DEBUG org.springframework.beans.factory.support.DefaultListableBeanFactory - Creating shared instance of singleton bean 'org.springframework.security.config.annotation.method.configuration.AuthorizationProxyConfiguration'
2026-01-30 18:31:27 [main] DEBUG org.springframework.beans.factory.support.DefaultListableBeanFactory - Creating shared instance of singleton bean 'authorizationProxyFactory'
2026-01-30 18:31:27 [main] DEBUG org.springframework.beans.factory.support.DefaultListableBeanFactory - Creating shared instance of singleton bean 'webTargetVisitor'
2026-01-30 18:31:27 [main] DEBUG org.springframework.beans.factory.support.DefaultListableBeanFactory - Creating shared instance of singleton bean 'authorizeReturnObjectHintsRegistrar'
2026-01-30 18:31:27 [main] DEBUG org.springframework.beans.factory.support.DefaultListableBeanFactory - Autowiring by type from bean name 'authorizeReturnObjectHintsRegistrar' via factory method to bean named 'authorizationProxyFactory'
2026-01-30 18:31:27 [main] DEBUG org.springframework.beans.factory.support.DefaultListableBeanFactory - Creating shared instance of singleton bean 'org.springframework.security.config.annotation.method.configuration.MethodObservationConfiguration'
2026-01-30 18:31:27 [main] DEBUG org.springframework.beans.factory.support.DefaultListableBeanFactory - Creating shared instance of singleton bean 'org.springframework.boot.autoconfigure.context.PropertyPlaceholderAutoConfiguration'
2026-01-30 18:31:27 [main] DEBUG org.springframework.beans.factory.support.DefaultListableBeanFactory - Creating shared instance of singleton bean 'org.springframework.boot.webmvc.autoconfigure.DispatcherServletAutoConfiguration'
2026-01-30 18:31:27 [main] DEBUG org.springframework.beans.factory.support.DefaultListableBeanFactory - Creating shared instance of singleton bean 'org.springframework.boot.autoconfigure.task.TaskExecutorConfigurations$SimpleAsyncTaskExecutorBuilderConfiguration'
2026-01-30 18:31:27 [main] DEBUG org.springframework.beans.factory.support.DefaultListableBeanFactory - Autowiring by type from bean name 'org.springframework.boot.autoconfigure.task.TaskExecutorConfigurations$SimpleAsyncTaskExecutorBuilderConfiguration' via constructor to bean named 'spring.task.execution-org.springframework.boot.autoconfigure.task.TaskExecutionProperties'
2026-01-30 18:31:27 [main] DEBUG org.springframework.beans.factory.support.DefaultListableBeanFactory - Creating shared instance of singleton bean 'simpleAsyncTaskExecutorBuilder'
2026-01-30 18:31:27 [main] DEBUG org.springframework.beans.factory.support.DefaultListableBeanFactory - Creating shared instance of singleton bean 'org.springframework.boot.autoconfigure.task.TaskExecutorConfigurations$AsyncConfigurerConfiguration'
2026-01-30 18:31:27 [main] DEBUG org.springframework.beans.factory.support.DefaultListableBeanFactory - Creating shared instance of singleton bean 'applicationTaskExecutorAsyncConfigurer'
2026-01-30 18:31:27 [main] DEBUG org.springframework.beans.factory.support.DefaultListableBeanFactory - Autowiring by type from bean name 'applicationTaskExecutorAsyncConfigurer' via factory method to bean named 'org.springframework.beans.factory.support.DefaultListableBeanFactory@26586b74'
2026-01-30 18:31:27 [main] DEBUG org.springframework.beans.factory.support.DefaultListableBeanFactory - Creating shared instance of singleton bean 'org.springframework.boot.autoconfigure.task.TaskExecutorConfigurations$BootstrapExecutorConfiguration'
2026-01-30 18:31:27 [main] DEBUG org.springframework.beans.factory.support.DefaultListableBeanFactory - Creating shared instance of singleton bean 'org.springframework.boot.autoconfigure.task.TaskExecutionAutoConfiguration'
2026-01-30 18:31:27 [main] DEBUG org.springframework.beans.factory.support.DefaultListableBeanFactory - Creating shared instance of singleton bean 'org.springframework.boot.validation.autoconfigure.ValidationAutoConfiguration'
2026-01-30 18:31:27 [main] DEBUG org.springframework.beans.factory.support.DefaultListableBeanFactory - Creating shared instance of singleton bean 'defaultValidator'
2026-01-30 18:31:27 [main] DEBUG org.springframework.beans.factory.support.DefaultListableBeanFactory - Autowiring by type from bean name 'defaultValidator' via factory method to bean named 'org.springframework.boot.web.server.servlet.context.AnnotationConfigServletWebServerApplicationContext@6f38a289'
2026-01-30 18:31:27 [main] DEBUG org.hibernate.validator.messageinterpolation.ResourceBundleMessageInterpolator - Loaded expression factory via original TCCL
2026-01-30 18:31:27 [main] DEBUG org.hibernate.validator.internal.engine.AbstractConfigurationImpl - Setting custom MessageInterpolator of type org.springframework.validation.beanvalidation.LocaleContextMessageInterpolator
2026-01-30 18:31:27 [main] DEBUG org.hibernate.validator.internal.engine.AbstractConfigurationImpl - Setting custom ConstraintValidatorFactory of type org.springframework.validation.beanvalidation.SpringConstraintValidatorFactory
2026-01-30 18:31:27 [main] DEBUG org.hibernate.validator.internal.xml.config.ValidationXmlParser - Trying to load META-INF/validation.xml for XML based Validator configuration.
2026-01-30 18:31:27 [main] DEBUG org.hibernate.validator.internal.xml.config.ResourceLoaderHelper - Trying to load META-INF/validation.xml via user class loader
2026-01-30 18:31:27 [main] DEBUG org.hibernate.validator.internal.xml.config.ResourceLoaderHelper - Trying to load META-INF/validation.xml via TCCL
2026-01-30 18:31:27 [main] DEBUG org.hibernate.validator.internal.xml.config.ResourceLoaderHelper - Trying to load META-INF/validation.xml via Hibernate Validator's class loader
2026-01-30 18:31:27 [main] DEBUG org.hibernate.validator.internal.xml.config.ValidationXmlParser - No META-INF/validation.xml found. Using annotation based configuration only.
2026-01-30 18:31:27 [main] DEBUG org.hibernate.validator.internal.engine.resolver.TraversableResolvers - Found jakarta.persistence.Persistence on classpath containing 'getPersistenceUtil'. Assuming Jakarta Persistence environment. Trying to instantiate Jakarta Persistence aware TraversableResolver
2026-01-30 18:31:27 [main] DEBUG org.hibernate.validator.internal.engine.resolver.TraversableResolvers - Instantiated Jakarta Persistence aware TraversableResolver of type org.hibernate.validator.internal.engine.resolver.JPATraversableResolver.
2026-01-30 18:31:27 [main] DEBUG org.hibernate.validator.internal.engine.ValidatorFactoryConfigurationHelper - HV000252: Using org.hibernate.validator.internal.engine.DefaultPropertyNodeNameProvider as property node name provider.
2026-01-30 18:31:27 [main] DEBUG org.hibernate.validator.internal.engine.ValidatorFactoryConfigurationHelper - HV000234: Using org.springframework.validation.beanvalidation.LocaleContextMessageInterpolator as ValidatorFactory-scoped message interpolator.
2026-01-30 18:31:27 [main] DEBUG org.hibernate.validator.internal.engine.ValidatorFactoryConfigurationHelper - HV000234: Using org.hibernate.validator.internal.engine.resolver.JPATraversableResolver as ValidatorFactory-scoped traversable resolver.
2026-01-30 18:31:27 [main] DEBUG org.hibernate.validator.internal.engine.ValidatorFactoryConfigurationHelper - HV000234: Using org.hibernate.validator.internal.util.ExecutableParameterNameProvider as ValidatorFactory-scoped parameter name provider.
2026-01-30 18:31:27 [main] DEBUG org.hibernate.validator.internal.engine.ValidatorFactoryConfigurationHelper - HV000234: Using org.hibernate.validator.internal.engine.DefaultClockProvider as ValidatorFactory-scoped clock provider.
2026-01-30 18:31:27 [main] DEBUG org.hibernate.validator.internal.engine.ValidatorFactoryConfigurationHelper - HV000234: Using org.hibernate.validator.internal.engine.scripting.DefaultScriptEvaluatorFactory as ValidatorFactory-scoped script evaluator factory.
2026-01-30 18:31:27 [main] DEBUG org.springframework.beans.factory.support.DefaultListableBeanFactory - Creating shared instance of singleton bean 'org.springframework.boot.webmvc.autoconfigure.error.ErrorMvcAutoConfiguration$WhitelabelErrorViewConfiguration'
2026-01-30 18:31:27 [main] DEBUG org.springframework.beans.factory.support.DefaultListableBeanFactory - Creating shared instance of singleton bean 'error'
2026-01-30 18:31:27 [main] DEBUG org.springframework.beans.factory.support.DefaultListableBeanFactory - Creating shared instance of singleton bean 'beanNameViewResolver'
2026-01-30 18:31:27 [main] DEBUG org.springframework.beans.factory.support.DefaultListableBeanFactory - Creating shared instance of singleton bean 'org.springframework.boot.webmvc.autoconfigure.error.ErrorMvcAutoConfiguration$DefaultErrorViewResolverConfiguration'
2026-01-30 18:31:27 [main] DEBUG org.springframework.beans.factory.support.DefaultListableBeanFactory - Autowiring by type from bean name 'org.springframework.boot.webmvc.autoconfigure.error.ErrorMvcAutoConfiguration$DefaultErrorViewResolverConfiguration' via constructor to bean named 'org.springframework.boot.web.server.servlet.context.AnnotationConfigServletWebServerApplicationContext@6f38a289'
2026-01-30 18:31:27 [main] DEBUG org.springframework.beans.factory.support.DefaultListableBeanFactory - Autowiring by type from bean name 'org.springframework.boot.webmvc.autoconfigure.error.ErrorMvcAutoConfiguration$DefaultErrorViewResolverConfiguration' via constructor to bean named 'spring.web-org.springframework.boot.autoconfigure.web.WebProperties'
2026-01-30 18:31:27 [main] DEBUG org.springframework.beans.factory.support.DefaultListableBeanFactory - Creating shared instance of singleton bean 'conventionErrorViewResolver'
2026-01-30 18:31:27 [main] DEBUG org.springframework.beans.factory.support.DefaultListableBeanFactory - Creating shared instance of singleton bean 'errorAttributes'
2026-01-30 18:31:27 [main] DEBUG org.springframework.beans.factory.support.DefaultListableBeanFactory - Creating shared instance of singleton bean 'basicErrorController'
2026-01-30 18:31:27 [main] DEBUG org.springframework.beans.factory.support.DefaultListableBeanFactory - Autowiring by type from bean name 'basicErrorController' via factory method to bean named 'errorAttributes'
2026-01-30 18:31:27 [main] DEBUG org.springframework.beans.factory.support.DefaultListableBeanFactory - Creating shared instance of singleton bean 'welcomePageHandlerMapping'
2026-01-30 18:31:27 [main] DEBUG org.springframework.beans.factory.support.DefaultListableBeanFactory - Creating shared instance of singleton bean 'mvcConversionService'
2026-01-30 18:31:27 [main] DEBUG org.springframework.beans.factory.support.DefaultListableBeanFactory - Creating shared instance of singleton bean 'mvcResourceUrlProvider'
2026-01-30 18:31:27 [main] DEBUG org.springframework.beans.factory.support.DefaultListableBeanFactory - Autowiring by type from bean name 'welcomePageHandlerMapping' via factory method to bean named 'org.springframework.boot.web.server.servlet.context.AnnotationConfigServletWebServerApplicationContext@6f38a289'
2026-01-30 18:31:27 [main] DEBUG org.springframework.beans.factory.support.DefaultListableBeanFactory - Autowiring by type from bean name 'welcomePageHandlerMapping' via factory method to bean named 'mvcConversionService'
2026-01-30 18:31:27 [main] DEBUG org.springframework.beans.factory.support.DefaultListableBeanFactory - Autowiring by type from bean name 'welcomePageHandlerMapping' via factory method to bean named 'mvcResourceUrlProvider'
2026-01-30 18:31:27 [main] DEBUG org.apache.catalina.webresources.Cache - Increased cache size by [521] for item [org.apache.catalina.webresources.CachedResource@10a479fe] at [/index.html] making total cache size [1052]
2026-01-30 18:31:27 [main] DEBUG org.springframework.beans.factory.support.DefaultListableBeanFactory - Creating shared instance of singleton bean 'welcomePageNotAcceptableHandlerMapping'
2026-01-30 18:31:27 [main] DEBUG org.springframework.beans.factory.support.DefaultListableBeanFactory - Autowiring by type from bean name 'welcomePageNotAcceptableHandlerMapping' via factory method to bean named 'org.springframework.boot.web.server.servlet.context.AnnotationConfigServletWebServerApplicationContext@6f38a289'
2026-01-30 18:31:27 [main] DEBUG org.springframework.beans.factory.support.DefaultListableBeanFactory - Autowiring by type from bean name 'welcomePageNotAcceptableHandlerMapping' via factory method to bean named 'mvcConversionService'
2026-01-30 18:31:27 [main] DEBUG org.springframework.beans.factory.support.DefaultListableBeanFactory - Autowiring by type from bean name 'welcomePageNotAcceptableHandlerMapping' via factory method to bean named 'mvcResourceUrlProvider'
2026-01-30 18:31:27 [main] DEBUG org.springframework.beans.factory.support.DefaultListableBeanFactory - Creating shared instance of singleton bean 'localeResolver'
2026-01-30 18:31:27 [main] DEBUG org.springframework.beans.factory.support.DefaultListableBeanFactory - Creating shared instance of singleton bean 'flashMapManager'
2026-01-30 18:31:27 [main] DEBUG org.springframework.beans.factory.support.DefaultListableBeanFactory - Creating shared instance of singleton bean 'viewNameTranslator'
2026-01-30 18:31:27 [main] DEBUG org.springframework.beans.factory.support.DefaultListableBeanFactory - Creating shared instance of singleton bean 'mvcValidator'
2026-01-30 18:31:27 [main] DEBUG org.springframework.beans.factory.support.DefaultListableBeanFactory - Creating shared instance of singleton bean 'requestMappingHandlerMapping'
2026-01-30 18:31:27 [main] DEBUG org.springframework.beans.factory.support.DefaultListableBeanFactory - Creating shared instance of singleton bean 'mvcApiVersionStrategy'
2026-01-30 18:31:27 [main] DEBUG org.springframework.beans.factory.support.DefaultListableBeanFactory - Autowiring by type from bean name 'requestMappingHandlerMapping' via factory method to bean named 'mvcContentNegotiationManager'
2026-01-30 18:31:27 [main] DEBUG org.springframework.beans.factory.support.DefaultListableBeanFactory - Autowiring by type from bean name 'requestMappingHandlerMapping' via factory method to bean named 'mvcApiVersionStrategy'
2026-01-30 18:31:27 [main] DEBUG org.springframework.beans.factory.support.DefaultListableBeanFactory - Autowiring by type from bean name 'requestMappingHandlerMapping' via factory method to bean named 'mvcConversionService'
2026-01-30 18:31:27 [main] DEBUG org.springframework.beans.factory.support.DefaultListableBeanFactory - Autowiring by type from bean name 'requestMappingHandlerMapping' via factory method to bean named 'mvcResourceUrlProvider'
2026-01-30 18:31:27 [main] DEBUG _org.springframework.web.servlet.HandlerMapping.Mappings - 
	c.b.s.a.c.AuthController:
	{POST [/auth/register]}: register()
	{POST [/auth/login]}: login()
	{POST [/auth/forgot-password]}: forgotPassword()
2026-01-30 18:31:27 [main] DEBUG _org.springframework.web.servlet.HandlerMapping.Mappings - 
	c.b.s.p.c.TransactionController:
	{GET [/transaction]}: transactionList(LocalDate,LocalDate,Integer,Integer,HttpServletRequest)
	{GET [/transaction/{transactionCode}]}: transactionDetail(String,HttpServletRequest)
	{POST [/transaction/payment/{transactionCode}]}: transactionPayment(String,byte,HttpServletRequest)
	{GET [/transaction/payment-method]}: paymentMethodList(HttpServletRequest)
2026-01-30 18:31:27 [main] DEBUG _org.springframework.web.servlet.HandlerMapping.Mappings - 
	c.b.s.p.c.WalletController:
	{GET [/balance/log]}: getBalanceLog(ReqGetBalanceLogDTO,HttpServletRequest)
	{POST [/balance/topup]}: topupBalance(BigDecimal,HttpServletRequest)
	{GET [/balance]}: getBalance(HttpServletRequest)
2026-01-30 18:31:27 [main] DEBUG _org.springframework.web.servlet.HandlerMapping.Mappings - 
	o.s.b.w.a.e.BasicErrorController:
	{ [/error]}: error(HttpServletRequest)
	{ [/error], produces [text/html]}: errorHtml(HttpServletRequest,HttpServletResponse)
2026-01-30 18:31:27 [main] DEBUG org.springframework.web.servlet.mvc.method.annotation.RequestMappingHandlerMapping - 12 mappings in 'requestMappingHandlerMapping'
2026-01-30 18:31:27 [main] DEBUG org.springframework.beans.factory.support.DefaultListableBeanFactory - Creating shared instance of singleton bean 'mvcUrlPathHelper'
2026-01-30 18:31:27 [main] DEBUG org.springframework.beans.factory.support.DefaultListableBeanFactory - Creating shared instance of singleton bean 'mvcPathMatcher'
2026-01-30 18:31:27 [main] DEBUG org.springframework.beans.factory.support.DefaultListableBeanFactory - Creating shared instance of singleton bean 'viewControllerHandlerMapping'
2026-01-30 18:31:27 [main] DEBUG org.springframework.beans.factory.support.DefaultListableBeanFactory - Autowiring by type from bean name 'viewControllerHandlerMapping' via factory method to bean named 'mvcConversionService'
2026-01-30 18:31:27 [main] DEBUG org.springframework.beans.factory.support.DefaultListableBeanFactory - Autowiring by type from bean name 'viewControllerHandlerMapping' via factory method to bean named 'mvcResourceUrlProvider'
2026-01-30 18:31:27 [main] DEBUG org.springframework.beans.factory.support.DefaultListableBeanFactory - Creating shared instance of singleton bean 'beanNameHandlerMapping'
2026-01-30 18:31:27 [main] DEBUG org.springframework.beans.factory.support.DefaultListableBeanFactory - Autowiring by type from bean name 'beanNameHandlerMapping' via factory method to bean named 'mvcConversionService'
2026-01-30 18:31:27 [main] DEBUG org.springframework.beans.factory.support.DefaultListableBeanFactory - Autowiring by type from bean name 'beanNameHandlerMapping' via factory method to bean named 'mvcResourceUrlProvider'
2026-01-30 18:31:27 [main] DEBUG _org.springframework.web.servlet.HandlerMapping.Mappings - 'beanNameHandlerMapping' {}
2026-01-30 18:31:27 [main] DEBUG org.springframework.beans.factory.support.DefaultListableBeanFactory - Creating shared instance of singleton bean 'routerFunctionMapping'
2026-01-30 18:31:27 [main] DEBUG org.springframework.beans.factory.support.DefaultListableBeanFactory - Autowiring by type from bean name 'routerFunctionMapping' via factory method to bean named 'mvcConversionService'
2026-01-30 18:31:27 [main] DEBUG org.springframework.beans.factory.support.DefaultListableBeanFactory - Autowiring by type from bean name 'routerFunctionMapping' via factory method to bean named 'mvcResourceUrlProvider'
2026-01-30 18:31:27 [main] DEBUG org.springframework.beans.factory.support.DefaultListableBeanFactory - Autowiring by type from bean name 'routerFunctionMapping' via factory method to bean named 'mvcApiVersionStrategy'
2026-01-30 18:31:27 [main] DEBUG org.springframework.beans.factory.support.DefaultListableBeanFactory - Creating shared instance of singleton bean 'resourceHandlerMapping'
2026-01-30 18:31:27 [main] DEBUG org.springframework.beans.factory.support.DefaultListableBeanFactory - Autowiring by type from bean name 'resourceHandlerMapping' via factory method to bean named 'mvcContentNegotiationManager'
2026-01-30 18:31:27 [main] DEBUG org.springframework.beans.factory.support.DefaultListableBeanFactory - Autowiring by type from bean name 'resourceHandlerMapping' via factory method to bean named 'mvcConversionService'
2026-01-30 18:31:27 [main] DEBUG org.springframework.beans.factory.support.DefaultListableBeanFactory - Autowiring by type from bean name 'resourceHandlerMapping' via factory method to bean named 'mvcResourceUrlProvider'
2026-01-30 18:31:27 [main] DEBUG org.apache.catalina.webresources.Cache - Increased cache size by [501] for item [org.apache.catalina.webresources.CachedResource@2cd92fd] at [/] making total cache size [1553]
2026-01-30 18:31:27 [main] DEBUG _org.springframework.web.servlet.HandlerMapping.Mappings - 'resourceHandlerMapping' {/webjars/**=ResourceHttpRequestHandler [classpath [META-INF/resources/webjars/]], /**=ResourceHttpRequestHandler [classpath [META-INF/resources/], classpath [resources/], classpath [static/], classpath [public/], ServletContext [/]]}
2026-01-30 18:31:27 [main] DEBUG org.springframework.beans.factory.support.DefaultListableBeanFactory - Creating shared instance of singleton bean 'defaultServletHandlerMapping'
2026-01-30 18:31:27 [main] DEBUG org.springframework.beans.factory.support.DefaultListableBeanFactory - Creating shared instance of singleton bean 'requestMappingHandlerAdapter'
2026-01-30 18:31:27 [main] DEBUG org.springframework.beans.factory.support.DefaultListableBeanFactory - Autowiring by type from bean name 'requestMappingHandlerAdapter' via factory method to bean named 'mvcContentNegotiationManager'
2026-01-30 18:31:27 [main] DEBUG org.springframework.beans.factory.support.DefaultListableBeanFactory - Autowiring by type from bean name 'requestMappingHandlerAdapter' via factory method to bean named 'mvcConversionService'
2026-01-30 18:31:27 [main] DEBUG org.springframework.beans.factory.support.DefaultListableBeanFactory - Autowiring by type from bean name 'requestMappingHandlerAdapter' via factory method to bean named 'mvcValidator'
2026-01-30 18:31:27 [main] DEBUG org.springframework.beans.factory.support.DefaultListableBeanFactory - Creating shared instance of singleton bean 'sortResolver'
2026-01-30 18:31:27 [main] DEBUG org.springframework.beans.factory.support.DefaultListableBeanFactory - Creating shared instance of singleton bean 'sortCustomizer'
2026-01-30 18:31:28 [main] DEBUG org.springframework.beans.factory.support.DefaultListableBeanFactory - Creating shared instance of singleton bean 'pageableResolver'
2026-01-30 18:31:28 [main] DEBUG org.springframework.beans.factory.support.DefaultListableBeanFactory - Creating shared instance of singleton bean 'pageableCustomizer'
2026-01-30 18:31:28 [main] DEBUG org.springframework.web.servlet.mvc.method.annotation.RequestMappingHandlerAdapter - ControllerAdvice beans: 0 @ModelAttribute, 0 @InitBinder, 1 RequestBodyAdvice, 1 ResponseBodyAdvice
2026-01-30 18:31:28 [main] DEBUG org.springframework.beans.factory.support.DefaultListableBeanFactory - Creating shared instance of singleton bean 'mvcViewResolver'
2026-01-30 18:31:28 [main] DEBUG org.springframework.beans.factory.support.DefaultListableBeanFactory - Autowiring by type from bean name 'mvcViewResolver' via factory method to bean named 'mvcContentNegotiationManager'
2026-01-30 18:31:28 [main] DEBUG org.springframework.beans.factory.support.DefaultListableBeanFactory - Creating shared instance of singleton bean 'defaultViewResolver'
2026-01-30 18:31:28 [main] DEBUG org.springframework.beans.factory.support.DefaultListableBeanFactory - Creating shared instance of singleton bean 'viewResolver'
2026-01-30 18:31:28 [main] DEBUG org.springframework.beans.factory.support.DefaultListableBeanFactory - Autowiring by type from bean name 'viewResolver' via factory method to bean named 'org.springframework.beans.factory.support.DefaultListableBeanFactory@26586b74'
2026-01-30 18:31:28 [main] DEBUG org.springframework.beans.factory.support.DefaultListableBeanFactory - Creating shared instance of singleton bean 'viewResolver'
2026-01-30 18:31:28 [main] DEBUG org.springframework.beans.factory.support.DefaultListableBeanFactory - Creating shared instance of singleton bean 'handlerFunctionAdapter'
2026-01-30 18:31:28 [main] DEBUG org.springframework.beans.factory.support.DefaultListableBeanFactory - Creating shared instance of singleton bean 'mvcUriComponentsContributor'
2026-01-30 18:31:28 [main] DEBUG org.springframework.beans.factory.support.DefaultListableBeanFactory - Autowiring by type from bean name 'mvcUriComponentsContributor' via factory method to bean named 'mvcConversionService'
2026-01-30 18:31:28 [main] DEBUG org.springframework.beans.factory.support.DefaultListableBeanFactory - Autowiring by type from bean name 'mvcUriComponentsContributor' via factory method to bean named 'requestMappingHandlerAdapter'
2026-01-30 18:31:28 [main] DEBUG org.springframework.beans.factory.support.DefaultListableBeanFactory - Creating shared instance of singleton bean 'httpRequestHandlerAdapter'
2026-01-30 18:31:28 [main] DEBUG org.springframework.beans.factory.support.DefaultListableBeanFactory - Creating shared instance of singleton bean 'simpleControllerHandlerAdapter'
2026-01-30 18:31:28 [main] DEBUG org.springframework.beans.factory.support.DefaultListableBeanFactory - Creating shared instance of singleton bean 'handlerExceptionResolver'
2026-01-30 18:31:28 [main] DEBUG org.springframework.beans.factory.support.DefaultListableBeanFactory - Autowiring by type from bean name 'handlerExceptionResolver' via factory method to bean named 'mvcContentNegotiationManager'
2026-01-30 18:31:28 [main] DEBUG org.springframework.web.servlet.mvc.method.annotation.ExceptionHandlerExceptionResolver - ControllerAdvice beans: 1 @ExceptionHandler, 1 ResponseBodyAdvice
2026-01-30 18:31:28 [main] DEBUG org.springframework.beans.factory.support.DefaultListableBeanFactory - Creating shared instance of singleton bean 'org.springframework.boot.autoconfigure.aop.AopAutoConfiguration$AspectJAutoProxyingConfiguration$CglibAutoProxyConfiguration'
2026-01-30 18:31:28 [main] DEBUG org.springframework.beans.factory.support.DefaultListableBeanFactory - Creating shared instance of singleton bean 'org.springframework.boot.autoconfigure.aop.AopAutoConfiguration$AspectJAutoProxyingConfiguration'
2026-01-30 18:31:28 [main] DEBUG org.springframework.beans.factory.support.DefaultListableBeanFactory - Creating shared instance of singleton bean 'org.springframework.boot.autoconfigure.aop.AopAutoConfiguration'
2026-01-30 18:31:28 [main] DEBUG org.springframework.beans.factory.support.DefaultListableBeanFactory - Creating shared instance of singleton bean 'org.springframework.boot.autoconfigure.availability.ApplicationAvailabilityAutoConfiguration'
2026-01-30 18:31:28 [main] DEBUG org.springframework.beans.factory.support.DefaultListableBeanFactory - Creating shared instance of singleton bean 'applicationAvailability'
2026-01-30 18:31:28 [main] DEBUG org.springframework.beans.factory.support.DefaultListableBeanFactory - Creating shared instance of singleton bean 'org.springframework.boot.autoconfigure.context.ConfigurationPropertiesAutoConfiguration'
2026-01-30 18:31:28 [main] DEBUG org.springframework.beans.factory.support.DefaultListableBeanFactory - Creating shared instance of singleton bean 'org.springframework.boot.autoconfigure.context.LifecycleAutoConfiguration'
2026-01-30 18:31:28 [main] DEBUG org.springframework.beans.factory.support.DefaultListableBeanFactory - Creating shared instance of singleton bean 'lifecycleProcessor'
2026-01-30 18:31:28 [main] DEBUG org.springframework.beans.factory.support.DefaultListableBeanFactory - Creating shared instance of singleton bean 'spring.lifecycle-org.springframework.boot.autoconfigure.context.LifecycleProperties'
2026-01-30 18:31:28 [main] DEBUG org.springframework.beans.factory.support.DefaultListableBeanFactory - Autowiring by type from bean name 'lifecycleProcessor' via factory method to bean named 'spring.lifecycle-org.springframework.boot.autoconfigure.context.LifecycleProperties'
2026-01-30 18:31:28 [main] DEBUG org.springframework.beans.factory.support.DefaultListableBeanFactory - Creating shared instance of singleton bean 'org.springframework.boot.autoconfigure.info.ProjectInfoAutoConfiguration'
2026-01-30 18:31:28 [main] DEBUG org.springframework.beans.factory.support.DefaultListableBeanFactory - Creating shared instance of singleton bean 'spring.info-org.springframework.boot.autoconfigure.info.ProjectInfoProperties'
2026-01-30 18:31:28 [main] DEBUG org.springframework.beans.factory.support.DefaultListableBeanFactory - Autowiring by type from bean name 'org.springframework.boot.autoconfigure.info.ProjectInfoAutoConfiguration' via constructor to bean named 'spring.info-org.springframework.boot.autoconfigure.info.ProjectInfoProperties'
2026-01-30 18:31:28 [main] DEBUG org.springframework.beans.factory.support.DefaultListableBeanFactory - Creating shared instance of singleton bean 'org.springframework.boot.autoconfigure.task.TaskSchedulingConfigurations$ThreadPoolTaskSchedulerBuilderConfiguration'
2026-01-30 18:31:28 [main] DEBUG org.springframework.beans.factory.support.DefaultListableBeanFactory - Creating shared instance of singleton bean 'threadPoolTaskSchedulerBuilder'
2026-01-30 18:31:28 [main] DEBUG org.springframework.beans.factory.support.DefaultListableBeanFactory - Creating shared instance of singleton bean 'spring.task.scheduling-org.springframework.boot.autoconfigure.task.TaskSchedulingProperties'
2026-01-30 18:31:28 [main] DEBUG org.springframework.beans.factory.support.DefaultListableBeanFactory - Autowiring by type from bean name 'threadPoolTaskSchedulerBuilder' via factory method to bean named 'spring.task.scheduling-org.springframework.boot.autoconfigure.task.TaskSchedulingProperties'
2026-01-30 18:31:28 [main] DEBUG org.springframework.beans.factory.support.DefaultListableBeanFactory - Creating shared instance of singleton bean 'org.springframework.boot.autoconfigure.task.TaskSchedulingConfigurations$SimpleAsyncTaskSchedulerBuilderConfiguration'
2026-01-30 18:31:28 [main] DEBUG org.springframework.beans.factory.support.DefaultListableBeanFactory - Autowiring by type from bean name 'org.springframework.boot.autoconfigure.task.TaskSchedulingConfigurations$SimpleAsyncTaskSchedulerBuilderConfiguration' via constructor to bean named 'spring.task.scheduling-org.springframework.boot.autoconfigure.task.TaskSchedulingProperties'
2026-01-30 18:31:28 [main] DEBUG org.springframework.beans.factory.support.DefaultListableBeanFactory - Creating shared instance of singleton bean 'simpleAsyncTaskSchedulerBuilder'
2026-01-30 18:31:28 [main] DEBUG org.springframework.beans.factory.support.DefaultListableBeanFactory - Creating shared instance of singleton bean 'org.springframework.boot.autoconfigure.task.TaskSchedulingAutoConfiguration'
2026-01-30 18:31:28 [main] DEBUG org.springframework.beans.factory.support.DefaultListableBeanFactory - Creating shared instance of singleton bean 'org.springframework.data.web.config.ProjectingArgumentResolverRegistrar'
2026-01-30 18:31:28 [main] DEBUG org.springframework.beans.factory.support.DefaultListableBeanFactory - Creating shared instance of singleton bean 'offsetResolver'
2026-01-30 18:31:28 [main] DEBUG org.springframework.beans.factory.support.DefaultListableBeanFactory - Creating shared instance of singleton bean 'org.springframework.boot.transaction.jta.autoconfigure.JtaAutoConfiguration'
2026-01-30 18:31:28 [main] DEBUG org.springframework.beans.factory.support.DefaultListableBeanFactory - Creating shared instance of singleton bean 'org.springframework.boot.jdbc.autoconfigure.DataSourcePoolMetadataProvidersConfiguration'
2026-01-30 18:31:28 [main] DEBUG org.springframework.beans.factory.support.DefaultListableBeanFactory - Creating shared instance of singleton bean 'org.springframework.boot.jdbc.autoconfigure.DataSourceAutoConfiguration'
2026-01-30 18:31:28 [main] DEBUG org.springframework.beans.factory.support.DefaultListableBeanFactory - Creating shared instance of singleton bean 'spring.datasource-org.springframework.boot.jdbc.autoconfigure.DataSourceProperties'
2026-01-30 18:31:28 [main] DEBUG org.springframework.beans.factory.support.DefaultListableBeanFactory - Creating shared instance of singleton bean 'org.springframework.boot.transaction.autoconfigure.TransactionManagerCustomizationAutoConfiguration'
2026-01-30 18:31:28 [main] DEBUG org.springframework.beans.factory.support.DefaultListableBeanFactory - Creating shared instance of singleton bean 'platformTransactionManagerCustomizers'
2026-01-30 18:31:28 [main] DEBUG org.springframework.beans.factory.support.DefaultListableBeanFactory - Creating shared instance of singleton bean 'transactionExecutionListeners'
2026-01-30 18:31:28 [main] DEBUG org.springframework.beans.factory.support.DefaultListableBeanFactory - Creating shared instance of singleton bean 'spring.transaction-org.springframework.boot.transaction.autoconfigure.TransactionProperties'
2026-01-30 18:31:28 [main] DEBUG org.springframework.beans.factory.support.DefaultListableBeanFactory - Creating shared instance of singleton bean 'org.springframework.boot.jpa.autoconfigure.JpaBaseConfiguration$PersistenceManagedTypesConfiguration'
2026-01-30 18:31:28 [main] DEBUG org.springframework.beans.factory.support.DefaultListableBeanFactory - Creating shared instance of singleton bean 'transactionManager'
2026-01-30 18:31:28 [main] DEBUG org.springframework.beans.factory.support.DefaultListableBeanFactory - Creating shared instance of singleton bean 'org.springframework.boot.hibernate.autoconfigure.HibernateJpaAutoConfiguration'
2026-01-30 18:31:28 [main] DEBUG org.springframework.beans.factory.support.DefaultListableBeanFactory - Creating shared instance of singleton bean 'org.springframework.boot.data.jpa.autoconfigure.DataJpaRepositoriesAutoConfiguration'
2026-01-30 18:31:28 [main] DEBUG org.springframework.beans.factory.support.DefaultListableBeanFactory - Creating shared instance of singleton bean 'eagerJpaMetamodelCacheCleanup'
2026-01-30 18:31:28 [main] DEBUG org.springframework.beans.factory.support.DefaultListableBeanFactory - Creating shared instance of singleton bean 'org.springframework.data.jpa.util.JpaMetamodelCacheCleanup'
2026-01-30 18:31:28 [main] DEBUG org.springframework.beans.factory.support.DefaultListableBeanFactory - Creating shared instance of singleton bean 'org.springframework.data.jpa.repository.support.JpaEvaluationContextExtension'
2026-01-30 18:31:28 [main] DEBUG org.springframework.beans.factory.support.DefaultListableBeanFactory - Creating shared instance of singleton bean 'data-jpa.repository-aot-processor#0'
2026-01-30 18:31:28 [main] DEBUG org.springframework.beans.factory.support.DefaultListableBeanFactory - Creating shared instance of singleton bean 'org.springframework.boot.http.converter.autoconfigure.JacksonHttpMessageConvertersConfiguration'
2026-01-30 18:31:28 [main] DEBUG org.springframework.beans.factory.support.DefaultListableBeanFactory - Creating shared instance of singleton bean 'org.springframework.boot.http.converter.autoconfigure.Jackson2HttpMessageConvertersConfiguration'
2026-01-30 18:31:28 [main] DEBUG org.springframework.beans.factory.support.DefaultListableBeanFactory - Creating shared instance of singleton bean 'clientConvertersCustomizer'
2026-01-30 18:31:28 [main] DEBUG org.springframework.beans.factory.support.DefaultListableBeanFactory - Creating shared instance of singleton bean 'org.springframework.boot.jdbc.autoconfigure.JdbcTemplateConfiguration'
2026-01-30 18:31:28 [main] DEBUG org.springframework.beans.factory.support.DefaultListableBeanFactory - Creating shared instance of singleton bean 'jdbcTemplate'
2026-01-30 18:31:28 [main] DEBUG org.springframework.beans.factory.support.DefaultListableBeanFactory - Creating shared instance of singleton bean 'spring.jdbc-org.springframework.boot.jdbc.autoconfigure.JdbcProperties'
2026-01-30 18:31:28 [main] DEBUG org.springframework.beans.factory.support.DefaultListableBeanFactory - Autowiring by type from bean name 'jdbcTemplate' via factory method to bean named 'getDataSource'
2026-01-30 18:31:28 [main] DEBUG org.springframework.beans.factory.support.DefaultListableBeanFactory - Autowiring by type from bean name 'jdbcTemplate' via factory method to bean named 'spring.jdbc-org.springframework.boot.jdbc.autoconfigure.JdbcProperties'
2026-01-30 18:31:28 [main] DEBUG org.springframework.beans.factory.support.DefaultListableBeanFactory - Creating shared instance of singleton bean 'org.springframework.boot.jdbc.autoconfigure.NamedParameterJdbcTemplateConfiguration'
2026-01-30 18:31:28 [main] DEBUG org.springframework.beans.factory.support.DefaultListableBeanFactory - Creating shared instance of singleton bean 'namedParameterJdbcTemplate'
2026-01-30 18:31:28 [main] DEBUG org.springframework.beans.factory.support.DefaultListableBeanFactory - Autowiring by type from bean name 'namedParameterJdbcTemplate' via factory method to bean named 'jdbcTemplate'
2026-01-30 18:31:28 [main] DEBUG org.springframework.beans.factory.support.DefaultListableBeanFactory - Creating shared instance of singleton bean 'org.springframework.boot.jdbc.autoconfigure.JdbcTemplateAutoConfiguration'
2026-01-30 18:31:28 [main] DEBUG org.springframework.beans.factory.support.DefaultListableBeanFactory - Creating shared instance of singleton bean 'org.springframework.boot.jdbc.autoconfigure.JdbcClientAutoConfiguration'
2026-01-30 18:31:28 [main] DEBUG org.springframework.beans.factory.support.DefaultListableBeanFactory - Creating shared instance of singleton bean 'jdbcClient'
2026-01-30 18:31:28 [main] DEBUG org.springframework.beans.factory.support.DefaultListableBeanFactory - Autowiring by type from bean name 'jdbcClient' via factory method to bean named 'namedParameterJdbcTemplate'
2026-01-30 18:31:28 [main] DEBUG org.springframework.beans.factory.support.DefaultListableBeanFactory - Creating shared instance of singleton bean 'org.springframework.boot.persistence.autoconfigure.PersistenceExceptionTranslationAutoConfiguration'
2026-01-30 18:31:28 [main] DEBUG org.springframework.beans.factory.support.DefaultListableBeanFactory - Creating shared instance of singleton bean 'org.springframework.boot.security.autoconfigure.web.servlet.ServletWebSecurityAutoConfiguration'
2026-01-30 18:31:28 [main] DEBUG org.springframework.beans.factory.support.DefaultListableBeanFactory - Creating shared instance of singleton bean 'multipartResolver'
2026-01-30 18:31:28 [main] DEBUG org.springframework.beans.factory.support.DefaultListableBeanFactory - Creating shared instance of singleton bean 'org.springframework.boot.jdbc.autoconfigure.DataSourceTransactionManagerAutoConfiguration$JdbcTransactionManagerConfiguration'
2026-01-30 18:31:28 [main] DEBUG org.springframework.beans.factory.support.DefaultListableBeanFactory - Creating shared instance of singleton bean 'org.springframework.boot.jdbc.autoconfigure.DataSourceTransactionManagerAutoConfiguration'
2026-01-30 18:31:28 [main] DEBUG org.springframework.beans.factory.support.DefaultListableBeanFactory - Creating shared instance of singleton bean 'org.springframework.boot.transaction.autoconfigure.TransactionAutoConfiguration$EnableTransactionManagementConfiguration$CglibAutoProxyConfiguration'
2026-01-30 18:31:28 [main] DEBUG org.springframework.beans.factory.support.DefaultListableBeanFactory - Creating shared instance of singleton bean 'org.springframework.boot.transaction.autoconfigure.TransactionAutoConfiguration$EnableTransactionManagementConfiguration'
2026-01-30 18:31:28 [main] DEBUG org.springframework.beans.factory.support.DefaultListableBeanFactory - Creating shared instance of singleton bean 'org.springframework.boot.transaction.autoconfigure.TransactionAutoConfiguration$TransactionTemplateConfiguration'
2026-01-30 18:31:28 [main] DEBUG org.springframework.beans.factory.support.DefaultListableBeanFactory - Creating shared instance of singleton bean 'transactionTemplate'
2026-01-30 18:31:28 [main] DEBUG org.springframework.beans.factory.support.DefaultListableBeanFactory - Autowiring by type from bean name 'transactionTemplate' via factory method to bean named 'transactionManager'
2026-01-30 18:31:28 [main] DEBUG org.springframework.beans.factory.support.DefaultListableBeanFactory - Creating shared instance of singleton bean 'org.springframework.boot.transaction.autoconfigure.TransactionAutoConfiguration'
2026-01-30 18:31:28 [main] DEBUG org.springframework.context.support.DefaultLifecycleProcessor - Starting beans in phase -2147483647
2026-01-30 18:31:28 [main] DEBUG org.springframework.context.support.DefaultLifecycleProcessor - Successfully started bean 'springBootLoggingLifecycle'
2026-01-30 18:31:28 [main] DEBUG org.springframework.context.support.DefaultLifecycleProcessor - Starting beans in phase 1073741823
2026-01-30 18:31:28 [main] DEBUG org.springframework.context.support.DefaultLifecycleProcessor - Starting beans in phase 2147481599
2026-01-30 18:31:28 [main] DEBUG org.apache.catalina.util.LifecycleBase - Setting state for [Connector["http-nio-8080"]] to [STARTING_PREP]
2026-01-30 18:31:28 [main] DEBUG org.apache.catalina.util.LifecycleBase - Setting state for [Connector["http-nio-8080"]] to [STARTING]
2026-01-30 18:31:28 [main] INFO  org.apache.coyote.http11.Http11NioProtocol - Starting ProtocolHandler ["http-nio-8080"]
2026-01-30 18:31:28 [main] DEBUG org.apache.catalina.util.LifecycleBase - Setting state for [Connector["http-nio-8080"]] to [STARTED]
2026-01-30 18:31:28 [main] INFO  org.springframework.boot.tomcat.TomcatWebServer - Tomcat started on port 8080 (http) with context path '/'
2026-01-30 18:31:28 [main] DEBUG org.springframework.context.support.DefaultLifecycleProcessor - Successfully started bean 'webServerStartStop'
2026-01-30 18:31:28 [main] DEBUG org.springframework.context.support.DefaultLifecycleProcessor - Starting beans in phase 2147482623
2026-01-30 18:31:28 [main] DEBUG org.springframework.context.support.DefaultLifecycleProcessor - Successfully started bean 'webServerGracefulShutdown'
2026-01-30 18:31:28 [main] DEBUG org.springframework.boot.autoconfigure.logging.ConditionEvaluationReportLogger - 


============================
CONDITIONS EVALUATION REPORT
============================


Positive matches:
-----------------

   AopAutoConfiguration matched:
      - @ConditionalOnBooleanProperty (spring.aop.auto=true) matched (OnPropertyCondition)

   AopAutoConfiguration.AspectJAutoProxyingConfiguration matched:
      - @ConditionalOnClass found required class 'org.aspectj.weaver.Advice' (OnClassCondition)

   AopAutoConfiguration.AspectJAutoProxyingConfiguration.CglibAutoProxyConfiguration matched:
      - @ConditionalOnBooleanProperty (spring.aop.proxy-target-class=true) matched (OnPropertyCondition)

   ApplicationAvailabilityAutoConfiguration#applicationAvailability matched:
      - @ConditionalOnMissingBean (types: org.springframework.boot.availability.ApplicationAvailability; SearchStrategy: all) did not find any beans (OnBeanCondition)

   DataJpaRepositoriesAutoConfiguration matched:
      - @ConditionalOnClass found required class 'org.springframework.data.jpa.repository.JpaRepository' (OnClassCondition)
      - @ConditionalOnBooleanProperty (spring.data.jpa.repositories.enabled=true) matched (OnPropertyCondition)
      - @ConditionalOnBean (types: javax.sql.DataSource; SearchStrategy: all) found bean 'getDataSource'; @ConditionalOnMissingBean (types: org.springframework.data.jpa.repository.support.JpaRepositoryFactoryBean,org.springframework.data.jpa.repository.config.JpaRepositoryConfigExtension; SearchStrategy: all) did not find any beans (OnBeanCondition)

   DataSourceAutoConfiguration matched:
      - @ConditionalOnClass found required classes 'javax.sql.DataSource', 'org.springframework.jdbc.datasource.embedded.EmbeddedDatabaseType' (OnClassCondition)
      - @ConditionalOnMissingBean (types: ?; SearchStrategy: all) did not find any beans (OnBeanCondition)

   DataSourceConfiguration.Hikari matched:
      - @ConditionalOnClass found required class 'com.zaxxer.hikari.HikariDataSource' (OnClassCondition)
      - @ConditionalOnProperty (spring.datasource.type=com.zaxxer.hikari.HikariDataSource) matched (OnPropertyCondition)

   DataSourceInitializationAutoConfiguration matched:
      - @ConditionalOnClass found required class 'org.springframework.jdbc.datasource.init.DatabasePopulator' (OnClassCondition)
      - SQL InitializationDatabase Initialization default value is EMBEDDED (OnSqlInitializationCondition)
      - @ConditionalOnSingleCandidate (types: javax.sql.DataSource; SearchStrategy: all) found a single bean 'getDataSource'; @ConditionalOnMissingBean (types: org.springframework.boot.sql.autoconfigure.init.ApplicationScriptDatabaseInitializer; SearchStrategy: all) did not find any beans (OnBeanCondition)

   DataSourcePoolMetadataProvidersConfiguration.HikariPoolDataSourceMetadataProviderConfiguration matched:
      - @ConditionalOnClass found required class 'com.zaxxer.hikari.HikariDataSource' (OnClassCondition)

   DataSourceTransactionManagerAutoConfiguration matched:
      - @ConditionalOnClass found required classes 'javax.sql.DataSource', 'org.springframework.jdbc.core.JdbcTemplate', 'org.springframework.transaction.TransactionManager' (OnClassCondition)

   DataSourceTransactionManagerAutoConfiguration.JdbcTransactionManagerConfiguration matched:
      - @ConditionalOnSingleCandidate (types: javax.sql.DataSource; SearchStrategy: all) found a single bean 'getDataSource' (OnBeanCondition)

   DataWebAutoConfiguration matched:
      - @ConditionalOnClass found required classes 'org.springframework.data.web.PageableHandlerMethodArgumentResolver', 'org.springframework.web.servlet.config.annotation.WebMvcConfigurer' (OnClassCondition)
      - found 'session' scope (OnWebApplicationCondition)
      - @ConditionalOnMissingBean (types: org.springframework.data.web.PageableHandlerMethodArgumentResolver; SearchStrategy: all) did not find any beans (OnBeanCondition)

   DataWebAutoConfiguration#pageableCustomizer matched:
      - @ConditionalOnMissingBean (types: org.springframework.data.web.config.PageableHandlerMethodArgumentResolverCustomizer; SearchStrategy: all) did not find any beans (OnBeanCondition)

   DataWebAutoConfiguration#sortCustomizer matched:
      - @ConditionalOnMissingBean (types: org.springframework.data.web.config.SortHandlerMethodArgumentResolverCustomizer; SearchStrategy: all) did not find any beans (OnBeanCondition)

   DataWebAutoConfiguration#springDataWebSettings matched:
      - @ConditionalOnMissingBean (types: org.springframework.data.web.config.SpringDataWebSettings; SearchStrategy: all) did not find any beans (OnBeanCondition)

   DispatcherServletAutoConfiguration matched:
      - @ConditionalOnClass found required class 'org.springframework.web.servlet.DispatcherServlet' (OnClassCondition)
      - found 'session' scope (OnWebApplicationCondition)

   DispatcherServletAutoConfiguration.DispatcherServletConfiguration matched:
      - @ConditionalOnClass found required class 'jakarta.servlet.ServletRegistration' (OnClassCondition)
      - Default DispatcherServlet did not find dispatcher servlet beans (DispatcherServletAutoConfiguration.DefaultDispatcherServletCondition)

   DispatcherServletAutoConfiguration.DispatcherServletRegistrationConfiguration matched:
      - @ConditionalOnClass found required class 'jakarta.servlet.ServletRegistration' (OnClassCondition)
      - DispatcherServlet Registration did not find servlet registration bean (DispatcherServletAutoConfiguration.DispatcherServletRegistrationCondition)

   DispatcherServletAutoConfiguration.DispatcherServletRegistrationConfiguration#dispatcherServletRegistration matched:
      - @ConditionalOnBean (names: dispatcherServlet types: org.springframework.web.servlet.DispatcherServlet; SearchStrategy: all) found bean 'dispatcherServlet' (OnBeanCondition)

   ErrorMvcAutoConfiguration matched:
      - @ConditionalOnClass found required classes 'jakarta.servlet.Servlet', 'org.springframework.web.servlet.DispatcherServlet' (OnClassCondition)
      - found 'session' scope (OnWebApplicationCondition)

   ErrorMvcAutoConfiguration#basicErrorController matched:
      - @ConditionalOnMissingBean (types: org.springframework.boot.webmvc.error.ErrorController; SearchStrategy: current) did not find any beans (OnBeanCondition)

   ErrorMvcAutoConfiguration#errorAttributes matched:
      - @ConditionalOnMissingBean (types: org.springframework.boot.webmvc.error.ErrorAttributes; SearchStrategy: current) did not find any beans (OnBeanCondition)

   ErrorMvcAutoConfiguration.DefaultErrorViewResolverConfiguration#conventionErrorViewResolver matched:
      - @ConditionalOnBean (types: org.springframework.web.servlet.DispatcherServlet; SearchStrategy: all) found bean 'dispatcherServlet'; @ConditionalOnMissingBean (types: org.springframework.boot.webmvc.autoconfigure.error.ErrorViewResolver; SearchStrategy: all) did not find any beans (OnBeanCondition)

   ErrorMvcAutoConfiguration.WhitelabelErrorViewConfiguration matched:
      - @ConditionalOnBooleanProperty (spring.web.error.whitelabel.enabled=true) matched (OnPropertyCondition)
      - ErrorTemplate Missing did not find error template view (ErrorMvcAutoConfiguration.ErrorTemplateMissingCondition)

   ErrorMvcAutoConfiguration.WhitelabelErrorViewConfiguration#beanNameViewResolver matched:
      - @ConditionalOnMissingBean (types: org.springframework.web.servlet.view.BeanNameViewResolver; SearchStrategy: all) did not find any beans (OnBeanCondition)

   ErrorMvcAutoConfiguration.WhitelabelErrorViewConfiguration#defaultErrorView matched:
      - @ConditionalOnMissingBean (names: error; SearchStrategy: all) did not find any beans (OnBeanCondition)

   HibernateJpaAutoConfiguration matched:
      - @ConditionalOnClass found required classes 'org.springframework.orm.jpa.LocalContainerEntityManagerFactoryBean', 'jakarta.persistence.EntityManager', 'org.hibernate.engine.spi.SessionImplementor' (OnClassCondition)

   HibernateJpaConfiguration matched:
      - @ConditionalOnSingleCandidate (types: javax.sql.DataSource; SearchStrategy: all) found a single bean 'getDataSource' (OnBeanCondition)

   HttpEncodingAutoConfiguration matched:
      - @ConditionalOnClass found required class 'org.springframework.web.filter.CharacterEncodingFilter' (OnClassCondition)
      - found 'session' scope (OnWebApplicationCondition)
      - @ConditionalOnBooleanProperty (spring.servlet.encoding.enabled=true) matched (OnPropertyCondition)

   HttpEncodingAutoConfiguration#characterEncodingFilter matched:
      - @ConditionalOnMissingBean (types: org.springframework.web.filter.CharacterEncodingFilter; SearchStrategy: all) did not find any beans (OnBeanCondition)

   HttpMessageConvertersAutoConfiguration matched:
      - @ConditionalOnClass found required class 'org.springframework.http.converter.HttpMessageConverter' (OnClassCondition)
      - NoneNestedConditions 0 matched 1 did not; NestedCondition on HttpMessageConvertersAutoConfiguration.NotReactiveWebApplicationCondition.ReactiveWebApplication did not find reactive web application classes (HttpMessageConvertersAutoConfiguration.NotReactiveWebApplicationCondition)

   HttpMessageConvertersAutoConfiguration.StringHttpMessageConverterConfiguration#stringHttpMessageConvertersCustomizer matched:
      - @ConditionalOnMissingBean (types: org.springframework.http.converter.StringHttpMessageConverter; SearchStrategy: all) did not find any beans (OnBeanCondition)

   JacksonAutoConfiguration matched:
      - @ConditionalOnClass found required class 'tools.jackson.databind.json.JsonMapper' (OnClassCondition)

   JacksonAutoConfiguration#jacksonJsonMapper matched:
      - @ConditionalOnMissingBean (types: tools.jackson.databind.json.JsonMapper; SearchStrategy: all) did not find any beans (OnBeanCondition)

   JacksonAutoConfiguration#jsonMapperBuilder matched:
      - @ConditionalOnMissingBean (types: tools.jackson.databind.json.JsonMapper$Builder; SearchStrategy: all) did not find any beans (OnBeanCondition)

   JacksonAutoConfiguration.JsonProblemDetailsConfiguration matched:
      - @ConditionalOnClass found required class 'org.springframework.http.ProblemDetail' (OnClassCondition)

   JacksonHttpMessageConvertersConfiguration.JacksonJsonHttpMessageConverterConfiguration matched:
      - @ConditionalOnClass found required class 'tools.jackson.databind.json.JsonMapper' (OnClassCondition)
      - @ConditionalOnProperty (spring.http.converters.preferred-json-mapper=jackson) matched (OnPropertyCondition)
      - @ConditionalOnBean (types: tools.jackson.databind.json.JsonMapper; SearchStrategy: all) found bean 'jacksonJsonMapper' (OnBeanCondition)

   JacksonHttpMessageConvertersConfiguration.JacksonJsonHttpMessageConverterConfiguration#jacksonJsonHttpMessageConvertersCustomizer matched:
      - @ConditionalOnMissingBean (types: org.springframework.http.converter.json.JacksonJsonHttpMessageConverter ignored: ?; SearchStrategy: all) did not find any beans (OnBeanCondition)

   JdbcClientAutoConfiguration matched:
      - @ConditionalOnSingleCandidate (types: org.springframework.jdbc.core.namedparam.NamedParameterJdbcTemplate; SearchStrategy: all) found a single bean 'namedParameterJdbcTemplate'; @ConditionalOnMissingBean (types: org.springframework.jdbc.core.simple.JdbcClient; SearchStrategy: all) did not find any beans (OnBeanCondition)

   JdbcTemplateAutoConfiguration matched:
      - @ConditionalOnClass found required classes 'javax.sql.DataSource', 'org.springframework.jdbc.core.JdbcTemplate' (OnClassCondition)
      - @ConditionalOnSingleCandidate (types: javax.sql.DataSource; SearchStrategy: all) found a single bean 'getDataSource' (OnBeanCondition)

   JdbcTemplateConfiguration matched:
      - @ConditionalOnMissingBean (types: org.springframework.jdbc.core.JdbcOperations; SearchStrategy: all) did not find any beans (OnBeanCondition)

   JpaBaseConfiguration#entityManagerFactory matched:
      - @ConditionalOnMissingBean (types: org.springframework.orm.jpa.LocalContainerEntityManagerFactoryBean,jakarta.persistence.EntityManagerFactory; SearchStrategy: all) did not find any beans (OnBeanCondition)

   JpaBaseConfiguration#entityManagerFactoryBuilder matched:
      - @ConditionalOnMissingBean (types: org.springframework.boot.jpa.EntityManagerFactoryBuilder; SearchStrategy: all) did not find any beans (OnBeanCondition)

   JpaBaseConfiguration#jpaVendorAdapter matched:
      - @ConditionalOnMissingBean (types: org.springframework.orm.jpa.JpaVendorAdapter; SearchStrategy: all) did not find any beans (OnBeanCondition)

   JpaBaseConfiguration#transactionManager matched:
      - @ConditionalOnMissingBean (types: org.springframework.transaction.TransactionManager; SearchStrategy: all) did not find any beans (OnBeanCondition)

   JpaBaseConfiguration.JpaWebConfiguration matched:
      - @ConditionalOnClass found required class 'org.springframework.web.servlet.config.annotation.WebMvcConfigurer' (OnClassCondition)
      - found 'session' scope (OnWebApplicationCondition)
      - @ConditionalOnBooleanProperty (spring.jpa.open-in-view=true) matched (OnPropertyCondition)
      - @ConditionalOnMissingBean (types: org.springframework.orm.jpa.support.OpenEntityManagerInViewInterceptor,org.springframework.orm.jpa.support.OpenEntityManagerInViewFilter; SearchStrategy: all) did not find any beans (OnBeanCondition)

   JpaBaseConfiguration.PersistenceManagedTypesConfiguration matched:
      - @ConditionalOnMissingBean (types: org.springframework.orm.jpa.LocalContainerEntityManagerFactoryBean,jakarta.persistence.EntityManagerFactory; SearchStrategy: all) did not find any beans (OnBeanCondition)

   JpaBaseConfiguration.PersistenceManagedTypesConfiguration#persistenceManagedTypes matched:
      - @ConditionalOnMissingBean (types: org.springframework.orm.jpa.persistenceunit.PersistenceManagedTypes; SearchStrategy: all) did not find any beans (OnBeanCondition)

   JtaAutoConfiguration matched:
      - @ConditionalOnClass found required class 'jakarta.transaction.Transaction' (OnClassCondition)
      - @ConditionalOnBooleanProperty (spring.jta.enabled=true) matched (OnPropertyCondition)

   LifecycleAutoConfiguration#defaultLifecycleProcessor matched:
      - @ConditionalOnMissingBean (names: lifecycleProcessor; SearchStrategy: current) did not find any beans (OnBeanCondition)

   MultipartAutoConfiguration matched:
      - @ConditionalOnClass found required classes 'jakarta.servlet.Servlet', 'org.springframework.web.multipart.support.StandardServletMultipartResolver', 'jakarta.servlet.MultipartConfigElement' (OnClassCondition)
      - found 'session' scope (OnWebApplicationCondition)
      - @ConditionalOnBooleanProperty (spring.servlet.multipart.enabled=true) matched (OnPropertyCondition)

   MultipartAutoConfiguration#multipartConfigElement matched:
      - @ConditionalOnMissingBean (types: jakarta.servlet.MultipartConfigElement; SearchStrategy: all) did not find any beans (OnBeanCondition)

   MultipartAutoConfiguration#multipartResolver matched:
      - @ConditionalOnMissingBean (types: org.springframework.web.multipart.MultipartResolver; SearchStrategy: all) did not find any beans (OnBeanCondition)

   NamedParameterJdbcTemplateConfiguration matched:
      - @ConditionalOnSingleCandidate (types: org.springframework.jdbc.core.JdbcTemplate; SearchStrategy: all) found a single bean 'jdbcTemplate'; @ConditionalOnMissingBean (types: org.springframework.jdbc.core.namedparam.NamedParameterJdbcOperations; SearchStrategy: all) did not find any beans (OnBeanCondition)

   PersistenceExceptionTranslationAutoConfiguration matched:
      - @ConditionalOnClass found required class 'org.springframework.dao.annotation.PersistenceExceptionTranslationPostProcessor' (OnClassCondition)

   PersistenceExceptionTranslationAutoConfiguration#persistenceExceptionTranslationPostProcessor matched:
      - @ConditionalOnBooleanProperty (spring.persistence.exceptiontranslation.enabled=true) matched (OnPropertyCondition)
      - @ConditionalOnMissingBean (types: org.springframework.dao.annotation.PersistenceExceptionTranslationPostProcessor; SearchStrategy: all) did not find any beans (OnBeanCondition)

   PropertyPlaceholderAutoConfiguration#propertySourcesPlaceholderConfigurer matched:
      - @ConditionalOnMissingBean (types: org.springframework.context.support.PropertySourcesPlaceholderConfigurer; SearchStrategy: current) did not find any beans (OnBeanCondition)

   SecurityAutoConfiguration matched:
      - @ConditionalOnClass found required class 'org.springframework.security.authentication.DefaultAuthenticationEventPublisher' (OnClassCondition)

   SecurityAutoConfiguration#authenticationEventPublisher matched:
      - @ConditionalOnMissingBean (types: org.springframework.security.authentication.AuthenticationEventPublisher; SearchStrategy: all) did not find any beans (OnBeanCondition)

   SecurityFilterAutoConfiguration matched:
      - @ConditionalOnClass found required classes 'org.springframework.security.web.context.AbstractSecurityWebApplicationInitializer', 'org.springframework.security.config.http.SessionCreationPolicy' (OnClassCondition)
      - found 'session' scope (OnWebApplicationCondition)

   SecurityFilterAutoConfiguration#securityFilterChainRegistration matched:
      - @ConditionalOnBean (names: springSecurityFilterChain; SearchStrategy: all) found bean 'springSecurityFilterChain' (OnBeanCondition)

   ServletWebSecurityAutoConfiguration matched:
      - @ConditionalOnClass found required class 'org.springframework.security.config.annotation.web.configuration.EnableWebSecurity' (OnClassCondition)
      - found 'session' scope (OnWebApplicationCondition)

   ServletWebSecurityAutoConfiguration.PathPatternRequestMatcherBuilderConfiguration matched:
      - @ConditionalOnClass found required class 'org.springframework.boot.webmvc.autoconfigure.DispatcherServletPath' (OnClassCondition)
      - @ConditionalOnBean (types: org.springframework.boot.webmvc.autoconfigure.DispatcherServletPath; SearchStrategy: all) found bean 'dispatcherServletRegistration' (OnBeanCondition)

   ServletWebSecurityAutoConfiguration.PathPatternRequestMatcherBuilderConfiguration#pathPatternRequestMatcherBuilder matched:
      - @ConditionalOnMissingBean (types: org.springframework.security.web.servlet.util.matcher.PathPatternRequestMatcher$Builder; SearchStrategy: all) did not find any beans (OnBeanCondition)

   SslAutoConfiguration#sslBundleRegistry matched:
      - @ConditionalOnMissingBean (types: org.springframework.boot.ssl.SslBundleRegistry,org.springframework.boot.ssl.SslBundles; SearchStrategy: all) did not find any beans (OnBeanCondition)

   TaskExecutionAutoConfiguration matched:
      - @ConditionalOnClass found required class 'org.springframework.scheduling.concurrent.ThreadPoolTaskExecutor' (OnClassCondition)

   TaskExecutorConfigurations.AsyncConfigurerConfiguration matched:
      - @ConditionalOnMissingBean (types: org.springframework.scheduling.annotation.AsyncConfigurer; SearchStrategy: all) did not find any beans (OnBeanCondition)

   TaskExecutorConfigurations.SimpleAsyncTaskExecutorBuilderConfiguration#simpleAsyncTaskExecutorBuilder matched:
      - @ConditionalOnMissingBean (types: org.springframework.boot.task.SimpleAsyncTaskExecutorBuilder; SearchStrategy: all) did not find any beans (OnBeanCondition)
      - @ConditionalOnThreading found PLATFORM (OnThreadingCondition)

   TaskExecutorConfigurations.TaskExecutorConfiguration matched:
      - AnyNestedCondition 1 matched 1 did not; NestedCondition on TaskExecutorConfigurations.OnExecutorCondition.ModelCondition @ConditionalOnProperty (spring.task.execution.mode=force) did not find property 'spring.task.execution.mode'; NestedCondition on TaskExecutorConfigurations.OnExecutorCondition.ExecutorBeanCondition @ConditionalOnMissingBean (types: java.util.concurrent.Executor; SearchStrategy: all) did not find any beans (TaskExecutorConfigurations.OnExecutorCondition)

   TaskExecutorConfigurations.TaskExecutorConfiguration#applicationTaskExecutor matched:
      - @ConditionalOnThreading found PLATFORM (OnThreadingCondition)

   TaskExecutorConfigurations.ThreadPoolTaskExecutorBuilderConfiguration#threadPoolTaskExecutorBuilder matched:
      - @ConditionalOnMissingBean (types: org.springframework.boot.task.ThreadPoolTaskExecutorBuilder; SearchStrategy: all) did not find any beans (OnBeanCondition)

   TaskSchedulingAutoConfiguration matched:
      - @ConditionalOnClass found required class 'org.springframework.scheduling.concurrent.ThreadPoolTaskScheduler' (OnClassCondition)

   TaskSchedulingConfigurations.SimpleAsyncTaskSchedulerBuilderConfiguration#simpleAsyncTaskSchedulerBuilder matched:
      - @ConditionalOnMissingBean (types: org.springframework.boot.task.SimpleAsyncTaskSchedulerBuilder; SearchStrategy: all) did not find any beans (OnBeanCondition)
      - @ConditionalOnThreading found PLATFORM (OnThreadingCondition)

   TaskSchedulingConfigurations.ThreadPoolTaskSchedulerBuilderConfiguration#threadPoolTaskSchedulerBuilder matched:
      - @ConditionalOnMissingBean (types: org.springframework.boot.task.ThreadPoolTaskSchedulerBuilder; SearchStrategy: all) did not find any beans (OnBeanCondition)

   TomcatServletWebServerAutoConfiguration matched:
      - @ConditionalOnClass found required classes 'jakarta.servlet.ServletRequest', 'org.apache.catalina.startup.Tomcat', 'org.apache.coyote.UpgradeProtocol', 'org.springframework.boot.tomcat.servlet.TomcatServletWebServerFactory' (OnClassCondition)
      - found 'session' scope (OnWebApplicationCondition)

   TomcatServletWebServerAutoConfiguration#tomcatServletWebServerFactory matched:
      - @ConditionalOnMissingBean (types: org.springframework.boot.web.server.servlet.ServletWebServerFactory; SearchStrategy: current) did not find any beans (OnBeanCondition)

   TomcatWebServerConfiguration matched:
      - @ConditionalOnWarDeployment the application is not deployed as a WAR file. (OnWarDeploymentCondition)

   TomcatWebServerConfiguration.TomcatWebSocketConfiguration matched:
      - @ConditionalOnClass found required class 'org.apache.tomcat.websocket.server.WsSci' (OnClassCondition)

   TransactionAutoConfiguration matched:
      - @ConditionalOnClass found required class 'org.springframework.transaction.PlatformTransactionManager' (OnClassCondition)

   TransactionAutoConfiguration.EnableTransactionManagementConfiguration matched:
      - @ConditionalOnBean (types: org.springframework.transaction.TransactionManager; SearchStrategy: all) found bean 'transactionManager'; @ConditionalOnMissingBean (types: org.springframework.transaction.annotation.AbstractTransactionManagementConfiguration; SearchStrategy: all) did not find any beans (OnBeanCondition)

   TransactionAutoConfiguration.EnableTransactionManagementConfiguration.CglibAutoProxyConfiguration matched:
      - @ConditionalOnBooleanProperty (spring.aop.proxy-target-class=true) matched (OnPropertyCondition)

   TransactionAutoConfiguration.TransactionTemplateConfiguration matched:
      - @ConditionalOnSingleCandidate (types: org.springframework.transaction.PlatformTransactionManager; SearchStrategy: all) found a single bean 'transactionManager' (OnBeanCondition)

   TransactionAutoConfiguration.TransactionTemplateConfiguration#transactionTemplate matched:
      - @ConditionalOnMissingBean (types: org.springframework.transaction.support.TransactionOperations; SearchStrategy: all) did not find any beans (OnBeanCondition)

   TransactionManagerCustomizationAutoConfiguration matched:
      - @ConditionalOnClass found required class 'org.springframework.transaction.PlatformTransactionManager' (OnClassCondition)

   TransactionManagerCustomizationAutoConfiguration#platformTransactionManagerCustomizers matched:
      - @ConditionalOnMissingBean (types: org.springframework.boot.transaction.autoconfigure.TransactionManagerCustomizers; SearchStrategy: all) did not find any beans (OnBeanCondition)

   UserDetailsServiceAutoConfiguration matched:
      - @ConditionalOnClass found required class 'org.springframework.security.authentication.AuthenticationManager' (OnClassCondition)
      - found 'session' scope (OnWebApplicationCondition)
      - AnyNestedCondition 1 matched 2 did not; NestedCondition on MissingAlternativeUserDetailsManagerOrUserPropertiesConfigured.PasswordConfigured @ConditionalOnProperty (spring.security.user.password) did not find property 'spring.security.user.password'; NestedCondition on MissingAlternativeUserDetailsManagerOrUserPropertiesConfigured.NameConfigured @ConditionalOnProperty (spring.security.user.name) did not find property 'spring.security.user.name'; NestedCondition on MissingAlternativeUserDetailsManagerOrUserPropertiesConfigured.MissingAlternative @ConditionalOnMissingClass did not find unwanted classes 'org.springframework.security.oauth2.client.registration.ClientRegistrationRepository', 'org.springframework.security.oauth2.server.resource.introspection.OpaqueTokenIntrospector', 'org.springframework.security.saml2.provider.service.registration.RelyingPartyRegistrationRepository' (MissingAlternativeUserDetailsManagerOrUserPropertiesConfigured)
      - @ConditionalOnMissingBean (types: org.springframework.security.authentication.AuthenticationManager,org.springframework.security.authentication.AuthenticationProvider,org.springframework.security.core.userdetails.UserDetailsService,org.springframework.security.authentication.AuthenticationManagerResolver,?; SearchStrategy: all) did not find any beans (OnBeanCondition)

   ValidationAutoConfiguration matched:
      - @ConditionalOnClass found required class 'jakarta.validation.executable.ExecutableValidator' (OnClassCondition)
      - @ConditionalOnResource found location classpath:META-INF/services/jakarta.validation.spi.ValidationProvider (OnResourceCondition)

   ValidationAutoConfiguration#defaultValidator matched:
      - @ConditionalOnMissingBean (types: jakarta.validation.Validator; SearchStrategy: all) did not find any beans (OnBeanCondition)

   ValidationAutoConfiguration#methodValidationPostProcessor matched:
      - @ConditionalOnMissingBean (types: org.springframework.validation.beanvalidation.MethodValidationPostProcessor; SearchStrategy: current) did not find any beans (OnBeanCondition)

   WebMvcAutoConfiguration matched:
      - @ConditionalOnClass found required classes 'jakarta.servlet.Servlet', 'org.springframework.web.servlet.DispatcherServlet', 'org.springframework.web.servlet.config.annotation.WebMvcConfigurer' (OnClassCondition)
      - found 'session' scope (OnWebApplicationCondition)
      - @ConditionalOnMissingBean (types: org.springframework.web.servlet.config.annotation.WebMvcConfigurationSupport; SearchStrategy: all) did not find any beans (OnBeanCondition)

   WebMvcAutoConfiguration#formContentFilter matched:
      - @ConditionalOnBooleanProperty (spring.mvc.formcontent.filter.enabled=true) matched (OnPropertyCondition)
      - @ConditionalOnMissingBean (types: org.springframework.web.filter.FormContentFilter; SearchStrategy: all) did not find any beans (OnBeanCondition)

   WebMvcAutoConfiguration.EnableWebMvcConfiguration#flashMapManager matched:
      - @ConditionalOnMissingBean (names: flashMapManager; SearchStrategy: all) did not find any beans (OnBeanCondition)

   WebMvcAutoConfiguration.EnableWebMvcConfiguration#localeResolver matched:
      - @ConditionalOnMissingBean (names: localeResolver; SearchStrategy: all) did not find any beans (OnBeanCondition)

   WebMvcAutoConfiguration.EnableWebMvcConfiguration#viewNameTranslator matched:
      - @ConditionalOnMissingBean (names: viewNameTranslator; SearchStrategy: all) did not find any beans (OnBeanCondition)

   WebMvcAutoConfiguration.WebMvcAutoConfigurationAdapter#defaultViewResolver matched:
      - @ConditionalOnMissingBean (types: org.springframework.web.servlet.view.InternalResourceViewResolver; SearchStrategy: all) did not find any beans (OnBeanCondition)

   WebMvcAutoConfiguration.WebMvcAutoConfigurationAdapter#requestContextFilter matched:
      - @ConditionalOnMissingBean (types: org.springframework.web.context.request.RequestContextListener,org.springframework.web.filter.RequestContextFilter; SearchStrategy: all) did not find any beans (OnBeanCondition)

   WebMvcAutoConfiguration.WebMvcAutoConfigurationAdapter#viewResolver matched:
      - @ConditionalOnBean (types: org.springframework.web.servlet.ViewResolver; SearchStrategy: all) found beans 'defaultViewResolver', 'beanNameViewResolver', 'mvcViewResolver'; @ConditionalOnMissingBean (names: viewResolver types: org.springframework.web.servlet.view.ContentNegotiatingViewResolver; SearchStrategy: all) did not find any beans (OnBeanCondition)


Negative matches:
-----------------

   AopAutoConfiguration.AspectJAutoProxyingConfiguration.JdkDynamicAutoProxyConfiguration:
      Did not match:
         - @ConditionalOnBooleanProperty (spring.aop.proxy-target-class=false) did not find property 'spring.aop.proxy-target-class' (OnPropertyCondition)

   AopAutoConfiguration.ClassProxyingConfiguration:
      Did not match:
         - @ConditionalOnMissingClass found unwanted class 'org.aspectj.weaver.Advice' (OnClassCondition)

   DataJpaRepositoriesAutoConfiguration#entityManagerFactoryBootstrapExecutorCustomizer:
      Did not match:
         - AnyNestedCondition 0 matched 2 did not; NestedCondition on DataJpaRepositoriesAutoConfiguration.BootstrapExecutorCondition.LazyBootstrapMode @ConditionalOnProperty (spring.data.jpa.repositories.bootstrap-mode=lazy) did not find property 'spring.data.jpa.repositories.bootstrap-mode'; NestedCondition on DataJpaRepositoriesAutoConfiguration.BootstrapExecutorCondition.DeferredBootstrapMode @ConditionalOnProperty (spring.data.jpa.repositories.bootstrap-mode=deferred) did not find property 'spring.data.jpa.repositories.bootstrap-mode' (DataJpaRepositoriesAutoConfiguration.BootstrapExecutorCondition)

   DataRepositoryMetricsAutoConfiguration:
      Did not match:
         - @ConditionalOnBean did not find required type 'io.micrometer.core.instrument.MeterRegistry' (OnBeanCondition)

   DataSourceAutoConfiguration.EmbeddedDatabaseConfiguration:
      Did not match:
         - EmbeddedDataSource spring.datasource.url is set (DataSourceAutoConfiguration.EmbeddedDatabaseCondition)

   DataSourceAutoConfiguration.PooledDataSourceConfiguration:
      Did not match:
         - @ConditionalOnMissingBean (types: javax.sql.DataSource,javax.sql.XADataSource; SearchStrategy: all) found beans of type 'javax.sql.DataSource' getDataSource (OnBeanCondition)
      Matched:
         - AnyNestedCondition 1 matched 1 did not; NestedCondition on DataSourceAutoConfiguration.PooledDataSourceCondition.PooledDataSourceAvailable PooledDataSource found supported DataSource; NestedCondition on DataSourceAutoConfiguration.PooledDataSourceCondition.ExplicitType @ConditionalOnProperty (spring.datasource.type) did not find property 'spring.datasource.type' (DataSourceAutoConfiguration.PooledDataSourceCondition)

   DataSourceCheckpointRestoreConfiguration:
      Did not match:
         - @ConditionalOnClass did not find required class 'org.crac.Resource' (OnClassCondition)

   DataSourceConfiguration.Dbcp2:
      Did not match:
         - @ConditionalOnClass did not find required class 'org.apache.commons.dbcp2.BasicDataSource' (OnClassCondition)

   DataSourceConfiguration.Generic:
      Did not match:
         - @ConditionalOnProperty (spring.datasource.type) did not find property 'spring.datasource.type' (OnPropertyCondition)

   DataSourceConfiguration.OracleUcp:
      Did not match:
         - @ConditionalOnClass did not find required classes 'oracle.ucp.jdbc.PoolDataSourceImpl', 'oracle.jdbc.OracleConnection' (OnClassCondition)

   DataSourceConfiguration.Tomcat:
      Did not match:
         - @ConditionalOnClass did not find required class 'org.apache.tomcat.jdbc.pool.DataSource' (OnClassCondition)

   DataSourceHealthContributorAutoConfiguration:
      Did not match:
         - @ConditionalOnClass did not find required class 'org.springframework.boot.health.autoconfigure.contributor.ConditionalOnEnabledHealthIndicator' (OnClassCondition)

   DataSourceJmxConfiguration:
      Did not match:
         - @ConditionalOnBooleanProperty (spring.jmx.enabled=true) found different value in property 'spring.jmx.enabled' (OnPropertyCondition)

   DataSourcePoolMetadataProvidersConfiguration.CommonsDbcp2PoolDataSourceMetadataProviderConfiguration:
      Did not match:
         - @ConditionalOnClass did not find required class 'org.apache.commons.dbcp2.BasicDataSource' (OnClassCondition)

   DataSourcePoolMetadataProvidersConfiguration.OracleUcpPoolDataSourceMetadataProviderConfiguration:
      Did not match:
         - @ConditionalOnClass did not find required classes 'oracle.ucp.jdbc.PoolDataSource', 'oracle.jdbc.OracleConnection' (OnClassCondition)

   DataSourcePoolMetadataProvidersConfiguration.TomcatDataSourcePoolMetadataProviderConfiguration:
      Did not match:
         - @ConditionalOnClass did not find required class 'org.apache.tomcat.jdbc.pool.DataSource' (OnClassCondition)

   DataSourcePoolMetricsAutoConfiguration:
      Did not match:
         - @ConditionalOnClass did not find required class 'io.micrometer.core.instrument.MeterRegistry' (OnClassCondition)

   DataSourceTransactionManagerAutoConfiguration.JdbcTransactionManagerConfiguration#transactionManager:
      Did not match:
         - @ConditionalOnMissingBean (types: org.springframework.transaction.TransactionManager; SearchStrategy: all) found beans of type 'org.springframework.transaction.TransactionManager' transactionManager (OnBeanCondition)

   DispatcherServletAutoConfiguration.DispatcherServletConfiguration#multipartResolver:
      Did not match:
         - @ConditionalOnBean (types: org.springframework.web.multipart.MultipartResolver; SearchStrategy: all) did not find any beans of type org.springframework.web.multipart.MultipartResolver (OnBeanCondition)

   GsonHttpMessageConvertersConfiguration:
      Did not match:
         - @ConditionalOnClass did not find required class 'com.google.gson.Gson' (OnClassCondition)

   HibernateMetricsAutoConfiguration:
      Did not match:
         - @ConditionalOnClass did not find required class 'io.micrometer.core.instrument.MeterRegistry' (OnClassCondition)

   Jackson2HttpMessageConvertersConfiguration.MappingJackson2HttpMessageConverterConfiguration:
      Did not match:
         - @ConditionalOnClass did not find required class 'com.fasterxml.jackson.databind.ObjectMapper' (OnClassCondition)

   Jackson2HttpMessageConvertersConfiguration.MappingJackson2XmlHttpMessageConverterConfiguration:
      Did not match:
         - @ConditionalOnClass did not find required class 'tools.jackson.dataformat.xml.XmlMapper' (OnClassCondition)

   JacksonAutoConfiguration.CborConfiguration:
      Did not match:
         - @ConditionalOnClass did not find required class 'tools.jackson.dataformat.cbor.CBORMapper' (OnClassCondition)

   JacksonAutoConfiguration.XmlConfiguration:
      Did not match:
         - @ConditionalOnClass did not find required class 'tools.jackson.dataformat.xml.XmlMapper' (OnClassCondition)

   JacksonHttpMessageConvertersConfiguration.JacksonXmlHttpMessageConverterConfiguration:
      Did not match:
         - @ConditionalOnClass did not find required class 'tools.jackson.dataformat.xml.XmlMapper' (OnClassCondition)

   JmxAutoConfiguration:
      Did not match:
         - @ConditionalOnBooleanProperty (spring.jmx.enabled=true) found different value in property 'spring.jmx.enabled' (OnPropertyCondition)
      Matched:
         - @ConditionalOnClass found required class 'org.springframework.jmx.export.MBeanExporter' (OnClassCondition)

   JndiDataSourceAutoConfiguration:
      Did not match:
         - @ConditionalOnProperty (spring.datasource.jndi-name) did not find property 'spring.datasource.jndi-name' (OnPropertyCondition)
      Matched:
         - @ConditionalOnClass found required classes 'javax.sql.DataSource', 'org.springframework.jdbc.datasource.embedded.EmbeddedDatabaseType' (OnClassCondition)

   JndiJtaConfiguration:
      Did not match:
         - @ConditionalOnJndi JNDI environment is not available (OnJndiCondition)
      Matched:
         - @ConditionalOnClass found required class 'org.springframework.transaction.jta.JtaTransactionManager' (OnClassCondition)

   JsonbHttpMessageConvertersConfiguration:
      Did not match:
         - @ConditionalOnClass did not find required class 'jakarta.json.bind.Jsonb' (OnClassCondition)

   KotlinSerializationHttpMessageConvertersConfiguration:
      Did not match:
         - @ConditionalOnClass did not find required classes 'kotlinx.serialization.Serializable', 'kotlinx.serialization.json.Json' (OnClassCondition)

   ManagementWebSecurityAutoConfiguration:
      Did not match:
         - @ConditionalOnClass did not find required class 'org.springframework.boot.actuate.autoconfigure.endpoint.web.WebEndpointAutoConfiguration' (OnClassCondition)

   MessageSourceAutoConfiguration:
      Did not match:
         - ResourceBundle did not find bundle with basename messages (MessageSourceAutoConfiguration.ResourceBundleCondition)

   ProjectInfoAutoConfiguration#buildProperties:
      Did not match:
         - @ConditionalOnResource did not find resource '${spring.info.build.location:classpath:META-INF/build-info.properties}' (OnResourceCondition)

   ProjectInfoAutoConfiguration#gitProperties:
      Did not match:
         - GitResource did not find git info at classpath:git.properties (ProjectInfoAutoConfiguration.GitResourceAvailableCondition)

   RSocketSecurityAutoConfiguration:
      Did not match:
         - @ConditionalOnClass did not find required class 'org.springframework.boot.rsocket.server.RSocketServerCustomizer' (OnClassCondition)

   ReactiveManagementWebSecurityAutoConfiguration:
      Did not match:
         - @ConditionalOnClass did not find required class 'org.springframework.boot.actuate.autoconfigure.endpoint.web.WebEndpointAutoConfiguration' (OnClassCondition)

   ReactiveUserDetailsServiceAutoConfiguration:
      Did not match:
         - AnyNestedCondition 0 matched 2 did not; NestedCondition on ReactiveUserDetailsServiceAutoConfiguration.RSocketEnabledOrReactiveWebApplication.ReactiveWebApplicationCondition did not find reactive web application classes; NestedCondition on ReactiveUserDetailsServiceAutoConfiguration.RSocketEnabledOrReactiveWebApplication.RSocketSecurityEnabledCondition @ConditionalOnBean (types: ?; SearchStrategy: all) did not find any beans of type ? (ReactiveUserDetailsServiceAutoConfiguration.RSocketEnabledOrReactiveWebApplication)
      Matched:
         - @ConditionalOnClass found required class 'org.springframework.security.authentication.ReactiveAuthenticationManager' (OnClassCondition)
         - AnyNestedCondition 1 matched 2 did not; NestedCondition on MissingAlternativeUserDetailsManagerOrUserPropertiesConfigured.PasswordConfigured @ConditionalOnProperty (spring.security.user.password) did not find property 'spring.security.user.password'; NestedCondition on MissingAlternativeUserDetailsManagerOrUserPropertiesConfigured.NameConfigured @ConditionalOnProperty (spring.security.user.name) did not find property 'spring.security.user.name'; NestedCondition on MissingAlternativeUserDetailsManagerOrUserPropertiesConfigured.MissingAlternative @ConditionalOnMissingClass did not find unwanted classes 'org.springframework.security.oauth2.client.registration.ClientRegistrationRepository', 'org.springframework.security.oauth2.server.resource.introspection.OpaqueTokenIntrospector', 'org.springframework.security.saml2.provider.service.registration.RelyingPartyRegistrationRepository' (MissingAlternativeUserDetailsManagerOrUserPropertiesConfigured)

   ReactiveWebSecurityAutoConfiguration:
      Did not match:
         - @ConditionalOnClass did not find required class 'reactor.core.publisher.Flux' (OnClassCondition)

   SecurityAutoConfiguration.SecurityDataConfiguration:
      Did not match:
         - @ConditionalOnClass did not find required class 'org.springframework.security.data.repository.query.SecurityEvaluationContextExtension' (OnClassCondition)

   ServletHttpExchangesAutoConfiguration:
      Did not match:
         - @ConditionalOnBean did not find required type 'org.springframework.boot.actuate.web.exchanges.HttpExchangeRepository' (OnBeanCondition)

   ServletManagementContextAutoConfiguration:
      Did not match:
         - @ConditionalOnClass did not find required class 'org.springframework.boot.actuate.autoconfigure.endpoint.web.WebEndpointProperties' (OnClassCondition)

   ServletMappingsAutoConfiguration:
      Did not match:
         - @ConditionalOnClass did not find required class 'org.springframework.boot.actuate.autoconfigure.endpoint.condition.ConditionalOnAvailableEndpoint' (OnClassCondition)

   ServletWebSecurityAutoConfiguration.EnableWebSecurityConfiguration:
      Did not match:
         - @ConditionalOnMissingBean (names: springSecurityFilterChain; SearchStrategy: all) found beans named springSecurityFilterChain (OnBeanCondition)
      Matched:
         - @ConditionalOnClass found required class 'org.springframework.security.config.annotation.web.configuration.EnableWebSecurity' (OnClassCondition)

   ServletWebSecurityAutoConfiguration.SecurityFilterChainConfiguration:
      Did not match:
         - AllNestedConditions 1 matched 1 did not; NestedCondition on DefaultWebSecurityCondition.Beans @ConditionalOnMissingBean (types: org.springframework.security.web.SecurityFilterChain; SearchStrategy: all) found beans of type 'org.springframework.security.web.SecurityFilterChain' securityFilterChain; NestedCondition on DefaultWebSecurityCondition.Classes @ConditionalOnClass found required classes 'org.springframework.security.web.SecurityFilterChain', 'org.springframework.security.config.annotation.web.builders.HttpSecurity' (DefaultWebSecurityCondition)

   ServletWebServerConfiguration#forwardedHeaderFilter:
      Did not match:
         - @ConditionalOnProperty (server.forward-headers-strategy=framework) did not find property 'server.forward-headers-strategy' (OnPropertyCondition)

   SpringApplicationAdminJmxAutoConfiguration:
      Did not match:
         - @ConditionalOnBooleanProperty (spring.application.admin.enabled=true) did not find property 'spring.application.admin.enabled' (OnPropertyCondition)

   TaskExecutorConfigurations.AsyncConfigurerWrapperConfiguration:
      Did not match:
         - @ConditionalOnBean (types: org.springframework.scheduling.annotation.AsyncConfigurer; SearchStrategy: all) did not find any beans of type org.springframework.scheduling.annotation.AsyncConfigurer (OnBeanCondition)

   TaskExecutorConfigurations.SimpleAsyncTaskExecutorBuilderConfiguration#simpleAsyncTaskExecutorBuilderVirtualThreads:
      Did not match:
         - @ConditionalOnMissingBean (types: org.springframework.boot.task.SimpleAsyncTaskExecutorBuilder; SearchStrategy: all) found beans of type 'org.springframework.boot.task.SimpleAsyncTaskExecutorBuilder' simpleAsyncTaskExecutorBuilder (OnBeanCondition)

   TaskExecutorConfigurations.TaskExecutorConfiguration#applicationTaskExecutorVirtualThreads:
      Did not match:
         - @ConditionalOnThreading did not find VIRTUAL (OnThreadingCondition)

   TaskSchedulingAutoConfiguration#scheduledBeanLazyInitializationExcludeFilter:
      Did not match:
         - @ConditionalOnBean (names: org.springframework.scheduling.config.internalScheduledAnnotationProcessor; SearchStrategy: all) did not find any beans named org.springframework.scheduling.config.internalScheduledAnnotationProcessor (OnBeanCondition)

   TaskSchedulingConfigurations.SimpleAsyncTaskSchedulerBuilderConfiguration#simpleAsyncTaskSchedulerBuilderVirtualThreads:
      Did not match:
         - @ConditionalOnMissingBean (types: org.springframework.boot.task.SimpleAsyncTaskSchedulerBuilder; SearchStrategy: all) found beans of type 'org.springframework.boot.task.SimpleAsyncTaskSchedulerBuilder' simpleAsyncTaskSchedulerBuilder (OnBeanCondition)

   TaskSchedulingConfigurations.TaskSchedulerConfiguration:
      Did not match:
         - @ConditionalOnBean (names: org.springframework.scheduling.config.internalScheduledAnnotationProcessor; SearchStrategy: all) did not find any beans named org.springframework.scheduling.config.internalScheduledAnnotationProcessor (OnBeanCondition)

   TomcatMetricsAutoConfiguration:
      Did not match:
         - @ConditionalOnClass did not find required class 'io.micrometer.core.instrument.binder.tomcat.TomcatMetrics' (OnClassCondition)

   TomcatReactiveManagementContextAutoConfiguration:
      Did not match:
         - @ConditionalOnClass did not find required class 'org.springframework.boot.actuate.autoconfigure.web.server.ManagementContextFactory' (OnClassCondition)

   TomcatReactiveWebServerAutoConfiguration:
      Did not match:
         - @ConditionalOnWebApplication did not find reactive web application classes (OnWebApplicationCondition)

   TomcatServletManagementContextAutoConfiguration:
      Did not match:
         - @ConditionalOnClass did not find required class 'org.springframework.boot.actuate.autoconfigure.web.server.ManagementContextFactory' (OnClassCondition)

   TomcatServletWebServerAutoConfiguration#tomcatForwardedHeaderFilterCustomizer:
      Did not match:
         - @ConditionalOnProperty (server.forward-headers-strategy=framework) did not find property 'server.forward-headers-strategy' (OnPropertyCondition)

   TomcatWebServerConfiguration#tomcatVirtualThreadsProtocolHandlerCustomizer:
      Did not match:
         - @ConditionalOnThreading did not find VIRTUAL (OnThreadingCondition)

   TransactionAutoConfiguration#transactionalOperator:
      Did not match:
         - @ConditionalOnSingleCandidate (types: org.springframework.transaction.ReactiveTransactionManager; SearchStrategy: all) did not find any beans (OnBeanCondition)

   TransactionAutoConfiguration.AspectJTransactionManagementConfiguration:
      Did not match:
         - @ConditionalOnBean (types: org.springframework.transaction.aspectj.AbstractTransactionAspect; SearchStrategy: all) did not find any beans of type org.springframework.transaction.aspectj.AbstractTransactionAspect (OnBeanCondition)

   TransactionAutoConfiguration.EnableTransactionManagementConfiguration.JdkDynamicAutoProxyConfiguration:
      Did not match:
         - @ConditionalOnBooleanProperty (spring.aop.proxy-target-class=false) did not find property 'spring.aop.proxy-target-class' (OnPropertyCondition)

   WebMvcAutoConfiguration#hiddenHttpMethodFilter:
      Did not match:
         - @ConditionalOnBooleanProperty (spring.mvc.hiddenmethod.filter.enabled=true) did not find property 'spring.mvc.hiddenmethod.filter.enabled' (OnPropertyCondition)

   WebMvcAutoConfiguration.ProblemDetailsErrorHandlingConfiguration:
      Did not match:
         - @ConditionalOnBooleanProperty (spring.mvc.problemdetails.enabled=true) did not find property 'spring.mvc.problemdetails.enabled' (OnPropertyCondition)

   WebMvcAutoConfiguration.ResourceChainCustomizerConfiguration:
      Did not match:
         - @ConditionalOnEnabledResourceChain did not find class org.webjars.WebJarVersionLocator (OnEnabledResourceChainCondition)

   WebMvcAutoConfiguration.WebMvcAutoConfigurationAdapter#beanNameViewResolver:
      Did not match:
         - @ConditionalOnMissingBean (types: org.springframework.web.servlet.view.BeanNameViewResolver; SearchStrategy: all) found beans of type 'org.springframework.web.servlet.view.BeanNameViewResolver' beanNameViewResolver (OnBeanCondition)

   WebMvcHealthEndpointExtensionAutoConfiguration:
      Did not match:
         - @ConditionalOnClass did not find required class 'org.springframework.boot.health.actuate.endpoint.HealthEndpoint' (OnClassCondition)

   WebMvcMappingsAutoConfiguration:
      Did not match:
         - @ConditionalOnClass did not find required class 'org.springframework.boot.actuate.autoconfigure.endpoint.condition.ConditionalOnAvailableEndpoint' (OnClassCondition)

   WebMvcObservationAutoConfiguration:
      Did not match:
         - @ConditionalOnBean (types: io.micrometer.observation.ObservationRegistry; SearchStrategy: all) did not find any beans of type io.micrometer.observation.ObservationRegistry (OnBeanCondition)
      Matched:
         - @ConditionalOnClass found required classes 'org.springframework.web.servlet.DispatcherServlet', 'io.micrometer.observation.Observation' (OnClassCondition)
         - found 'session' scope (OnWebApplicationCondition)

   WebMvcObservationAutoConfiguration.MeterFilterConfiguration:
      Did not match:
         - @ConditionalOnClass did not find required class 'io.micrometer.core.instrument.MeterRegistry' (OnClassCondition)
         - Ancestor org.springframework.boot.webmvc.autoconfigure.WebMvcObservationAutoConfiguration did not match (ConditionEvaluationReport.AncestorsMatchedCondition)

   XADataSourceAutoConfiguration:
      Did not match:
         - @ConditionalOnBean (types: org.springframework.boot.jdbc.XADataSourceWrapper; SearchStrategy: all) did not find any beans of type org.springframework.boot.jdbc.XADataSourceWrapper (OnBeanCondition)
      Matched:
         - @ConditionalOnClass found required classes 'javax.sql.DataSource', 'jakarta.transaction.TransactionManager', 'org.springframework.jdbc.datasource.embedded.EmbeddedDatabaseType' (OnClassCondition)


Exclusions:
-----------

    None


Unconditional classes:
----------------------

    org.springframework.boot.autoconfigure.context.ConfigurationPropertiesAutoConfiguration

    org.springframework.boot.autoconfigure.ssl.SslAutoConfiguration

    org.springframework.boot.autoconfigure.context.LifecycleAutoConfiguration

    org.springframework.boot.autoconfigure.context.PropertyPlaceholderAutoConfiguration

    org.springframework.boot.autoconfigure.availability.ApplicationAvailabilityAutoConfiguration

    org.springframework.boot.autoconfigure.info.ProjectInfoAutoConfiguration



2026-01-30 18:31:28 [main] DEBUG org.springframework.boot.availability.ApplicationAvailabilityBean - Application availability state LivenessState changed to CORRECT
2026-01-30 18:31:28 [main] DEBUG org.springframework.boot.availability.ApplicationAvailabilityBean - Application availability state ReadinessState changed to ACCEPTING_TRAFFIC
2026-01-30 18:31:28 [main] DEBUG org.springframework.test.context.cache - Spring test ApplicationContext cache statistics: [DefaultContextCache@48841b10 size = 1, maxSize = 32, contextUsageCount = 0, parentContextCount = 0, hitCount = 0, missCount = 1, failureCount = 0]
2026-01-30 18:31:28 [main] DEBUG org.springframework.test.context.cache - Spring test ApplicationContext cache statistics: [DefaultContextCache@48841b10 size = 1, maxSize = 32, contextUsageCount = 1, parentContextCount = 0, hitCount = 1, missCount = 1, failureCount = 0]
2026-01-30 18:31:29 [main] DEBUG org.springframework.test.context.support.DirtiesContextBeforeModesTestExecutionListener - Before test method: class [TestTransactionService], method [transactionList], class annotated with @DirtiesContext [false] with mode [null], method annotated with @DirtiesContext [false] with mode [null]
2026-01-30 18:31:29 [main] DEBUG org.springframework.test.context.cache - Spring test ApplicationContext cache statistics: [DefaultContextCache@48841b10 size = 1, maxSize = 32, contextUsageCount = 1, parentContextCount = 0, hitCount = 2, missCount = 1, failureCount = 0]
2026-01-30 18:31:29 [main] DEBUG org.springframework.test.context.cache - Spring test ApplicationContext cache statistics: [DefaultContextCache@48841b10 size = 1, maxSize = 32, contextUsageCount = 1, parentContextCount = 0, hitCount = 3, missCount = 1, failureCount = 0]
2026-01-30 18:31:29 [main] DEBUG org.springframework.test.context.cache - Spring test ApplicationContext cache statistics: [DefaultContextCache@48841b10 size = 1, maxSize = 32, contextUsageCount = 1, parentContextCount = 0, hitCount = 4, missCount = 1, failureCount = 0]
2026-01-30 18:31:31 [main] DEBUG jdk.event.security - X509Certificate: Alg:SHA256withRSA, Serial:57:0a:11:97:42:c4:e3:cc, Subject:CN=Actalis Authentication Root CA, O=Actalis S.p.A./03358520967, L=Milan, C=IT, Issuer:CN=Actalis Authentication Root CA, O=Actalis S.p.A./03358520967, L=Milan, C=IT, Key type:RSA, Length:4096, Cert Id:1729119956, Valid from:9/22/11, 6:22 PM, Valid until:9/22/30, 6:22 PM
2026-01-30 18:31:31 [main] DEBUG jdk.event.security - X509Certificate: Alg:SHA1withRSA, Serial:01, Subject:CN=AddTrust External CA Root, OU=AddTrust External TTP Network, O=AddTrust AB, C=SE, Issuer:CN=AddTrust External CA Root, OU=AddTrust External TTP Network, O=AddTrust AB, C=SE, Key type:RSA, Length:2048, Cert Id:-326352672, Valid from:5/30/00, 5:48 PM, Valid until:5/30/20, 5:48 PM
2026-01-30 18:31:31 [main] DEBUG jdk.event.security - X509Certificate: Alg:SHA1withRSA, Serial:01, Subject:CN=AddTrust Qualified CA Root, OU=AddTrust TTP Network, O=AddTrust AB, C=SE, Issuer:CN=AddTrust Qualified CA Root, OU=AddTrust TTP Network, O=AddTrust AB, C=SE, Key type:RSA, Length:2048, Cert Id:607365522, Valid from:5/30/00, 5:44 PM, Valid until:5/30/20, 5:44 PM
2026-01-30 18:31:31 [main] DEBUG jdk.event.security - X509Certificate: Alg:SHA256withRSA, Serial:06:6c:9f:cf:99:bf:8c:0a:39:e2:f0:78:8a:43:e6:96:36:5b:ca, Subject:CN=Amazon Root CA 1, O=Amazon, C=US, Issuer:CN=Amazon Root CA 1, O=Amazon, C=US, Key type:RSA, Length:2048, Cert Id:-1472444962, Valid from:5/26/15, 7:00 AM, Valid until:1/17/38, 7:00 AM
2026-01-30 18:31:31 [main] DEBUG jdk.event.security - X509Certificate: Alg:SHA384withRSA, Serial:06:6c:9f:d2:96:35:86:9f:0a:0f:e5:86:78:f8:5b:26:bb:8a:37, Subject:CN=Amazon Root CA 2, O=Amazon, C=US, Issuer:CN=Amazon Root CA 2, O=Amazon, C=US, Key type:RSA, Length:4096, Cert Id:-1766132388, Valid from:5/26/15, 7:00 AM, Valid until:5/26/40, 7:00 AM
2026-01-30 18:31:31 [main] DEBUG jdk.event.security - X509Certificate: Alg:SHA256withECDSA, Serial:06:6c:9f:d5:74:97:36:66:3f:3b:0b:9a:d9:e8:9e:76:03:f2:4a, Subject:CN=Amazon Root CA 3, O=Amazon, C=US, Issuer:CN=Amazon Root CA 3, O=Amazon, C=US, Key type:EC, Length:256, Cert Id:-1562287523, Valid from:5/26/15, 7:00 AM, Valid until:5/26/40, 7:00 AM
2026-01-30 18:31:31 [main] DEBUG jdk.event.security - X509Certificate: Alg:SHA384withECDSA, Serial:06:6c:9f:d7:c1:bb:10:4c:29:43:e5:71:7b:7b:2c:c8:1a:c1:0e, Subject:CN=Amazon Root CA 4, O=Amazon, C=US, Issuer:CN=Amazon Root CA 4, O=Amazon, C=US, Key type:EC, Length:384, Cert Id:-1654272513, Valid from:5/26/15, 7:00 AM, Valid until:5/26/40, 7:00 AM
2026-01-30 18:31:31 [main] DEBUG jdk.event.security - X509Certificate: Alg:SHA256withRSA, Serial:02, Subject:CN=Buypass Class 2 Root CA, O=Buypass AS-983163327, C=NO, Issuer:CN=Buypass Class 2 Root CA, O=Buypass AS-983163327, C=NO, Key type:RSA, Length:4096, Cert Id:969960563, Valid from:10/26/10, 3:38 PM, Valid until:10/26/40, 3:38 PM
2026-01-30 18:31:31 [main] DEBUG jdk.event.security - X509Certificate: Alg:SHA256withRSA, Serial:02, Subject:CN=Buypass Class 3 Root CA, O=Buypass AS-983163327, C=NO, Issuer:CN=Buypass Class 3 Root CA, O=Buypass AS-983163327, C=NO, Key type:RSA, Length:4096, Cert Id:1264269967, Valid from:10/26/10, 3:28 PM, Valid until:10/26/40, 3:28 PM
2026-01-30 18:31:31 [main] DEBUG jdk.event.security - X509Certificate: Alg:SHA1withRSA, Serial:00:a3:da:42:7e:a4:b1:ae:da, Subject:CN=Chambers of Commerce Root - 2008, O=AC Camerfirma S.A., SERIALNUMBER=A82743287, L=Madrid (see current address at www.camerfirma.com/address), C=EU, Issuer:CN=Chambers of Commerce Root - 2008, O=AC Camerfirma S.A., SERIALNUMBER=A82743287, L=Madrid (see current address at www.camerfirma.com/address), C=EU, Key type:RSA, Length:4096, Cert Id:-28263924, Valid from:8/1/08, 7:29 PM, Valid until:7/31/38, 7:29 PM
2026-01-30 18:31:31 [main] DEBUG jdk.event.security - X509Certificate: Alg:SHA384withECDSA, Serial:06:25:33:b1:47:03:33:27:5c:f9:8d:9a:b9:bf:cc:f8, Subject:CN=Certainly Root E1, O=Certainly, C=US, Issuer:CN=Certainly Root E1, O=Certainly, C=US, Key type:EC, Length:384, Cert Id:792571453, Valid from:4/1/21, 7:00 AM, Valid until:4/1/46, 7:00 AM
2026-01-30 18:31:31 [main] DEBUG jdk.event.security - X509Certificate: Alg:SHA256withRSA, Serial:00:8e:0f:f9:4b:90:71:68:65:33:54:f4:d4:44:39:b7:e0, Subject:CN=Certainly Root R1, O=Certainly, C=US, Issuer:CN=Certainly Root R1, O=Certainly, C=US, Key type:RSA, Length:4096, Cert Id:-2039008761, Valid from:4/1/21, 7:00 AM, Valid until:4/1/46, 7:00 AM
2026-01-30 18:31:31 [main] DEBUG jdk.event.security - X509Certificate: Alg:SHA1withRSA, Serial:00:fe:dc:e3:01:0f:c9:48:ff, Subject:CN=Certigna, O=Dhimyotis, C=FR, Issuer:CN=Certigna, O=Dhimyotis, C=FR, Key type:RSA, Length:2048, Cert Id:-788091456, Valid from:6/29/07, 10:13 PM, Valid until:6/29/27, 10:13 PM
2026-01-30 18:31:31 [main] DEBUG jdk.event.security - X509Certificate: Alg:SHA256withRSA, Serial:00:ca:e9:1b:89:f1:55:03:0d:a3:e6:41:6d:c4:e3:a6:e1, Subject:CN=Certigna Root CA, OU=0002 48146308100036, O=Dhimyotis, C=FR, Issuer:CN=Certigna Root CA, OU=0002 48146308100036, O=Dhimyotis, C=FR, Key type:RSA, Length:4096, Cert Id:356684591, Valid from:10/1/13, 3:32 PM, Valid until:10/1/33, 3:32 PM
2026-01-30 18:31:31 [main] DEBUG jdk.event.security - X509Certificate: Alg:SHA1withRSA, Serial:01:00:20, Subject:CN=Certum CA, O=Unizeto Sp. z o.o., C=PL, Issuer:CN=Certum CA, O=Unizeto Sp. z o.o., C=PL, Key type:RSA, Length:2048, Cert Id:-744451266, Valid from:6/11/02, 5:46 PM, Valid until:6/11/27, 5:46 PM
2026-01-30 18:31:31 [main] DEBUG jdk.event.security - X509Certificate: Alg:SHA1withRSA, Serial:04:44:c0, Subject:CN=Certum Trusted Network CA, OU=Certum Certification Authority, O=Unizeto Technologies S.A., C=PL, Issuer:CN=Certum Trusted Network CA, OU=Certum Certification Authority, O=Unizeto Technologies S.A., C=PL, Key type:RSA, Length:2048, Cert Id:2014002193, Valid from:10/22/08, 7:07 PM, Valid until:12/31/29, 7:07 PM
2026-01-30 18:31:31 [main] DEBUG jdk.event.security - X509Certificate: Alg:SHA1withRSA, Serial:15:c8:bd:65:47:5c:af:b8:97:00:5e:e4:06:d2:bc:9d, Subject:OU=ePKI Root Certification Authority, O="Chunghwa Telecom Co., Ltd.", C=TW, Issuer:OU=ePKI Root Certification Authority, O="Chunghwa Telecom Co., Ltd.", C=TW, Key type:RSA, Length:4096, Cert Id:-662636137, Valid from:12/20/04, 9:31 AM, Valid until:12/20/34, 9:31 AM
2026-01-30 18:31:31 [main] DEBUG jdk.event.security - X509Certificate: Alg:SHA1withRSA, Serial:01, Subject:CN=AAA Certificate Services, O=Comodo CA Limited, L=Salford, ST=Greater Manchester, C=GB, Issuer:CN=AAA Certificate Services, O=Comodo CA Limited, L=Salford, ST=Greater Manchester, C=GB, Key type:RSA, Length:2048, Cert Id:-1197580894, Valid from:1/1/04, 7:00 AM, Valid until:1/1/29, 6:59 AM
2026-01-30 18:31:31 [main] DEBUG jdk.event.security - X509Certificate: Alg:SHA384withECDSA, Serial:1f:47:af:aa:62:00:70:50:54:4c:01:9e:9b:63:99:2a, Subject:CN=COMODO ECC Certification Authority, O=COMODO CA Limited, L=Salford, ST=Greater Manchester, C=GB, Issuer:CN=COMODO ECC Certification Authority, O=COMODO CA Limited, L=Salford, ST=Greater Manchester, C=GB, Key type:EC, Length:384, Cert Id:1146488932, Valid from:3/6/08, 7:00 AM, Valid until:1/19/38, 6:59 AM
2026-01-30 18:31:31 [main] DEBUG jdk.event.security - X509Certificate: Alg:SHA384withRSA, Serial:4c:aa:f9:ca:db:63:6f:e0:1f:f7:4e:d8:5b:03:86:9d, Subject:CN=COMODO RSA Certification Authority, O=COMODO CA Limited, L=Salford, ST=Greater Manchester, C=GB, Issuer:CN=COMODO RSA Certification Authority, O=COMODO CA Limited, L=Salford, ST=Greater Manchester, C=GB, Key type:RSA, Length:4096, Cert Id:1769425049, Valid from:1/19/10, 7:00 AM, Valid until:1/19/38, 6:59 AM
2026-01-30 18:31:31 [main] DEBUG jdk.event.security - X509Certificate: Alg:SHA256withRSA, Serial:0b:93:1c:3a:d6:39:67:ea:67:23:bf:c3:af:9a:f4:4b, Subject:CN=DigiCert Assured ID Root G2, OU=www.digicert.com, O=DigiCert Inc, C=US, Issuer:CN=DigiCert Assured ID Root G2, OU=www.digicert.com, O=DigiCert Inc, C=US, Key type:RSA, Length:2048, Cert Id:-385398383, Valid from:8/1/13, 7:00 PM, Valid until:1/15/38, 7:00 PM
2026-01-30 18:31:31 [main] DEBUG jdk.event.security - X509Certificate: Alg:SHA384withECDSA, Serial:0b:a1:5a:fa:1d:df:a0:b5:49:44:af:cd:24:a0:6c:ec, Subject:CN=DigiCert Assured ID Root G3, OU=www.digicert.com, O=DigiCert Inc, C=US, Issuer:CN=DigiCert Assured ID Root G3, OU=www.digicert.com, O=DigiCert Inc, C=US, Key type:EC, Length:384, Cert Id:-645537245, Valid from:8/1/13, 7:00 PM, Valid until:1/15/38, 7:00 PM
2026-01-30 18:31:31 [main] DEBUG jdk.event.security - X509Certificate: Alg:SHA1withRSA, Serial:0c:e7:e0:e5:17:d8:46:fe:8f:e5:60:fc:1b:f0:30:39, Subject:CN=DigiCert Assured ID Root CA, OU=www.digicert.com, O=DigiCert Inc, C=US, Issuer:CN=DigiCert Assured ID Root CA, OU=www.digicert.com, O=DigiCert Inc, C=US, Key type:RSA, Length:2048, Cert Id:-860404528, Valid from:11/10/06, 7:00 AM, Valid until:11/10/31, 7:00 AM
2026-01-30 18:31:31 [main] DEBUG jdk.event.security - X509Certificate: Alg:SHA384withECDSA, Serial:03:69:8f:e7:12:d5:19:f3:ce:d0:fd:b7:b1:64:30:11, Subject:CN=DigiCert CS ECC P384 Root G5, O="DigiCert, Inc.", C=US, Issuer:CN=DigiCert CS ECC P384 Root G5, O="DigiCert, Inc.", C=US, Key type:EC, Length:384, Cert Id:381797637, Valid from:1/15/21, 7:00 AM, Valid until:1/15/46, 6:59 AM
2026-01-30 18:31:31 [main] DEBUG jdk.event.security - X509Certificate: Alg:SHA384withRSA, Serial:06:ce:e1:31:be:6d:55:c8:07:f7:c0:c7:fb:44:e6:20, Subject:CN=DigiCert CS RSA4096 Root G5, O="DigiCert, Inc.", C=US, Issuer:CN=DigiCert CS RSA4096 Root G5, O="DigiCert, Inc.", C=US, Key type:RSA, Length:4096, Cert Id:1193514382, Valid from:1/15/21, 7:00 AM, Valid until:1/15/46, 6:59 AM
2026-01-30 18:31:31 [main] DEBUG jdk.event.security - X509Certificate: Alg:SHA1withRSA, Serial:08:3b:e0:56:90:42:46:b1:a1:75:6a:c9:59:91:c7:4a, Subject:CN=DigiCert Global Root CA, OU=www.digicert.com, O=DigiCert Inc, C=US, Issuer:CN=DigiCert Global Root CA, OU=www.digicert.com, O=DigiCert Inc, C=US, Key type:RSA, Length:2048, Cert Id:1341898239, Valid from:11/10/06, 7:00 AM, Valid until:11/10/31, 7:00 AM
2026-01-30 18:31:31 [main] DEBUG jdk.event.security - X509Certificate: Alg:SHA256withRSA, Serial:03:3a:f1:e6:a7:11:a9:a0:bb:28:64:b1:1d:09:fa:e5, Subject:CN=DigiCert Global Root G2, OU=www.digicert.com, O=DigiCert Inc, C=US, Issuer:CN=DigiCert Global Root G2, OU=www.digicert.com, O=DigiCert Inc, C=US, Key type:RSA, Length:2048, Cert Id:1136084297, Valid from:8/1/13, 7:00 PM, Valid until:1/15/38, 7:00 PM
2026-01-30 18:31:31 [main] DEBUG jdk.event.security - X509Certificate: Alg:SHA384withECDSA, Serial:05:55:56:bc:f2:5e:a4:35:35:c3:a4:0f:d5:ab:45:72, Subject:CN=DigiCert Global Root G3, OU=www.digicert.com, O=DigiCert Inc, C=US, Issuer:CN=DigiCert Global Root G3, OU=www.digicert.com, O=DigiCert Inc, C=US, Key type:EC, Length:384, Cert Id:-795968543, Valid from:8/1/13, 7:00 PM, Valid until:1/15/38, 7:00 PM
2026-01-30 18:31:31 [main] DEBUG jdk.event.security - X509Certificate: Alg:SHA1withRSA, Serial:02:ac:5c:26:6a:0b:40:9b:8f:0b:79:f2:ae:46:25:77, Subject:CN=DigiCert High Assurance EV Root CA, OU=www.digicert.com, O=DigiCert Inc, C=US, Issuer:CN=DigiCert High Assurance EV Root CA, OU=www.digicert.com, O=DigiCert Inc, C=US, Key type:RSA, Length:2048, Cert Id:-1410680354, Valid from:11/10/06, 7:00 AM, Valid until:11/10/31, 7:00 AM
2026-01-30 18:31:31 [main] DEBUG jdk.event.security - X509Certificate: Alg:SHA384withECDSA, Serial:09:e0:93:65:ac:f7:d9:c8:b9:3e:1c:0b:04:2a:2e:f3, Subject:CN=DigiCert TLS ECC P384 Root G5, O="DigiCert, Inc.", C=US, Issuer:CN=DigiCert TLS ECC P384 Root G5, O="DigiCert, Inc.", C=US, Key type:EC, Length:384, Cert Id:-354195278, Valid from:1/15/21, 7:00 AM, Valid until:1/15/46, 6:59 AM
2026-01-30 18:31:31 [main] DEBUG jdk.event.security - X509Certificate: Alg:SHA384withRSA, Serial:08:f9:b4:78:a8:fa:7e:da:6a:33:37:89:de:7c:cf:8a, Subject:CN=DigiCert TLS RSA4096 Root G5, O="DigiCert, Inc.", C=US, Issuer:CN=DigiCert TLS RSA4096 Root G5, O="DigiCert, Inc.", C=US, Key type:RSA, Length:4096, Cert Id:165956757, Valid from:1/15/21, 7:00 AM, Valid until:1/15/46, 6:59 AM
2026-01-30 18:31:31 [main] DEBUG jdk.event.security - X509Certificate: Alg:SHA384withRSA, Serial:05:9b:1b:57:9e:8e:21:32:e2:39:07:bd:a7:77:75:5c, Subject:CN=DigiCert Trusted Root G4, OU=www.digicert.com, O=DigiCert Inc, C=US, Issuer:CN=DigiCert Trusted Root G4, OU=www.digicert.com, O=DigiCert Inc, C=US, Key type:RSA, Length:4096, Cert Id:1057369358, Valid from:8/1/13, 7:00 PM, Valid until:1/15/38, 7:00 PM
2026-01-30 18:31:31 [main] DEBUG jdk.event.security - X509Certificate: Alg:SHA256withRSA, Serial:09:83:f3, Subject:CN=D-TRUST Root Class 3 CA 2 2009, O=D-Trust GmbH, C=DE, Issuer:CN=D-TRUST Root Class 3 CA 2 2009, O=D-Trust GmbH, C=DE, Key type:RSA, Length:2048, Cert Id:1430153102, Valid from:11/5/09, 3:35 PM, Valid until:11/5/29, 3:35 PM
2026-01-30 18:31:31 [main] DEBUG jdk.event.security - X509Certificate: Alg:SHA256withRSA, Serial:09:83:f4, Subject:CN=D-TRUST Root Class 3 CA 2 EV 2009, O=D-Trust GmbH, C=DE, Issuer:CN=D-TRUST Root Class 3 CA 2 EV 2009, O=D-Trust GmbH, C=DE, Key type:RSA, Length:2048, Cert Id:971313728, Valid from:11/5/09, 3:50 PM, Valid until:11/5/29, 3:50 PM
2026-01-30 18:31:31 [main] DEBUG jdk.event.security - X509Certificate: Alg:SHA384withECDSA, Serial:3c:f6:07:a9:68:70:0e:da:8b:84, Subject:CN=emSign ECC Root CA - G3, O=eMudhra Technologies Limited, OU=emSign PKI, C=IN, Issuer:CN=emSign ECC Root CA - G3, O=eMudhra Technologies Limited, OU=emSign PKI, C=IN, Key type:EC, Length:384, Cert Id:-462931589, Valid from:2/19/18, 1:30 AM, Valid until:2/19/43, 1:30 AM
2026-01-30 18:31:31 [main] DEBUG jdk.event.security - X509Certificate: Alg:SHA256withRSA, Serial:31:f5:e4:62:0c:6c:58:ed:d6:d8, Subject:CN=emSign Root CA - G1, O=eMudhra Technologies Limited, OU=emSign PKI, C=IN, Issuer:CN=emSign Root CA - G1, O=eMudhra Technologies Limited, OU=emSign PKI, C=IN, Key type:RSA, Length:2048, Cert Id:392709196, Valid from:2/19/18, 1:30 AM, Valid until:2/19/43, 1:30 AM
2026-01-30 18:31:31 [main] DEBUG jdk.event.security - X509Certificate: Alg:SHA384withRSA, Serial:00:86:4d:bf:0f:e3:5e:d7:7d:8e:d8, Subject:CN=emSign Root CA - G2, O=eMudhra Technologies Limited, OU=emSign PKI, C=IN, Issuer:CN=emSign Root CA - G2, O=eMudhra Technologies Limited, OU=emSign PKI, C=IN, Key type:RSA, Length:4096, Cert Id:-921027170, Valid from:2/19/18, 1:30 AM, Valid until:2/19/43, 1:30 AM
2026-01-30 18:31:31 [main] DEBUG jdk.event.security - X509Certificate: Alg:SHA1withRSA, Serial:38:63:de:f8, Subject:CN=Entrust.net Certification Authority (2048), OU=(c) 1999 Entrust.net Limited, OU=www.entrust.net/CPS_2048 incorp. by ref. (limits liab.), O=Entrust.net, Issuer:CN=Entrust.net Certification Authority (2048), OU=(c) 1999 Entrust.net Limited, OU=www.entrust.net/CPS_2048 incorp. by ref. (limits liab.), O=Entrust.net, Key type:RSA, Length:2048, Cert Id:-328536082, Valid from:12/25/99, 12:50 AM, Valid until:7/24/29, 9:15 PM
2026-01-30 18:31:31 [main] DEBUG jdk.event.security - X509Certificate: Alg:SHA1withRSA, Serial:45:6b:50:54, Subject:CN=Entrust Root Certification Authority, OU="(c) 2006 Entrust, Inc.", OU=www.entrust.net/CPS is incorporated by reference, O="Entrust, Inc.", C=US, Issuer:CN=Entrust Root Certification Authority, OU="(c) 2006 Entrust, Inc.", OU=www.entrust.net/CPS is incorporated by reference, O="Entrust, Inc.", C=US, Key type:RSA, Length:2048, Cert Id:-1261404096, Valid from:11/28/06, 3:23 AM, Valid until:11/28/26, 3:53 AM
2026-01-30 18:31:31 [main] DEBUG jdk.event.security - X509Certificate: Alg:SHA384withECDSA, Serial:00:a6:8b:79:29:00:00:00:00:50:d0:91:f9, Subject:CN=Entrust Root Certification Authority - EC1, OU="(c) 2012 Entrust, Inc. - for authorized use only", OU=See www.entrust.net/legal-terms, O="Entrust, Inc.", C=US, Issuer:CN=Entrust Root Certification Authority - EC1, OU="(c) 2012 Entrust, Inc. - for authorized use only", OU=See www.entrust.net/legal-terms, O="Entrust, Inc.", C=US, Key type:EC, Length:384, Cert Id:924514073, Valid from:12/18/12, 10:25 PM, Valid until:12/18/37, 10:55 PM
2026-01-30 18:31:31 [main] DEBUG jdk.event.security - X509Certificate: Alg:SHA256withRSA, Serial:4a:53:8c:28, Subject:CN=Entrust Root Certification Authority - G2, OU="(c) 2009 Entrust, Inc. - for authorized use only", OU=See www.entrust.net/legal-terms, O="Entrust, Inc.", C=US, Issuer:CN=Entrust Root Certification Authority - G2, OU="(c) 2009 Entrust, Inc. - for authorized use only", OU=See www.entrust.net/legal-terms, O="Entrust, Inc.", C=US, Key type:RSA, Length:2048, Cert Id:1936920337, Valid from:7/8/09, 12:25 AM, Valid until:12/8/30, 12:55 AM
2026-01-30 18:31:31 [main] DEBUG jdk.event.security - X509Certificate: Alg:SHA256withRSA, Serial:00:d9:b5:43:7f:af:a9:39:0f:00:00:00:00:55:65:ad:58, Subject:CN=Entrust Root Certification Authority - G4, OU="(c) 2015 Entrust, Inc. - for authorized use only", OU=See www.entrust.net/legal-terms, O="Entrust, Inc.", C=US, Issuer:CN=Entrust Root Certification Authority - G4, OU="(c) 2015 Entrust, Inc. - for authorized use only", OU=See www.entrust.net/legal-terms, O="Entrust, Inc.", C=US, Key type:RSA, Length:4096, Cert Id:1368037548, Valid from:5/27/15, 6:11 PM, Valid until:12/27/37, 6:41 PM
2026-01-30 18:31:31 [main] DEBUG jdk.event.security - X509Certificate: Alg:SHA1withRSA, Serial:02:34:56, Subject:CN=GeoTrust Global CA, O=GeoTrust Inc., C=US, Issuer:CN=GeoTrust Global CA, O=GeoTrust Inc., C=US, Key type:RSA, Length:2048, Cert Id:-2028617374, Valid from:5/21/02, 11:00 AM, Valid until:5/21/22, 11:00 AM
2026-01-30 18:31:31 [main] DEBUG jdk.event.security - X509Certificate: Alg:SHA1withRSA, Serial:18:ac:b5:6a:fd:69:b6:15:3a:63:6c:af:da:fa:c4:a1, Subject:CN=GeoTrust Primary Certification Authority, O=GeoTrust Inc., C=US, Issuer:CN=GeoTrust Primary Certification Authority, O=GeoTrust Inc., C=US, Key type:RSA, Length:2048, Cert Id:-965345157, Valid from:11/27/06, 7:00 AM, Valid until:7/17/36, 6:59 AM
2026-01-30 18:31:31 [main] DEBUG jdk.event.security - X509Certificate: Alg:SHA384withECDSA, Serial:3c:b2:f4:48:0a:00:e2:fe:eb:24:3b:5e:60:3e:c3:6b, Subject:CN=GeoTrust Primary Certification Authority - G2, OU=(c) 2007 GeoTrust Inc. - For authorized use only, O=GeoTrust Inc., C=US, Issuer:CN=GeoTrust Primary Certification Authority - G2, OU=(c) 2007 GeoTrust Inc. - For authorized use only, O=GeoTrust Inc., C=US, Key type:EC, Length:384, Cert Id:-1114303822, Valid from:11/5/07, 7:00 AM, Valid until:1/19/38, 6:59 AM
2026-01-30 18:31:31 [main] DEBUG jdk.event.security - X509Certificate: Alg:SHA256withRSA, Serial:15:ac:6e:94:19:b2:79:4b:41:f6:27:a9:c3:18:0f:1f, Subject:CN=GeoTrust Primary Certification Authority - G3, OU=(c) 2008 GeoTrust Inc. - For authorized use only, O=GeoTrust Inc., C=US, Issuer:CN=GeoTrust Primary Certification Authority - G3, OU=(c) 2008 GeoTrust Inc. - For authorized use only, O=GeoTrust Inc., C=US, Key type:RSA, Length:2048, Cert Id:-1330153758, Valid from:4/2/08, 7:00 AM, Valid until:12/2/37, 6:59 AM
2026-01-30 18:31:31 [main] DEBUG jdk.event.security - X509Certificate: Alg:SHA1withRSA, Serial:01, Subject:CN=GeoTrust Universal CA, O=GeoTrust Inc., C=US, Issuer:CN=GeoTrust Universal CA, O=GeoTrust Inc., C=US, Key type:RSA, Length:4096, Cert Id:313566089, Valid from:3/4/04, 12:00 PM, Valid until:3/4/29, 12:00 PM
2026-01-30 18:31:31 [main] DEBUG jdk.event.security - X509Certificate: Alg:SHA1withRSA, Serial:04:00:00:00:00:01:15:4b:5a:c3:94, Subject:CN=GlobalSign Root CA, OU=Root CA, O=GlobalSign nv-sa, C=BE, Issuer:CN=GlobalSign Root CA, OU=Root CA, O=GlobalSign nv-sa, C=BE, Key type:RSA, Length:2048, Cert Id:536948034, Valid from:9/1/98, 7:00 PM, Valid until:1/28/28, 7:00 PM
2026-01-30 18:31:31 [main] DEBUG jdk.event.security - X509Certificate: Alg:SHA384withECDSA, Serial:11:d2:bb:ba:33:6e:d4:bc:e6:24:68:c5:0d:84:1d:98:e8:43, Subject:CN=GlobalSign Root E46, O=GlobalSign nv-sa, C=BE, Issuer:CN=GlobalSign Root E46, O=GlobalSign nv-sa, C=BE, Key type:EC, Length:384, Cert Id:-889363391, Valid from:3/20/19, 7:00 AM, Valid until:3/20/46, 7:00 AM
2026-01-30 18:31:31 [main] DEBUG jdk.event.security - X509Certificate: Alg:SHA256withECDSA, Serial:2a:38:a4:1c:96:0a:04:de:42:b2:28:a5:0b:e8:34:98:02, Subject:CN=GlobalSign, O=GlobalSign, OU=GlobalSign ECC Root CA - R4, Issuer:CN=GlobalSign, O=GlobalSign, OU=GlobalSign ECC Root CA - R4, Key type:EC, Length:256, Cert Id:-1923273545, Valid from:11/13/12, 7:00 AM, Valid until:1/19/38, 10:14 AM
2026-01-30 18:31:31 [main] DEBUG jdk.event.security - X509Certificate: Alg:SHA384withECDSA, Serial:60:59:49:e0:26:2e:bb:55:f9:0a:77:8a:71:f9:4a:d8:6c, Subject:CN=GlobalSign, O=GlobalSign, OU=GlobalSign ECC Root CA - R5, Issuer:CN=GlobalSign, O=GlobalSign, OU=GlobalSign ECC Root CA - R5, Key type:EC, Length:384, Cert Id:1997048439, Valid from:11/13/12, 7:00 AM, Valid until:1/19/38, 10:14 AM
2026-01-30 18:31:31 [main] DEBUG jdk.event.security - X509Certificate: Alg:SHA256withRSA, Serial:04:00:00:00:00:01:21:58:53:08:a2, Subject:CN=GlobalSign, O=GlobalSign, OU=GlobalSign Root CA - R3, Issuer:CN=GlobalSign, O=GlobalSign, OU=GlobalSign Root CA - R3, Key type:RSA, Length:2048, Cert Id:733875591, Valid from:3/18/09, 5:00 PM, Valid until:3/18/29, 5:00 PM
2026-01-30 18:31:31 [main] DEBUG jdk.event.security - X509Certificate: Alg:SHA384withRSA, Serial:11:d2:bb:b9:d7:23:18:9e:40:5f:0a:9d:2d:d0:df:25:67:d1, Subject:CN=GlobalSign Root R46, O=GlobalSign nv-sa, C=BE, Issuer:CN=GlobalSign Root R46, O=GlobalSign nv-sa, C=BE, Key type:RSA, Length:4096, Cert Id:1275948927, Valid from:3/20/19, 7:00 AM, Valid until:3/20/46, 7:00 AM
2026-01-30 18:31:31 [main] DEBUG jdk.event.security - X509Certificate: Alg:SHA384withRSA, Serial:45:e6:bb:03:83:33:c3:85:65:48:e6:ff:45:51, Subject:CN=GlobalSign, O=GlobalSign, OU=GlobalSign Root CA - R6, Issuer:CN=GlobalSign, O=GlobalSign, OU=GlobalSign Root CA - R6, Key type:RSA, Length:4096, Cert Id:-506627753, Valid from:12/10/14, 7:00 AM, Valid until:12/10/34, 7:00 AM
2026-01-30 18:31:31 [main] DEBUG jdk.event.security - X509Certificate: Alg:SHA1withRSA, Serial:00, Subject:OU=Go Daddy Class 2 Certification Authority, O="The Go Daddy Group, Inc.", C=US, Issuer:OU=Go Daddy Class 2 Certification Authority, O="The Go Daddy Group, Inc.", C=US, Key type:RSA, Length:2048, Cert Id:-271444299, Valid from:6/30/04, 12:06 AM, Valid until:6/30/34, 12:06 AM
2026-01-30 18:31:31 [main] DEBUG jdk.event.security - X509Certificate: Alg:SHA256withRSA, Serial:00, Subject:CN=Go Daddy Root Certificate Authority - G2, O="GoDaddy.com, Inc.", L=Scottsdale, ST=Arizona, C=US, Issuer:CN=Go Daddy Root Certificate Authority - G2, O="GoDaddy.com, Inc.", L=Scottsdale, ST=Arizona, C=US, Key type:RSA, Length:2048, Cert Id:439600313, Valid from:9/1/09, 7:00 AM, Valid until:1/1/38, 6:59 AM
2026-01-30 18:31:31 [main] DEBUG jdk.event.security - X509Certificate: Alg:SHA384withRSA, Serial:02:03:e5:93:6f:31:b0:13:49:88:6b:a2:17, Subject:CN=GTS Root R1, O=Google Trust Services LLC, C=US, Issuer:CN=GTS Root R1, O=Google Trust Services LLC, C=US, Key type:RSA, Length:4096, Cert Id:657172038, Valid from:6/22/16, 7:00 AM, Valid until:6/22/36, 7:00 AM
2026-01-30 18:31:31 [main] DEBUG jdk.event.security - X509Certificate: Alg:SHA384withRSA, Serial:02:03:e5:ae:c5:8d:04:25:1a:ab:11:25:aa, Subject:CN=GTS Root R2, O=Google Trust Services LLC, C=US, Issuer:CN=GTS Root R2, O=Google Trust Services LLC, C=US, Key type:RSA, Length:4096, Cert Id:948387669, Valid from:6/22/16, 7:00 AM, Valid until:6/22/36, 7:00 AM
2026-01-30 18:31:31 [main] DEBUG jdk.event.security - X509Certificate: Alg:SHA384withECDSA, Serial:02:03:e5:b8:82:eb:20:f8:25:27:6d:3d:66, Subject:CN=GTS Root R3, O=Google Trust Services LLC, C=US, Issuer:CN=GTS Root R3, O=Google Trust Services LLC, C=US, Key type:EC, Length:384, Cert Id:1163081155, Valid from:6/22/16, 7:00 AM, Valid until:6/22/36, 7:00 AM
2026-01-30 18:31:31 [main] DEBUG jdk.event.security - X509Certificate: Alg:SHA384withECDSA, Serial:02:03:e5:c0:68:ef:63:1a:9c:72:90:50:52, Subject:CN=GTS Root R4, O=Google Trust Services LLC, C=US, Issuer:CN=GTS Root R4, O=Google Trust Services LLC, C=US, Key type:EC, Length:384, Cert Id:1326433111, Valid from:6/22/16, 7:00 AM, Valid until:6/22/36, 7:00 AM
2026-01-30 18:31:31 [main] DEBUG jdk.event.security - X509Certificate: Alg:SHA256withECDSA, Serial:00, Subject:CN=Hellenic Academic and Research Institutions ECC RootCA 2015, O=Hellenic Academic and Research Institutions Cert. Authority, L=Athens, C=GR, Issuer:CN=Hellenic Academic and Research Institutions ECC RootCA 2015, O=Hellenic Academic and Research Institutions Cert. Authority, L=Athens, C=GR, Key type:EC, Length:384, Cert Id:513613456, Valid from:7/7/15, 5:37 PM, Valid until:6/30/40, 5:37 PM
2026-01-30 18:31:31 [main] DEBUG jdk.event.security - X509Certificate: Alg:SHA256withRSA, Serial:00, Subject:CN=Hellenic Academic and Research Institutions RootCA 2015, O=Hellenic Academic and Research Institutions Cert. Authority, L=Athens, C=GR, Issuer:CN=Hellenic Academic and Research Institutions RootCA 2015, O=Hellenic Academic and Research Institutions Cert. Authority, L=Athens, C=GR, Key type:RSA, Length:4096, Cert Id:-802976731, Valid from:7/7/15, 5:11 PM, Valid until:6/30/40, 5:11 PM
2026-01-30 18:31:31 [main] DEBUG jdk.event.security - X509Certificate: Alg:SHA256withRSA, Serial:0a:01:42:80:00:00:01:45:23:c8:44:b5:00:00:00:02, Subject:CN=IdenTrust Commercial Root CA 1, O=IdenTrust, C=US, Issuer:CN=IdenTrust Commercial Root CA 1, O=IdenTrust, C=US, Key type:RSA, Length:4096, Cert Id:1232565210, Valid from:1/17/14, 1:12 AM, Valid until:1/17/34, 1:12 AM
2026-01-30 18:31:31 [main] DEBUG jdk.event.security - X509Certificate: Alg:SHA256withRSA, Serial:0a:01:42:80:00:00:01:45:23:cf:46:7c:00:00:00:02, Subject:CN=IdenTrust Public Sector Root CA 1, O=IdenTrust, C=US, Issuer:CN=IdenTrust Public Sector Root CA 1, O=IdenTrust, C=US, Key type:RSA, Length:4096, Cert Id:2123370772, Valid from:1/17/14, 12:53 AM, Valid until:1/17/34, 12:53 AM
2026-01-30 18:31:31 [main] DEBUG jdk.event.security - X509Certificate: Alg:SHA256withRSA, Serial:00:82:10:cf:b0:d2:40:e3:59:44:63:e0:bb:63:82:8b:00, Subject:CN=ISRG Root X1, O=Internet Security Research Group, C=US, Issuer:CN=ISRG Root X1, O=Internet Security Research Group, C=US, Key type:RSA, Length:4096, Cert Id:1521974916, Valid from:6/4/15, 6:04 PM, Valid until:6/4/35, 6:04 PM
2026-01-30 18:31:31 [main] DEBUG jdk.event.security - X509Certificate: Alg:SHA384withECDSA, Serial:41:d2:9d:d1:72:ea:ee:a7:80:c1:2c:6c:e9:2f:87:52, Subject:CN=ISRG Root X2, O=Internet Security Research Group, C=US, Issuer:CN=ISRG Root X2, O=Internet Security Research Group, C=US, Key type:EC, Length:384, Cert Id:-896325052, Valid from:9/4/20, 7:00 AM, Valid until:9/17/40, 11:00 PM
2026-01-30 18:31:31 [main] DEBUG jdk.event.security - X509Certificate: Alg:SHA256withRSA, Serial:0a:7e:a6:df:4b:44:9e:da:6a:24:85:9e:e6:b8:15:d3:16:7f:bb:b1, Subject:CN=LuxTrust Global Root 2, O=LuxTrust S.A., C=LU, Issuer:CN=LuxTrust Global Root 2, O=LuxTrust S.A., C=LU, Key type:RSA, Length:4096, Cert Id:-1239330694, Valid from:3/5/15, 8:21 PM, Valid until:3/5/35, 8:21 PM
2026-01-30 18:31:31 [main] DEBUG jdk.event.security - X509Certificate: Alg:SHA256withRSA, Serial:0b:b8, Subject:CN=LuxTrust Global Root, O=LuxTrust s.a., C=LU, Issuer:CN=LuxTrust Global Root, O=LuxTrust s.a., C=LU, Key type:RSA, Length:2048, Cert Id:1714819687, Valid from:3/17/11, 4:51 PM, Valid until:3/17/21, 4:51 PM
2026-01-30 18:31:31 [main] DEBUG jdk.event.security - X509Certificate: Alg:SHA384withECDSA, Serial:66:f2:3d:af:87:de:8b:b1:4a:ea:0c:57:31:01:c2:ec, Subject:CN=Microsoft ECC Root Certificate Authority 2017, O=Microsoft Corporation, C=US, Issuer:CN=Microsoft ECC Root Certificate Authority 2017, O=Microsoft Corporation, C=US, Key type:EC, Length:384, Cert Id:-1054206011, Valid from:12/19/19, 6:06 AM, Valid until:7/19/42, 6:16 AM
2026-01-30 18:31:31 [main] DEBUG jdk.event.security - X509Certificate: Alg:SHA384withRSA, Serial:1e:d3:97:09:5f:d8:b4:b3:47:70:1e:aa:be:7f:45:b3, Subject:CN=Microsoft RSA Root Certificate Authority 2017, O=Microsoft Corporation, C=US, Issuer:CN=Microsoft RSA Root Certificate Authority 2017, O=Microsoft Corporation, C=US, Key type:RSA, Length:4096, Cert Id:-1446618248, Valid from:12/19/19, 5:51 AM, Valid until:7/19/42, 6:00 AM
2026-01-30 18:31:31 [main] DEBUG jdk.event.security - X509Certificate: Alg:SHA1withRSA, Serial:3a:b6:50:8b, Subject:CN=QuoVadis Root Certification Authority, OU=Root Certification Authority, O=QuoVadis Limited, C=BM, Issuer:CN=QuoVadis Root Certification Authority, OU=Root Certification Authority, O=QuoVadis Limited, C=BM, Key type:RSA, Length:2048, Cert Id:-1882405602, Valid from:3/20/01, 1:33 AM, Valid until:3/18/21, 1:33 AM
2026-01-30 18:31:31 [main] DEBUG jdk.event.security - X509Certificate: Alg:SHA256withRSA, Serial:78:58:5f:2e:ad:2c:19:4b:e3:37:07:35:34:13:28:b5:96:d4:65:93, Subject:CN=QuoVadis Root CA 1 G3, O=QuoVadis Limited, C=BM, Issuer:CN=QuoVadis Root CA 1 G3, O=QuoVadis Limited, C=BM, Key type:RSA, Length:4096, Cert Id:-762436034, Valid from:1/13/12, 12:27 AM, Valid until:1/13/42, 12:27 AM
2026-01-30 18:31:31 [main] DEBUG jdk.event.security - X509Certificate: Alg:SHA1withRSA, Serial:05:09, Subject:CN=QuoVadis Root CA 2, O=QuoVadis Limited, C=BM, Issuer:CN=QuoVadis Root CA 2, O=QuoVadis Limited, C=BM, Key type:RSA, Length:4096, Cert Id:338250116, Valid from:11/25/06, 1:27 AM, Valid until:11/25/31, 1:23 AM
2026-01-30 18:31:31 [main] DEBUG jdk.event.security - X509Certificate: Alg:SHA256withRSA, Serial:44:57:34:24:5b:81:89:9b:35:f2:ce:b8:2b:3b:5b:a7:26:f0:75:28, Subject:CN=QuoVadis Root CA 2 G3, O=QuoVadis Limited, C=BM, Issuer:CN=QuoVadis Root CA 2 G3, O=QuoVadis Limited, C=BM, Key type:RSA, Length:4096, Cert Id:696763521, Valid from:1/13/12, 1:59 AM, Valid until:1/13/42, 1:59 AM
2026-01-30 18:31:31 [main] DEBUG jdk.event.security - X509Certificate: Alg:SHA1withRSA, Serial:05:c6, Subject:CN=QuoVadis Root CA 3, O=QuoVadis Limited, C=BM, Issuer:CN=QuoVadis Root CA 3, O=QuoVadis Limited, C=BM, Key type:RSA, Length:4096, Cert Id:1470392860, Valid from:11/25/06, 2:11 AM, Valid until:11/25/31, 2:06 AM
2026-01-30 18:31:31 [main] DEBUG jdk.event.security - X509Certificate: Alg:SHA256withRSA, Serial:2e:f5:9b:02:28:a7:db:7a:ff:d5:a3:a9:ee:bd:03:a0:cf:12:6a:1d, Subject:CN=QuoVadis Root CA 3 G3, O=QuoVadis Limited, C=BM, Issuer:CN=QuoVadis Root CA 3 G3, O=QuoVadis Limited, C=BM, Key type:RSA, Length:4096, Cert Id:-705622991, Valid from:1/13/12, 3:26 AM, Valid until:1/13/42, 3:26 AM
2026-01-30 18:31:31 [main] DEBUG jdk.event.security - X509Certificate: Alg:SHA256withRSA, Serial:00, Subject:OU=Security Communication RootCA2, O="SECOM Trust Systems CO.,LTD.", C=JP, Issuer:OU=Security Communication RootCA2, O="SECOM Trust Systems CO.,LTD.", C=JP, Key type:RSA, Length:2048, Cert Id:1521072570, Valid from:5/29/09, 12:00 PM, Valid until:5/29/29, 12:00 PM
2026-01-30 18:31:31 [main] DEBUG jdk.event.security - X509Certificate: Alg:SHA384withECDSA, Serial:50:24:9b:a2:ef:8e:a6:bf:6c:2c:1f:1a:63:85:d4:c3, Subject:CN=Sectigo Public Code Signing Root E46, O=Sectigo Limited, C=GB, Issuer:CN=Sectigo Public Code Signing Root E46, O=Sectigo Limited, C=GB, Key type:EC, Length:384, Cert Id:-1151688055, Valid from:3/22/21, 7:00 AM, Valid until:3/22/46, 6:59 AM
2026-01-30 18:31:31 [main] DEBUG jdk.event.security - X509Certificate: Alg:SHA384withRSA, Serial:4b:2c:3b:01:01:8b:ad:2a:bc:8c:7b:5b:3e:ed:90:57, Subject:CN=Sectigo Public Code Signing Root R46, O=Sectigo Limited, C=GB, Issuer:CN=Sectigo Public Code Signing Root R46, O=Sectigo Limited, C=GB, Key type:RSA, Length:4096, Cert Id:-1627198254, Valid from:3/22/21, 7:00 AM, Valid until:3/22/46, 6:59 AM
2026-01-30 18:31:31 [main] DEBUG jdk.event.security - X509Certificate: Alg:SHA384withECDSA, Serial:42:f2:cc:da:1b:69:37:44:5f:15:fe:75:28:10:b8:f4, Subject:CN=Sectigo Public Server Authentication Root E46, O=Sectigo Limited, C=GB, Issuer:CN=Sectigo Public Server Authentication Root E46, O=Sectigo Limited, C=GB, Key type:EC, Length:384, Cert Id:-505582027, Valid from:3/22/21, 7:00 AM, Valid until:3/22/46, 6:59 AM
2026-01-30 18:31:31 [main] DEBUG jdk.event.security - X509Certificate: Alg:SHA384withRSA, Serial:75:8d:fd:8b:ae:7c:07:00:fa:a9:25:a7:e1:c7:ad:14, Subject:CN=Sectigo Public Server Authentication Root R46, O=Sectigo Limited, C=GB, Issuer:CN=Sectigo Public Server Authentication Root R46, O=Sectigo Limited, C=GB, Key type:RSA, Length:4096, Cert Id:-488315127, Valid from:3/22/21, 7:00 AM, Valid until:3/22/46, 6:59 AM
2026-01-30 18:31:31 [main] DEBUG jdk.event.security - X509Certificate: Alg:SHA1withRSA, Serial:0c:f0:8e:5c:08:16:a5:ad:42:7f:f0:eb:27:18:59:d0, Subject:CN=SecureTrust CA, O=SecureTrust Corporation, C=US, Issuer:CN=SecureTrust CA, O=SecureTrust Corporation, C=US, Key type:RSA, Length:2048, Cert Id:2034155325, Valid from:11/8/06, 2:31 AM, Valid until:1/1/30, 2:40 AM
2026-01-30 18:31:31 [main] DEBUG jdk.event.security - X509Certificate: Alg:SHA256withECDSA, Serial:75:e6:df:cb:c1:68:5b:a8, Subject:CN=SSL.com Root Certification Authority ECC, O=SSL Corporation, L=Houston, ST=Texas, C=US, Issuer:CN=SSL.com Root Certification Authority ECC, O=SSL Corporation, L=Houston, ST=Texas, C=US, Key type:EC, Length:384, Cert Id:-1368293613, Valid from:2/13/16, 1:14 AM, Valid until:2/13/41, 1:14 AM
2026-01-30 18:31:31 [main] DEBUG jdk.event.security - X509Certificate: Alg:SHA256withRSA, Serial:56:b6:29:cd:34:bc:78:f6, Subject:CN=SSL.com EV Root Certification Authority RSA R2, O=SSL Corporation, L=Houston, ST=Texas, C=US, Issuer:CN=SSL.com EV Root Certification Authority RSA R2, O=SSL Corporation, L=Houston, ST=Texas, C=US, Key type:RSA, Length:4096, Cert Id:1381862403, Valid from:6/1/17, 1:14 AM, Valid until:5/31/42, 1:14 AM
2026-01-30 18:31:31 [main] DEBUG jdk.event.security - X509Certificate: Alg:SHA256withRSA, Serial:7b:2c:9b:d3:16:80:32:99, Subject:CN=SSL.com Root Certification Authority RSA, O=SSL Corporation, L=Houston, ST=Texas, C=US, Issuer:CN=SSL.com Root Certification Authority RSA, O=SSL Corporation, L=Houston, ST=Texas, C=US, Key type:RSA, Length:4096, Cert Id:156725711, Valid from:2/13/16, 12:39 AM, Valid until:2/13/41, 12:39 AM
2026-01-30 18:31:31 [main] DEBUG jdk.event.security - X509Certificate: Alg:SHA384withECDSA, Serial:14:03:f5:ab:fb:37:8b:17:40:5b:e2:43:b2:a5:d1:c4, Subject:CN=SSL.com TLS ECC Root CA 2022, O=SSL Corporation, C=US, Issuer:CN=SSL.com TLS ECC Root CA 2022, O=SSL Corporation, C=US, Key type:EC, Length:384, Cert Id:683561703, Valid from:8/25/22, 11:33 PM, Valid until:8/19/46, 11:33 PM
2026-01-30 18:31:31 [main] DEBUG jdk.event.security - X509Certificate: Alg:SHA256withRSA, Serial:6f:be:da:ad:73:bd:08:40:e2:8b:4d:be:d4:f7:5b:91, Subject:CN=SSL.com TLS RSA Root CA 2022, O=SSL Corporation, C=US, Issuer:CN=SSL.com TLS RSA Root CA 2022, O=SSL Corporation, C=US, Key type:RSA, Length:4096, Cert Id:556880013, Valid from:8/25/22, 11:34 PM, Valid until:8/19/46, 11:34 PM
2026-01-30 18:31:31 [main] DEBUG jdk.event.security - X509Certificate: Alg:SHA1withRSA, Serial:00, Subject:OU=Starfield Class 2 Certification Authority, O="Starfield Technologies, Inc.", C=US, Issuer:OU=Starfield Class 2 Certification Authority, O="Starfield Technologies, Inc.", C=US, Key type:RSA, Length:2048, Cert Id:1825617644, Valid from:6/30/04, 12:39 AM, Valid until:6/30/34, 12:39 AM
2026-01-30 18:31:31 [main] DEBUG jdk.event.security - X509Certificate: Alg:SHA256withRSA, Serial:00, Subject:CN=Starfield Root Certificate Authority - G2, O="Starfield Technologies, Inc.", L=Scottsdale, ST=Arizona, C=US, Issuer:CN=Starfield Root Certificate Authority - G2, O="Starfield Technologies, Inc.", L=Scottsdale, ST=Arizona, C=US, Key type:RSA, Length:2048, Cert Id:-1026641587, Valid from:9/1/09, 7:00 AM, Valid until:1/1/38, 6:59 AM
2026-01-30 18:31:31 [main] DEBUG jdk.event.security - X509Certificate: Alg:SHA256withRSA, Serial:00, Subject:CN=Starfield Services Root Certificate Authority - G2, O="Starfield Technologies, Inc.", L=Scottsdale, ST=Arizona, C=US, Issuer:CN=Starfield Services Root Certificate Authority - G2, O="Starfield Technologies, Inc.", L=Scottsdale, ST=Arizona, C=US, Key type:RSA, Length:2048, Cert Id:1964785574, Valid from:9/1/09, 7:00 AM, Valid until:1/1/38, 6:59 AM
2026-01-30 18:31:31 [main] DEBUG jdk.event.security - X509Certificate: Alg:SHA1withRSA, Serial:00:bb:40:1c:43:f5:5e:4f:b0, Subject:CN=SwissSign Gold CA - G2, O=SwissSign AG, C=CH, Issuer:CN=SwissSign Gold CA - G2, O=SwissSign AG, C=CH, Key type:RSA, Length:4096, Cert Id:1516221943, Valid from:10/25/06, 3:30 PM, Valid until:10/25/36, 3:30 PM
2026-01-30 18:31:31 [main] DEBUG jdk.event.security - X509Certificate: Alg:SHA1withRSA, Serial:4e:b2:00:67:0c:03:5d:4f, Subject:CN=SwissSign Platinum CA - G2, O=SwissSign AG, C=CH, Issuer:CN=SwissSign Platinum CA - G2, O=SwissSign AG, C=CH, Key type:RSA, Length:4096, Cert Id:771312514, Valid from:10/25/06, 3:36 PM, Valid until:10/25/36, 3:36 PM
2026-01-30 18:31:31 [main] DEBUG jdk.event.security - X509Certificate: Alg:SHA1withRSA, Serial:4f:1b:d4:2f:54:bb:2f:4b, Subject:CN=SwissSign Silver CA - G2, O=SwissSign AG, C=CH, Issuer:CN=SwissSign Silver CA - G2, O=SwissSign AG, C=CH, Key type:RSA, Length:4096, Cert Id:126726124, Valid from:10/25/06, 3:32 PM, Valid until:10/25/36, 3:32 PM
2026-01-30 18:31:31 [main] DEBUG jdk.event.security - X509Certificate: Alg:SHA256withRSA, Serial:01:67:5f:27:d6:fe:7a:e3:e4:ac:be:09:5b:05:9e, Subject:CN=Telia Root CA v2, O=Telia Finland Oyj, C=FI, Issuer:CN=Telia Root CA v2, O=Telia Finland Oyj, C=FI, Key type:RSA, Length:4096, Cert Id:-821903320, Valid from:11/29/18, 6:55 PM, Valid until:11/29/43, 6:55 PM
2026-01-30 18:31:31 [main] DEBUG jdk.event.security - X509Certificate: Alg:SHA1withRSA, Serial:00:95:be:16:a0:f7:2e:46:f1:7b:39:82:72:fa:8b:cd:96, Subject:CN=TeliaSonera Root CA v1, O=TeliaSonera, Issuer:CN=TeliaSonera Root CA v1, O=TeliaSonera, Key type:RSA, Length:4096, Cert Id:1495358374, Valid from:10/18/07, 7:00 PM, Valid until:10/18/32, 7:00 PM
2026-01-30 18:31:31 [main] DEBUG jdk.event.security - X509Certificate: Alg:SHA1withRSA, Serial:34:4e:d5:57:20:d5:ed:ec:49:f4:2f:ce:37:db:2b:6d, Subject:CN=thawte Primary Root CA, OU="(c) 2006 thawte, Inc. - For authorized use only", OU=Certification Services Division, O="thawte, Inc.", C=US, Issuer:CN=thawte Primary Root CA, OU="(c) 2006 thawte, Inc. - For authorized use only", OU=Certification Services Division, O="thawte, Inc.", C=US, Key type:RSA, Length:2048, Cert Id:643000026, Valid from:11/17/06, 7:00 AM, Valid until:7/17/36, 6:59 AM
2026-01-30 18:31:31 [main] DEBUG jdk.event.security - X509Certificate: Alg:SHA384withECDSA, Serial:35:fc:26:5c:d9:84:4f:c9:3d:26:3d:57:9b:ae:d7:56, Subject:CN=thawte Primary Root CA - G2, OU="(c) 2007 thawte, Inc. - For authorized use only", O="thawte, Inc.", C=US, Issuer:CN=thawte Primary Root CA - G2, OU="(c) 2007 thawte, Inc. - For authorized use only", O="thawte, Inc.", C=US, Key type:EC, Length:384, Cert Id:2068083090, Valid from:11/5/07, 7:00 AM, Valid until:1/19/38, 6:59 AM
2026-01-30 18:31:31 [main] DEBUG jdk.event.security - X509Certificate: Alg:SHA256withRSA, Serial:60:01:97:b7:46:a7:ea:b4:b4:9a:d6:4b:2f:f7:90:fb, Subject:CN=thawte Primary Root CA - G3, OU="(c) 2008 thawte, Inc. - For authorized use only", OU=Certification Services Division, O="thawte, Inc.", C=US, Issuer:CN=thawte Primary Root CA - G3, OU="(c) 2008 thawte, Inc. - For authorized use only", OU=Certification Services Division, O="thawte, Inc.", C=US, Key type:RSA, Length:2048, Cert Id:1032730720, Valid from:4/2/08, 7:00 AM, Valid until:12/2/37, 6:59 AM
2026-01-30 18:31:31 [main] DEBUG jdk.event.security - X509Certificate: Alg:SHA256withRSA, Serial:01, Subject:CN=T-TeleSec GlobalRoot Class 2, OU=T-Systems Trust Center, O=T-Systems Enterprise Services GmbH, C=DE, Issuer:CN=T-TeleSec GlobalRoot Class 2, OU=T-Systems Trust Center, O=T-Systems Enterprise Services GmbH, C=DE, Key type:RSA, Length:2048, Cert Id:-1238464039, Valid from:10/1/08, 5:40 PM, Valid until:10/2/33, 6:59 AM
2026-01-30 18:31:31 [main] DEBUG jdk.event.security - X509Certificate: Alg:SHA256withRSA, Serial:01, Subject:CN=T-TeleSec GlobalRoot Class 3, OU=T-Systems Trust Center, O=T-Systems Enterprise Services GmbH, C=DE, Issuer:CN=T-TeleSec GlobalRoot Class 3, OU=T-Systems Trust Center, O=T-Systems Enterprise Services GmbH, C=DE, Key type:RSA, Length:2048, Cert Id:1894096264, Valid from:10/1/08, 5:29 PM, Valid until:10/2/33, 6:59 AM
2026-01-30 18:31:31 [main] DEBUG jdk.event.security - X509Certificate: Alg:SHA256withRSA, Serial:0c:be, Subject:CN=TWCA Global Root CA, OU=Root CA, O=TAIWAN-CA, C=TW, Issuer:CN=TWCA Global Root CA, OU=Root CA, O=TAIWAN-CA, C=TW, Key type:RSA, Length:4096, Cert Id:861175838, Valid from:6/27/12, 1:28 PM, Valid until:12/31/30, 10:59 PM
2026-01-30 18:31:31 [main] DEBUG jdk.event.security - X509Certificate: Alg:SHA384withECDSA, Serial:5c:8b:99:c5:5a:94:c5:d2:71:56:de:cd:89:80:cc:26, Subject:CN=USERTrust ECC Certification Authority, O=The USERTRUST Network, L=Jersey City, ST=New Jersey, C=US, Issuer:CN=USERTrust ECC Certification Authority, O=The USERTRUST Network, L=Jersey City, ST=New Jersey, C=US, Key type:EC, Length:384, Cert Id:-965679910, Valid from:2/1/10, 7:00 AM, Valid until:1/19/38, 6:59 AM
2026-01-30 18:31:31 [main] DEBUG jdk.event.security - X509Certificate: Alg:SHA384withRSA, Serial:01:fd:6d:30:fc:a3:ca:51:a8:1b:bc:64:0e:35:03:2d, Subject:CN=USERTrust RSA Certification Authority, O=The USERTRUST Network, L=Jersey City, ST=New Jersey, C=US, Issuer:CN=USERTrust RSA Certification Authority, O=The USERTRUST Network, L=Jersey City, ST=New Jersey, C=US, Key type:RSA, Length:4096, Cert Id:-347365895, Valid from:2/1/10, 7:00 AM, Valid until:1/19/38, 6:59 AM
2026-01-30 18:31:31 [main] DEBUG jdk.event.security - X509Certificate: Alg:SHA1withRSA, Serial:44:be:0c:8b:50:00:24:b4:11:d3:36:2d:e0:b3:5f:1b, Subject:CN=UTN-USERFirst-Object, OU=http://www.usertrust.com, O=The USERTRUST Network, L=Salt Lake City, ST=UT, C=US, Issuer:CN=UTN-USERFirst-Object, OU=http://www.usertrust.com, O=The USERTRUST Network, L=Salt Lake City, ST=UT, C=US, Key type:RSA, Length:2048, Cert Id:-297053428, Valid from:7/10/99, 1:31 AM, Valid until:7/10/19, 1:40 AM
2026-01-30 18:31:31 [main] DEBUG jdk.event.security - X509Certificate: Alg:SHA1withRSA, Serial:00:9b:7e:06:49:a3:3e:62:b9:d5:ee:90:48:71:29:ef:57, Subject:CN=VeriSign Class 3 Public Primary Certification Authority - G3, OU="(c) 1999 VeriSign, Inc. - For authorized use only", OU=VeriSign Trust Network, O="VeriSign, Inc.", C=US, Issuer:CN=VeriSign Class 3 Public Primary Certification Authority - G3, OU="(c) 1999 VeriSign, Inc. - For authorized use only", OU=VeriSign Trust Network, O="VeriSign, Inc.", C=US, Key type:RSA, Length:2048, Cert Id:2057300190, Valid from:10/1/99, 7:00 AM, Valid until:7/17/36, 6:59 AM
2026-01-30 18:31:31 [main] DEBUG jdk.event.security - X509Certificate: Alg:SHA384withECDSA, Serial:2f:80:fe:23:8c:0e:22:0f:48:67:12:28:91:87:ac:b3, Subject:CN=VeriSign Class 3 Public Primary Certification Authority - G4, OU="(c) 2007 VeriSign, Inc. - For authorized use only", OU=VeriSign Trust Network, O="VeriSign, Inc.", C=US, Issuer:CN=VeriSign Class 3 Public Primary Certification Authority - G4, OU="(c) 2007 VeriSign, Inc. - For authorized use only", OU=VeriSign Trust Network, O="VeriSign, Inc.", C=US, Key type:EC, Length:384, Cert Id:-131493977, Valid from:11/5/07, 7:00 AM, Valid until:1/19/38, 6:59 AM
2026-01-30 18:31:31 [main] DEBUG jdk.event.security - X509Certificate: Alg:SHA1withRSA, Serial:18:da:d1:9e:26:7d:e8:bb:4a:21:58:cd:cc:6b:3b:4a, Subject:CN=VeriSign Class 3 Public Primary Certification Authority - G5, OU="(c) 2006 VeriSign, Inc. - For authorized use only", OU=VeriSign Trust Network, O="VeriSign, Inc.", C=US, Issuer:CN=VeriSign Class 3 Public Primary Certification Authority - G5, OU="(c) 2006 VeriSign, Inc. - For authorized use only", OU=VeriSign Trust Network, O="VeriSign, Inc.", C=US, Key type:RSA, Length:2048, Cert Id:303010488, Valid from:11/8/06, 7:00 AM, Valid until:7/17/36, 6:59 AM
2026-01-30 18:31:31 [main] DEBUG jdk.event.security - X509Certificate: Alg:SHA256withRSA, Serial:40:1a:c4:64:21:b3:13:21:03:0e:bb:e4:12:1a:c5:1d, Subject:CN=VeriSign Universal Root Certification Authority, OU="(c) 2008 VeriSign, Inc. - For authorized use only", OU=VeriSign Trust Network, O="VeriSign, Inc.", C=US, Issuer:CN=VeriSign Universal Root Certification Authority, OU="(c) 2008 VeriSign, Inc. - For authorized use only", OU=VeriSign Trust Network, O="VeriSign, Inc.", C=US, Key type:RSA, Length:2048, Cert Id:-1976681486, Valid from:4/2/08, 7:00 AM, Valid until:12/2/37, 6:59 AM
2026-01-30 18:31:31 [main] DEBUG jdk.event.security - X509Certificate: Alg:SHA1withRSA, Serial:50:94:6c:ec:18:ea:d5:9c:4d:d5:97:ef:75:8f:a0:ad, Subject:CN=XRamp Global Certification Authority, O=XRamp Security Services Inc, OU=www.xrampsecurity.com, C=US, Issuer:CN=XRamp Global Certification Authority, O=XRamp Security Services Inc, OU=www.xrampsecurity.com, C=US, Key type:RSA, Length:2048, Cert Id:-952474086, Valid from:11/2/04, 12:14 AM, Valid until:1/1/35, 12:37 PM
2026-01-30 18:31:31 [main] DEBUG org.springframework.test.context.cache - Spring test ApplicationContext cache statistics: [DefaultContextCache@48841b10 size = 1, maxSize = 32, contextUsageCount = 1, parentContextCount = 0, hitCount = 5, missCount = 1, failureCount = 0]
2026-01-30 18:31:31 [main] DEBUG org.springframework.test.context.cache - Spring test ApplicationContext cache statistics: [DefaultContextCache@48841b10 size = 1, maxSize = 32, contextUsageCount = 1, parentContextCount = 0, hitCount = 6, missCount = 1, failureCount = 0]
2026-01-30 18:31:31 [main] DEBUG org.springframework.test.context.cache - Spring test ApplicationContext cache statistics: [DefaultContextCache@48841b10 size = 1, maxSize = 32, contextUsageCount = 1, parentContextCount = 0, hitCount = 7, missCount = 1, failureCount = 0]
2026-01-30 18:31:31 [main] DEBUG org.springframework.test.context.support.DirtiesContextTestExecutionListener - After test method: class [TestTransactionService], method [transactionList], class annotated with @DirtiesContext [false] with mode [null], method annotated with @DirtiesContext [false] with mode [null]
2026-01-30 18:31:31 [main] DEBUG org.springframework.test.context.support.DirtiesContextBeforeModesTestExecutionListener - Before test method: class [TestTransactionService], method [transactionDetail], class annotated with @DirtiesContext [false] with mode [null], method annotated with @DirtiesContext [false] with mode [null]
2026-01-30 18:31:31 [main] DEBUG org.springframework.test.context.cache - Spring test ApplicationContext cache statistics: [DefaultContextCache@48841b10 size = 1, maxSize = 32, contextUsageCount = 1, parentContextCount = 0, hitCount = 8, missCount = 1, failureCount = 0]
2026-01-30 18:31:31 [main] DEBUG org.springframework.test.context.cache - Spring test ApplicationContext cache statistics: [DefaultContextCache@48841b10 size = 1, maxSize = 32, contextUsageCount = 1, parentContextCount = 0, hitCount = 9, missCount = 1, failureCount = 0]
2026-01-30 18:31:31 [main] DEBUG org.springframework.test.context.cache - Spring test ApplicationContext cache statistics: [DefaultContextCache@48841b10 size = 1, maxSize = 32, contextUsageCount = 1, parentContextCount = 0, hitCount = 10, missCount = 1, failureCount = 0]
2026-01-30 18:31:31 [main] DEBUG org.springframework.test.context.cache - Spring test ApplicationContext cache statistics: [DefaultContextCache@48841b10 size = 1, maxSize = 32, contextUsageCount = 1, parentContextCount = 0, hitCount = 11, missCount = 1, failureCount = 0]
2026-01-30 18:31:31 [main] DEBUG org.springframework.test.context.cache - Spring test ApplicationContext cache statistics: [DefaultContextCache@48841b10 size = 1, maxSize = 32, contextUsageCount = 1, parentContextCount = 0, hitCount = 12, missCount = 1, failureCount = 0]
2026-01-30 18:31:31 [main] DEBUG org.springframework.test.context.cache - Spring test ApplicationContext cache statistics: [DefaultContextCache@48841b10 size = 1, maxSize = 32, contextUsageCount = 1, parentContextCount = 0, hitCount = 13, missCount = 1, failureCount = 0]
2026-01-30 18:31:31 [main] DEBUG org.springframework.test.context.support.DirtiesContextTestExecutionListener - After test method: class [TestTransactionService], method [transactionDetail], class annotated with @DirtiesContext [false] with mode [null], method annotated with @DirtiesContext [false] with mode [null]
2026-01-30 18:31:31 [main] DEBUG org.springframework.test.context.cache - Spring test ApplicationContext cache statistics: [DefaultContextCache@48841b10 size = 1, maxSize = 32, contextUsageCount = 1, parentContextCount = 0, hitCount = 14, missCount = 1, failureCount = 0]
2026-01-30 18:31:31 [main] DEBUG org.springframework.test.context.cache - Spring test ApplicationContext cache statistics: [DefaultContextCache@48841b10 size = 1, maxSize = 32, contextUsageCount = 1, parentContextCount = 0, hitCount = 15, missCount = 1, failureCount = 0]
2026-01-30 18:31:31 [main] DEBUG org.springframework.test.context.support.DirtiesContextTestExecutionListener - After test class: class [TestTransactionService], class annotated with @DirtiesContext [false] with mode [null]
2026-01-30 18:31:31 [main] DEBUG org.springframework.context.support.DefaultLifecycleProcessor - Stopping beans in phase 2147482623
2026-01-30 18:31:31 [main] DEBUG org.springframework.context.support.DefaultLifecycleProcessor - Stopping beans in phase 2147481599
2026-01-30 18:31:31 [main] DEBUG org.springframework.context.support.DefaultLifecycleProcessor - Stopping beans in phase 1073741823
2026-01-30 18:31:31 [main] DEBUG org.springframework.context.support.DefaultLifecycleProcessor - Bean 'applicationTaskExecutor' completed its stop procedure
2026-01-30 18:31:31 [main] DEBUG org.springframework.context.support.DefaultLifecycleProcessor - Stopping beans in phase -2147483647
2026-01-30 18:31:31 [main] DEBUG org.springframework.context.support.DefaultLifecycleProcessor - Bean 'springBootLoggingLifecycle' completed its stop procedure
2026-01-30 18:31:31 [SpringApplicationShutdownHook] DEBUG org.springframework.boot.availability.ApplicationAvailabilityBean - Application availability state ReadinessState changed from ACCEPTING_TRAFFIC to REFUSING_TRAFFIC
2026-01-30 18:31:31 [SpringApplicationShutdownHook] DEBUG org.springframework.boot.web.server.servlet.context.AnnotationConfigServletWebServerApplicationContext - Closing org.springframework.boot.web.server.servlet.context.AnnotationConfigServletWebServerApplicationContext@6f38a289, started on Fri Jan 30 18:31:15 WIB 2026
2026-01-30 18:31:31 [SpringApplicationShutdownHook] DEBUG org.springframework.context.support.DefaultLifecycleProcessor - Stopping beans in phase 2147482623
2026-01-30 18:31:31 [SpringApplicationShutdownHook] INFO  org.springframework.boot.tomcat.GracefulShutdown - Commencing graceful shutdown. Waiting for active requests to complete
2026-01-30 18:31:31 [tomcat-shutdown] INFO  org.springframework.boot.tomcat.GracefulShutdown - Graceful shutdown complete
2026-01-30 18:31:31 [tomcat-shutdown] DEBUG org.springframework.context.support.DefaultLifecycleProcessor - Bean 'webServerGracefulShutdown' completed its stop procedure
2026-01-30 18:31:31 [SpringApplicationShutdownHook] DEBUG org.springframework.context.support.DefaultLifecycleProcessor - Stopping beans in phase 2147481599
2026-01-30 18:31:31 [SpringApplicationShutdownHook] DEBUG org.springframework.context.support.DefaultLifecycleProcessor - Bean 'webServerStartStop' completed its stop procedure
2026-01-30 18:31:31 [SpringApplicationShutdownHook] DEBUG org.springframework.context.support.DefaultLifecycleProcessor - Stopping beans in phase 1073741823
2026-01-30 18:31:31 [SpringApplicationShutdownHook] DEBUG org.springframework.context.support.DefaultLifecycleProcessor - Stopping beans in phase -2147483647
2026-01-30 18:31:31 [SpringApplicationShutdownHook] INFO  org.springframework.orm.jpa.LocalContainerEntityManagerFactoryBean - Closing JPA EntityManagerFactory for persistence unit 'default'
2026-01-30 18:31:31 [SpringApplicationShutdownHook] DEBUG org.hibernate.orm.factory - HHH90020005: Closing factory [91637650-1a3f-47de-9fd5-f1d3c6e7c9dc]
2026-01-30 18:31:31 [SpringApplicationShutdownHook] INFO  com.zaxxer.hikari.HikariDataSource - HikariPool-1 - Shutdown initiated...
2026-01-30 18:31:31 [SpringApplicationShutdownHook] DEBUG com.zaxxer.hikari.pool.HikariPool - HikariPool-1 - Before shutdown stats (total=10/10, idle=10/10, active=0, waiting=0)
2026-01-30 18:31:31 [HikariPool-1:connection-closer] DEBUG com.zaxxer.hikari.pool.PoolBase - HikariPool-1 - Closing connection ConnectionID:1 ClientConnectionId: 8f73a750-5efd-43dc-a3ef-7114019b6fc7: (connection evicted)
2026-01-30 18:31:31 [HikariPool-1:connection-closer] DEBUG com.zaxxer.hikari.pool.PoolBase - HikariPool-1 - Closing connection ConnectionID:2 ClientConnectionId: d23c3542-6da0-4c1d-988b-471f91d65c15: (connection evicted)
2026-01-30 18:31:31 [HikariPool-1:connection-closer] DEBUG com.zaxxer.hikari.pool.PoolBase - HikariPool-1 - Closing connection ConnectionID:3 ClientConnectionId: 6b3bd975-af76-45fa-8d6a-00316930adeb: (connection evicted)
2026-01-30 18:31:31 [HikariPool-1:connection-closer] DEBUG com.zaxxer.hikari.pool.PoolBase - HikariPool-1 - Closing connection ConnectionID:4 ClientConnectionId: 64dfa025-0fc6-4f2b-bd01-7eb11385fe6e: (connection evicted)
2026-01-30 18:31:31 [HikariPool-1:connection-closer] DEBUG com.zaxxer.hikari.pool.PoolBase - HikariPool-1 - Closing connection ConnectionID:5 ClientConnectionId: 8a593cf8-0d06-4a37-86e8-fd7d302661df: (connection evicted)
2026-01-30 18:31:31 [HikariPool-1:connection-closer] DEBUG com.zaxxer.hikari.pool.PoolBase - HikariPool-1 - Closing connection ConnectionID:6 ClientConnectionId: 24d20c04-8ab7-4628-a319-40ad28a571f8: (connection evicted)
2026-01-30 18:31:31 [HikariPool-1:connection-closer] DEBUG com.zaxxer.hikari.pool.PoolBase - HikariPool-1 - Closing connection ConnectionID:7 ClientConnectionId: c2ff91b0-6dd8-408f-83be-623250845f1a: (connection evicted)
2026-01-30 18:31:31 [HikariPool-1:connection-closer] DEBUG com.zaxxer.hikari.pool.PoolBase - HikariPool-1 - Closing connection ConnectionID:8 ClientConnectionId: 7617f4b4-57df-41ce-93e3-5a8b1c65c42d: (connection evicted)
2026-01-30 18:31:31 [HikariPool-1:connection-closer] DEBUG com.zaxxer.hikari.pool.PoolBase - HikariPool-1 - Closing connection ConnectionID:9 ClientConnectionId: 0bdd572e-364b-4287-9c6f-2414f19089a6: (connection evicted)
2026-01-30 18:31:31 [HikariPool-1:connection-closer] DEBUG com.zaxxer.hikari.pool.PoolBase - HikariPool-1 - Closing connection ConnectionID:10 ClientConnectionId: 3d21b620-56b2-4929-808b-1f104eaf7d72: (connection evicted)
2026-01-30 18:31:31 [SpringApplicationShutdownHook] DEBUG com.zaxxer.hikari.pool.HikariPool - HikariPool-1 - After  shutdown stats (total=0/10, idle=0/10, active=0, waiting=0)
2026-01-30 18:31:31 [SpringApplicationShutdownHook] INFO  com.zaxxer.hikari.HikariDataSource - HikariPool-1 - Shutdown completed.
2026-01-30 18:31:31 [SpringApplicationShutdownHook] DEBUG org.springframework.scheduling.concurrent.ThreadPoolTaskExecutor - Shutting down ExecutorService 'applicationTaskExecutor'
2026-01-30 18:36:20 [main] DEBUG org.testng.TestNG - suiteXmlPath: "C:\Users\Michael\AppData\Local\JetBrains\IdeaIC2025.2\temp-testng-customsuite.xml"
2026-01-30 18:36:20 [main] INFO  org.testng.internal.Utils - [TestNG] Running:
  C:\Users\Michael\AppData\Local\JetBrains\IdeaIC2025.2\temp-testng-customsuite.xml

2026-01-30 18:36:22 [main] DEBUG org.testng.TestNG - suiteXmlPath: "C:\Users\Michael\AppData\Local\JetBrains\IdeaIC2025.2\temp-testng-customsuite.xml"
2026-01-30 18:36:22 [main] INFO  org.testng.internal.Utils - [TestNG] Running:
  C:\Users\Michael\AppData\Local\JetBrains\IdeaIC2025.2\temp-testng-customsuite.xml

2026-01-30 18:36:56 [main] DEBUG org.testng.TestNG - suiteXmlPath: "C:\Users\Michael\AppData\Local\JetBrains\IdeaIC2025.2\temp-testng-customsuite.xml"
2026-01-30 18:36:56 [main] INFO  org.testng.internal.Utils - [TestNG] Running:
  C:\Users\Michael\AppData\Local\JetBrains\IdeaIC2025.2\temp-testng-customsuite.xml

2026-01-30 18:37:09 [main] DEBUG org.testng.TestNG - suiteXmlPath: "C:\Users\Michael\AppData\Local\JetBrains\IdeaIC2025.2\temp-testng-customsuite.xml"
2026-01-30 18:37:09 [main] INFO  org.testng.internal.Utils - [TestNG] Running:
  C:\Users\Michael\AppData\Local\JetBrains\IdeaIC2025.2\temp-testng-customsuite.xml

2026-01-30 18:37:23 [main] DEBUG org.testng.TestNG - suiteXmlPath: "C:\Users\Michael\AppData\Local\JetBrains\IdeaIC2025.2\temp-testng-customsuite.xml"
2026-01-30 18:37:24 [main] INFO  org.testng.internal.Utils - [TestNG] Running:
  C:\Users\Michael\AppData\Local\JetBrains\IdeaIC2025.2\temp-testng-customsuite.xml

2026-01-30 18:38:00 [main] DEBUG org.testng.TestNG - suiteXmlPath: "C:\Users\Michael\AppData\Local\JetBrains\IdeaIC2025.2\temp-testng-customsuite.xml"
2026-01-30 18:38:01 [main] INFO  org.testng.internal.Utils - [TestNG] Running:
  C:\Users\Michael\AppData\Local\JetBrains\IdeaIC2025.2\temp-testng-customsuite.xml

